<?xml version="1.0" encoding="UTF-8"?><akomaNtoso xmlns="http://docs.oasis-open.org/legaldocml/ns/akn/3.0" xmlns:fmx="http://formex.publications.europa.eu/schema/formex-05.21-20110601.xd" xmlns:leos="urn:eu:europa:ec:leos" xmlns:xs="http://www.w3.org/2001/XMLSchema"><bill name=""><meta xmlns:fn="http://www.w3.org/2005/xpath-functions"><identification source="~COM"><FRBRWork><FRBRthis value=""/><FRBRuri value=""/><FRBRdate date="2999-01-01" name=""/><FRBRauthor href=""/><FRBRcountry value=""/></FRBRWork><FRBRExpression><FRBRthis value=""/><FRBRuri value=""/><FRBRdate date="2999-01-01" name=""/><FRBRauthor href=""/><FRBRlanguage language="eng"/></FRBRExpression><FRBRManifestation><FRBRthis value=""/><FRBRuri value=""/><FRBRdate date="2999-01-01" name=""/><FRBRauthor href=""/></FRBRManifestation></identification></meta><preface><longTitle><p><docStage/><docType>COUNCIL DECISION (CFSP) 2020/120</docType>of 28 January 2020<docPurpose>amending Decision 2014/145/CFSP concerning restrictive measures in respect of actions undermining or threatening the territorial integrity, sovereignty and independence of Ukraine</docPurpose></p></longTitle></preface><preamble><formula name="actingEntity"><p>THE COUNCIL OF THE EUROPEAN UNION,</p></formula><citations><citation><p>Having regard to the Treaty on European Union, and in particular Article 29 thereof,</p></citation><citation><p>Having regard to the proposal from the High Representative of the Union for Foreign Affairs and Security Policy,</p></citation></citations><recitals xml:id="recs_d41e59"><intro><p>Whereas:</p></intro><recital xml:id="rec_d41e62"><num>(1)</num><p>On 17 March 2014, the Council adopted Decision 2014/145/CFSP<authorialNote placement="bottom" marker="1"><p>Council Decision 2014/145/CFSP of 17 March 2014 concerning restrictive measures in respect of actions undermining or threatening the territorial integrity, sovereignty and independence of Ukraine (OJ L 78, 17.3.2014, p. 16).</p></authorialNote>.</p></recital><recital xml:id="rec_d41e81"><num>(2)</num><p>Following the organisation by the Russian Federation of so‐called &apos;local elections&apos; on 8 September 2019 in the illegally annexed Autonomous Republic of Crimea and the City of Sevastopol in Ukraine, the Council considers that seven persons should be added to the list of persons, entities and bodies subject to restrictive measures as set out in the Annex to Decision 2014/145/CFSP.</p></recital><recital xml:id="rec_d41e94"><num>(3)</num><p>The Annex to Decision 2014/145/CFSP should therefore be amended accordingly,</p></recital></recitals><formula name="enactingFormula"><p>HAS ADOPTED THIS DECISION:</p></formula></preamble><body><article xml:id="art_d41e103"><num>Article 1</num><heading/><paragraph><content><p>The persons listed in the Annex to this Decision shall be added to the list set out in the Annex to Decision 2014/145/CFSP.</p></content></paragraph></article><article xml:id="art_d41e108"><num>Article 2</num><heading/><paragraph><content><p>This Decision shall enter into force on the day of its publication in the <i>Official Journal of the European Union</i>.</p></content></paragraph></article></body><conclusions><p>Done at Brussels, 28 January 2020.</p><block name="signatory"><signature><organization refersTo="">For the Council</organization><role refersTo="">The President</role><person refersTo="">A. METELKO-ZGOMBIĆ</person></signature></block></conclusions></bill></akomaNtoso>