<?xml version="1.0" encoding="UTF-8"?>L0092020EN610120200115EN0003613631312020---<p xmlns="http://docs.oasis-open.org/legaldocml/ns/akn/3.0"><!--default P | TXT -->Only the original UN/ECE texts have legal effect under international public law. The status and date of entry into force of this Regulation should be checked in the latest version of the UN/ECE status document TRANS/WP.29/343, available at: http://www.unece.org/trans/main/wp29/wp29wgs/wp29gen/wp29fdocstts.html</p><p xmlns="http://docs.oasis-open.org/legaldocml/ns/akn/3.0">UN Regulation No 53 &#45; Uniform provisions concerning the approval of category L<sub>3</sub> vehicles with regard to the installation of lighting and light-signalling devices [2020/31]</p><p xmlns="http://docs.oasis-open.org/legaldocml/ns/akn/3.0"><!--default P | TXT -->Incorporating all valid text up to:</p><p xmlns="http://docs.oasis-open.org/legaldocml/ns/akn/3.0"><!--default P | TXT -->Supplement 2 to the 02 series of amendments &#45;&#45; Date of entry into force: 15 October 2019</p><!--GR.SEQ is a special position => not treated --><!--GR.SEQ is a special position => not treated --><!--GR.SEQ is a special position => not treated --><!--GR.SEQ is a special position => not treated --><!--GR.SEQ is a special position => not treated --><!--GR.SEQ is a special position => not treated --><!--GR.SEQ is a special position => not treated --><!--GR.SEQ is a special position => not treated --><!--GR.SEQ is a special position => not treated --><!--GR.SEQ is a special position => not treated --><!--GR.SEQ is a special position => not treated --><!--GR.SEQ is a special position => not treated -->