<?xml version="1.0" encoding="UTF-8"?><akomaNtoso xmlns="http://docs.oasis-open.org/legaldocml/ns/akn/3.0" xmlns:fmx="http://formex.publications.europa.eu/schema/formex-05.21-20110601.xd" xmlns:leos="urn:eu:europa:ec:leos" xmlns:xs="http://www.w3.org/2001/XMLSchema"><bill name=""><meta xmlns:fn="http://www.w3.org/2005/xpath-functions"><identification source="~COM"><FRBRWork><FRBRthis value=""/><FRBRuri value=""/><FRBRdate date="2999-01-01" name=""/><FRBRauthor href=""/><FRBRcountry value=""/></FRBRWork><FRBRExpression><FRBRthis value=""/><FRBRuri value=""/><FRBRdate date="2999-01-01" name=""/><FRBRauthor href=""/><FRBRlanguage language="eng"/></FRBRExpression><FRBRManifestation><FRBRthis value=""/><FRBRuri value=""/><FRBRdate date="2999-01-01" name=""/><FRBRauthor href=""/></FRBRManifestation></identification></meta><preface><longTitle><p><docStage/><docType>COMMISSION IMPLEMENTING DECISION (EU) 2020/439</docType>of 24 March 2020<docPurpose>on the harmonised standards for in vitro diagnostic medical devices drafted in support of Directive 98/79/EC of the European Parliament and of the Council</docPurpose></p></longTitle></preface><preamble><formula name="actingEntity"><p>THE EUROPEAN COMMISSION,</p></formula><citations><citation><p>Having regard to the Treaty on the Functioning of the European Union,</p></citation><citation><p>Having regard to Regulation (EU) No 1025/2012 of the European Parliament and of the Council of 25 October 2012 on European standardisation, amending Council Directives 89/686/EEC and 93/15/EEC and Directives 94/9/EC, 94/25/EC, 95/16/EC, 97/23/EC, 98/34/EC, 2004/22/EC, 2007/23/EC, 2009/23/EC and 2009/105/EC of the European Parliament and of the Council and repealing Council Decision 87/95/EEC and Decision No 1673/2006/EC of the European Parliament and of the Council<authorialNote placement="bottom" marker="1"><p>OJ L 316, 14.11.2012, p. 12.</p></authorialNote>, and in particular Article 10(6) thereof,</p></citation></citations><recitals xml:id="recs_d231e71"><intro><p>Whereas:</p></intro><recital xml:id="rec_d231e74"><num>(1)</num><p>In accordance with Article 5(1) of Directive 98/79/EC of the European Parliament and of the Council<authorialNote placement="bottom" marker="2"><p>Directive 98/79/EC of the European Parliament and of the Council of 27 October 1998 on in vitro diagnostic medical devices (OJ L 331, 7.12.1998, p. 1).</p></authorialNote>, Member States are to presume compliance with the essential requirements referred to in Article 3 of that Directive in respect of in vitro diagnostic medical devices which are in conformity with the relevant national standards transposing the harmonised standards the reference numbers of which have been published in the <i>Official Journal of the European Union.</i></p></recital><recital xml:id="rec_d231e92"><num>(2)</num><p>By letter BC/CEN/CENELEC/09/89 of 19 December 1991, the Commission made a request to the European Committee for Standardisation (CEN) and the European Committee for Electrotechnical Standardisation (Cenelec) for the drafting of new harmonised standards and the revision of existing harmonised standards in support of Directive 98/79/EC.</p></recital><recital xml:id="rec_d231e101"><num>(3)</num><p>On the basis of the request BC/CEN/CENELEC/09/89 of 19 December 1991, CEN revised the harmonised standards EN ISO 11137-1:2015, EN ISO 13408-2:2011 and EN ISO 13485:2016, the references of which have been published in the <i>Official Journal of the European Union</i><authorialNote placement="bottom" marker="3"><p>OJ C 389, 17.11.2017, p. 62.</p></authorialNote>, in order to include the latest technical and scientific progress. This resulted in the adoption of the harmonised standards EN ISO 11137-1:2015/A2:2019 and EN ISO 13408-2:2018 and the corrigendum EN ISO 13485:2016/AC:2018.</p></recital><recital xml:id="rec_d231e118"><num>(4)</num><p>The Commission together with CEN has assessed whether the harmonised standards EN ISO 11137-1:2015/A2:2019 and EN ISO 13408-2:2018 and the corrigendum EN ISO 13485:2016/AC:2018 comply with the request.</p></recital><recital xml:id="rec_d231e124"><num>(5)</num><p>The harmonised standards EN ISO 11137-1:2015/A2:2019 and EN ISO 13408-2:2018 and the corrigendum EN ISO 13485:2016/AC:2018 satisfy the requirements which they aim to cover and which are set out in Directive 98/79/EC. It is therefore appropriate to publish the references of those standards and of the corrigendum in the <i>Official Journal of the European Union</i>.</p></recital><recital xml:id="rec_d231e133"><num>(6)</num><p>The harmonised standards EN ISO 11137-1:2015/A2:2019 and EN ISO 13408-2:2018 and the corrigendum EN ISO 13485:2016/AC:2018 replace the harmonised standards EN ISO 11137-1:2015 and EN ISO 13408-2:2011 and the corrigendum EN ISO 13485:2016/AC:2016 respectively. It is therefore necessary to withdraw the references of the harmonised standards EN ISO 11137-1:2015 and EN ISO 13408-2:2011 and the corrigendum EN ISO 13485:2016/AC:2016 from the <i>Official Journal of the European Union</i>. In order to give manufacturers sufficient time to adapt their products to the revised specifications in standards EN ISO 11137-1:2015/A2:2019, EN ISO 13408-2:2018 and the corrigendum EN ISO 13485:2016/AC:2018, it is necessary to defer the withdrawal of the reference of the standards EN ISO 11137-1:2015, EN ISO 13408-2:2011 and the corrigendum EN ISO 13485:2016/AC:2016.</p></recital><recital xml:id="rec_d231e143"><num>(7)</num><p>On the basis of the request BC/CEN/CENELEC/09/89 of 19 December 1991, CEN drafted the new harmonised standard EN ISO 25424:2019. The Commission together with CEN has assessed whether that standard complies with the request.</p></recital><recital xml:id="rec_d231e152"><num>(8)</num><p>The harmonised standard EN ISO 25424:2019 satisfies the requirements which it aims to cover and which are set out in Directive 98/79/EC. It is therefore appropriate to publish the reference of that standard in the <i>Official Journal of the European Union</i>.</p></recital><recital xml:id="rec_d231e161"><num>(9)</num><p>In the interests of clarity and legal certainty, a complete list of references of harmonised standards drafted in support of Directive 98/79/EC and satisfying the essential requirements they aim to cover should be published in one act. The other references of standards published in the Commission communication 2017/C 389/04<authorialNote placement="bottom" marker="4"><p>Commission communication in the framework of the implementation of the Directive 98/79/EC of the European Parliament and of the Council on <i>in vitro</i> diagnostic medical devices (2017/C 389/04) (OJ C 389, 17.11.2017, p. 62).</p></authorialNote> should therefore also be included in this Decision. That Communication should therefore be repealed from the date of entry into force of this Decision. However, it should continue to apply in respect of the references of the standards that are withdrawn by this Decision, given that it is necessary to defer the withdrawal of those references.</p></recital><recital xml:id="rec_d231e178"><num>(10)</num><p>In accordance with the second subparagraph of Article 110(2) of Regulation (EU) 2017/746 of the European Parliament and of the Council<authorialNote placement="bottom" marker="5"><p>Regulation (EU) 2017/746 of the European Parliament and of the Council of 5 April 2017 on <i>in vitro</i> diagnostic medical devices and repealing Directive 98/79/EC and Commission Decision 2010/227/EU (OJ L 117, 5.5.2017, p. 176).</p></authorialNote> certificates issued by notified bodies in accordance with Directive 98/79/EC from 25 May 2017 are to become void by 27 May 2024. In accordance with the first subparagraph of Article 110(3) of Regulation (EU) 2017/746 a device with a certificate that was issued in accordance with Directive 98/79/EC and which is valid by virtue of Article 110(2) of Regulation (EU) 2017/746 may only be placed on the market or put into service provided that from 26 May 2022 it continues to comply with Directive 98/79/EC, and provided there are no significant changes in the design and intended purpose. This Decision should therefore apply only until 26 May 2024.</p></recital><recital xml:id="rec_d231e209"><num>(11)</num><p>The requirements for <i>in vitro</i> diagnostic medical devices laid down in Directive 98/79/EC are different from those laid down in Regulation (EU) 2017/746. The standards drafted in support of Directive 98/79/EC should therefore not be used to demonstrate conformity with the requirements of Regulation (EU) 2017/746.</p></recital><recital xml:id="rec_d231e218"><num>(12)</num><p>Compliance with a harmonised standard confers a presumption of conformity with the corresponding essential requirements set out in Union harmonisation legislation from the date of publication of the reference of such standard in the <i>Official Journal of the European Union</i>. This Decision should therefore enter into force on the date of its publication,</p></recital></recitals><formula name="enactingFormula"><p>HAS ADOPTED THIS DECISION:</p></formula></preamble><body><article xml:id="art_d231e230"><num>Article 1</num><heading/><paragraph><content><p>The references of the harmonised standards for <i>in vitro</i> diagnostic medical devices drafted in support of Directive 98/79/EC and listed in Annex I to this Decision are hereby published in the <i>Official Journal of the European Union</i>.</p></content></paragraph></article><article xml:id="art_d231e241"><num>Article 2</num><heading/><paragraph><content><p>Commission communication 2017/C 389/04 is repealed. It shall continue to apply until 30 September 2021 in respect of the references of the harmonised standards listed in Annex II to this Decision.</p></content></paragraph></article><article xml:id="art_d231e249"><num>Article 3</num><heading/><paragraph><content><p>The harmonised standards for <i>in vitro</i> diagnostic medical devices drafted in support of Directive 98/79/EC and listed in Annexes I and II to this Decision may not be used to confer presumption of conformity with the requirements of Regulation (EU) 2017/746.</p></content></paragraph></article><article xml:id="art_d231e258"><num>Article 4</num><heading/><paragraph><content><p>This Decision shall enter into force on the day of its publication in the <i>Official Journal of the European Union</i>.</p></content></paragraph><paragraph><content><p>It shall apply until 26 May 2024.</p></content></paragraph></article></body><conclusions><p>Done at Brussels, 24 March 2020.</p><block name="signatory"><signature><organization refersTo="">For the Commission</organization><role refersTo="">The President</role><person refersTo="">Ursula VON DER LEYEN</person></signature></block></conclusions></bill></akomaNtoso>