<?xml version="1.0" encoding="UTF-8"?><akomaNtoso xmlns="http://docs.oasis-open.org/legaldocml/ns/akn/3.0" xmlns:fmx="http://formex.publications.europa.eu/schema/formex-05.21-20110601.xd" xmlns:leos="urn:eu:europa:ec:leos" xmlns:xs="http://www.w3.org/2001/XMLSchema"><bill name=""><meta xmlns:fn="http://www.w3.org/2005/xpath-functions"><identification source="~COM"><FRBRWork><FRBRthis value=""/><FRBRuri value=""/><FRBRdate date="2999-01-01" name=""/><FRBRauthor href=""/><FRBRcountry value=""/></FRBRWork><FRBRExpression><FRBRthis value=""/><FRBRuri value=""/><FRBRdate date="2999-01-01" name=""/><FRBRauthor href=""/><FRBRlanguage language="eng"/></FRBRExpression><FRBRManifestation><FRBRthis value=""/><FRBRuri value=""/><FRBRdate date="2999-01-01" name=""/><FRBRauthor href=""/></FRBRManifestation></identification></meta><preface><longTitle><p><docStage/><docType>COUNCIL DECISION (EU) 2020/255</docType>of 17 February 2020<docPurpose>on the conclusion on behalf of the Union of the Agreement between the European Union and the Government of the People&apos;s Republic of China on certain aspects of air services</docPurpose></p></longTitle></preface><preamble><formula name="actingEntity"><p>THE COUNCIL OF THE EUROPEAN UNION,</p></formula><citations><citation><p>Having regard to the Treaty on the Functioning of the European Union, and in particular Article 100(2), in conjunction with Article 218(6)(a) thereof,</p></citation><citation><p>Having regard to the proposal from the European Commission,</p></citation><citation><p>Having regard to the consent of the European Parliament<authorialNote placement="bottom" marker="1"><p>Consent of 15 January 2020 (not yet published in the Official Journal).</p></authorialNote>,</p></citation></citations><recitals xml:id="recs_d117e68"><intro><p>Whereas:</p></intro><recital xml:id="rec_d117e71"><num>(1)</num><p>In accordance with Council Decision (EU) 2018/1152<authorialNote placement="bottom" marker="2"><p>Council Decision (EU) 2018/1152 of 26 June 2018 on the signing on behalf of the Union of the Agreement between the European Union and the Government of the People&apos;s Republic of China on certain aspects of air services (OJ L 210, 21.8.2018, p. 1).</p></authorialNote>, the Agreement between the European Union and the Government of the People&apos;s Republic of China on certain aspects of air services (the &apos;Agreement&apos;) has been signed, subject to its conclusion at a later date.</p></recital><recital xml:id="rec_d117e91"><num>(2)</num><p>The objective of the Agreement is to bring bilateral air services agreements between 27 Member States and the People&apos;s Republic of China in line with Union law.</p></recital><recital xml:id="rec_d117e97"><num>(3)</num><p>The Agreement should be approved on behalf of the Union,</p></recital></recitals><formula name="enactingFormula"><p>HAS ADOPTED THIS DECISION:</p></formula></preamble><body><article xml:id="art_d117e106"><num>Article 1</num><heading/><paragraph><content><p>The Agreement between the European Union and the Government of the People&apos;s Republic of China on certain aspects of air services (the &apos;Agreement&apos;) is hereby approved on behalf of the Union<authorialNote placement="bottom" marker="3"><p>See page 3 of this Official Journal.</p></authorialNote>.</p></content></paragraph></article><article xml:id="art_d117e119"><num>Article 2</num><heading/><paragraph><content><p>The President of the Council shall, on behalf of the Union, give the notification provided for in Article 6(1) of the Agreement<authorialNote placement="bottom" marker="4"><p>The date of entry into force of the Agreement will be published in the <i>Official Journal of the European Union</i> by the General Secretariat of the Council.</p></authorialNote>.</p></content></paragraph></article><article xml:id="art_d117e132"><num>Article 3</num><heading/><paragraph><content><p>This Decision shall enter into force on the date of its adoption.</p></content></paragraph></article></body><conclusions><p>Done at Brussels, 17 February 2020.</p><block name="signatory"><signature><organization refersTo="">For the Council</organization><role refersTo="">The President</role><person refersTo="">J. BORRELL FONTELLES</person></signature></block></conclusions></bill></akomaNtoso>