<?xml version="1.0" encoding="UTF-8"?><akomaNtoso xmlns="http://docs.oasis-open.org/legaldocml/ns/akn/3.0" xmlns:fmx="http://formex.publications.europa.eu/schema/formex-05.21-20110601.xd" xmlns:leos="urn:eu:europa:ec:leos" xmlns:xs="http://www.w3.org/2001/XMLSchema"><bill name=""><meta xmlns:fn="http://www.w3.org/2005/xpath-functions"><identification source="~COM"><FRBRWork><FRBRthis value=""/><FRBRuri value=""/><FRBRdate date="2999-01-01" name=""/><FRBRauthor href=""/><FRBRcountry value=""/></FRBRWork><FRBRExpression><FRBRthis value=""/><FRBRuri value=""/><FRBRdate date="2999-01-01" name=""/><FRBRauthor href=""/><FRBRlanguage language="eng"/></FRBRExpression><FRBRManifestation><FRBRthis value=""/><FRBRuri value=""/><FRBRdate date="2999-01-01" name=""/><FRBRauthor href=""/></FRBRManifestation></identification></meta><preface><longTitle><p><docStage/><docType>COUNCIL DECISION (CFSP) 2020/215</docType>of 17 February 2020<docPurpose>amending Decision 2011/101/CFSP concerning restrictive measures against Zimbabwe</docPurpose></p></longTitle></preface><preamble><formula name="actingEntity"><p>THE COUNCIL OF THE EUROPEAN UNION,</p></formula><citations><citation><p>Having regard to the Treaty on European Union, and in particular Article 29 thereof,</p></citation><citation><p>Having regard to the proposal from the High Representative of the Union for Foreign Affairs and Security Policy,</p></citation></citations><recitals xml:id="recs_d305e59"><intro><p>Whereas:</p></intro><recital xml:id="rec_d305e62"><num>(1)</num><p>On 15 February 2011, the Council adopted Decision 2011/101/CFSP<authorialNote placement="bottom" marker="1"><p>Council Decision 2011/101/CFSP of 15 February 2011 concerning restrictive measures against Zimbabwe (OJ L 42, 16.2.2011, p. 6).</p></authorialNote>.</p></recital><recital xml:id="rec_d305e81"><num>(2)</num><p>The Council has carried out a review of Decision 2011/101/CFSP, taking into account the political situation in Zimbabwe.</p></recital><recital xml:id="rec_d305e87"><num>(3)</num><p>The restrictive measures should be extended until 20 February 2021. The Council should keep those restrictive measures under constant review in the light of political and security developments in Zimbabwe.</p></recital><recital xml:id="rec_d305e96"><num>(4)</num><p>Taking into account the situation in Zimbabwe, it is appropriate to amend the title of Decision 2011/101/CFSP.</p></recital><recital xml:id="rec_d305e102"><num>(5)</num><p>The entry for one deceased person should be deleted from the list of designated persons and entities in Annex I to Decision 2011/101/CFSP. The restrictive measures should be renewed for four persons and one entity in Annex I to Decision 2011/101/CFSP. The restrictive measures should be suspended for one person. The suspension of the restrictive measures should be renewed for three persons listed in Annex II to Decision 2011/101/CFSP.</p></recital><recital xml:id="rec_d305e108"><num>(6)</num><p>Decision 2011/101/CFSP should be amended accordingly,</p></recital></recitals><formula name="enactingFormula"><p>HAS ADOPTED THIS DECISION:</p></formula></preamble><body><article xml:id="art_d305e117" leos:compliant="false"><num>Article 1</num><heading/><paragraph><subparagraph><content><p>Decision 2011/101/CFSP is amended as follows:</p></content></subparagraph><list><point><num>(1)</num><alinea><content><p>the title is replaced by the following:</p></content></alinea><alinea><content><p><mod><quotedStructure startQuote="" endQuote=""><alinea><content><p>&apos;<b>Council Decision 2011/101/CFSP concerning restrictive measures in view of the situation in Zimbabwe</b>&apos;;</p></content></alinea></quotedStructure></mod></p></content></alinea></point><point><num>(2)</num><alinea><content><p>Article 10 is replaced by the following:</p></content></alinea><alinea><content><p><mod><quotedStructure startQuote="" endQuote=""><article xml:id="art_d305e146"><num>&apos;Article 10</num><heading/><paragraph><num>1.</num><content><p>This Decision shall enter into force on the date of its adoption.</p></content></paragraph><paragraph><num>2.</num><content><p>This Decision shall apply until 20 February 2021.</p></content></paragraph><paragraph><num>3.</num><content><p>The measures referred to in Article 4(1) and Article 5(1) and (2), in so far as they apply to persons listed in Annex II, shall be suspended until 20 February 2021.</p></content></paragraph><paragraph><num>4.</num><content><p>This Decision shall be kept under constant review and shall be renewed, or amended as appropriate, if the Council deems that its objectives have not been met.&apos;;</p></content></paragraph></article></quotedStructure></mod></p></content></alinea></point><point><num>(3)</num><content><p>Annex I is amended as set out in Annex I to this Decision;</p></content></point><point><num>(4)</num><content><p>Annex II is amended as set out in Annex II to this Decision.</p></content></point></list></paragraph></article><article xml:id="art_d305e191"><num>Article 2</num><heading/><paragraph><content><p>This Decision shall enter into force on the date of its publication in the <i>Official Journal of the European Union</i>.</p></content></paragraph></article></body><conclusions><p>Done at Brussels, 17 February 2020.</p><block name="signatory"><signature><organization refersTo="">For the Council</organization><role refersTo="">The President</role><person refersTo="">J. BORRELL FONTELLES.</person></signature></block></conclusions></bill></akomaNtoso>