<?xml version="1.0" encoding="UTF-8"?><akomaNtoso xmlns="http://docs.oasis-open.org/legaldocml/ns/akn/3.0" xmlns:fmx="http://formex.publications.europa.eu/schema/formex-05.21-20110601.xd" xmlns:leos="urn:eu:europa:ec:leos" xmlns:xs="http://www.w3.org/2001/XMLSchema"><bill name=""><meta xmlns:fn="http://www.w3.org/2005/xpath-functions"><identification source="~COM"><FRBRWork><FRBRthis value=""/><FRBRuri value=""/><FRBRdate date="2999-01-01" name=""/><FRBRauthor href=""/><FRBRcountry value=""/></FRBRWork><FRBRExpression><FRBRthis value=""/><FRBRuri value=""/><FRBRdate date="2999-01-01" name=""/><FRBRauthor href=""/><FRBRlanguage language="eng"/></FRBRExpression><FRBRManifestation><FRBRthis value=""/><FRBRuri value=""/><FRBRdate date="2999-01-01" name=""/><FRBRauthor href=""/></FRBRManifestation></identification></meta><preface><longTitle><p><docStage/><docType>COMMISSION REGULATION (EU) 2020/268</docType>of 26 February 2020<docPurpose>amending Annex III to Regulation (EC) No 1333/2008 of the European Parliament and of the Council as regards the use of sorbic acid (E 200) in liquid colour preparations for the decorative colouring of egg shells</docPurpose></p></longTitle><container name="EEArelevance"><p>(Text with EEA relevance)</p></container></preface><preamble><formula name="actingEntity"><p>THE EUROPEAN COMMISSION,</p></formula><citations><citation><p>Having regard to the Treaty on the Functioning of the European Union,</p></citation><citation><p>Having regard to Regulation (EC) No 1333/2008 of the European Parliament and of the Council of 16 December 2008 on food additives<authorialNote placement="bottom" marker="1"><p>OJ L 354, 31.12.2008, p. 16.</p></authorialNote>, and in particular Article 10(3) thereof,</p></citation></citations><recitals xml:id="recs_d124e71"><intro><p>Whereas:</p></intro><recital xml:id="rec_d124e74"><num>(1)</num><p>Annex III to Regulation (EC) No 1333/2008 lays down a Union list of food additives approved for use in food additives, food enzymes, food flavourings, nutrients and their conditions of use.</p></recital><recital xml:id="rec_d124e80"><num>(2)</num><p>That list may be updated in accordance with the common procedure referred to in Article 3(1) of Regulation (EC) No 1331/2008 of the European Parliament and of the Council<authorialNote placement="bottom" marker="2"><p>Regulation (EC) No 1331/2008 of the European Parliament and of the Council of 16 December 2008 establishing a common authorisation procedure for food additives, food enzymes and food flavourings (OJ L 354, 31.12.2008, p. 1).</p></authorialNote>, either on the initiative of the Commission or following an application.</p></recital><recital xml:id="rec_d124e96"><num>(3)</num><p>Pursuant to Part 2 of Annex III to Regulation (EC) No 1333/2008, sorbic acid (E 200) is an already authorised food additive in colour preparations at a maximum level of 1500 mg/kg in the preparation, singly or in combination with potassium sorbate (E 202), benzoic acid (E 210), sodium benzoate (E 211) and potassium benzoate (E 212), and at a maximum level of 15 mg/kg in the final product, expressed as the free acid.</p></recital><recital xml:id="rec_d124e105"><num>(4)</num><p>On 27 April 2017, an application was submitted for the authorisation of the use of a higher maximum level of sorbic acid (E 200), 2500 mg/kg, in liquid colour preparations for sale to the final consumer for the decorative colouring of egg shells. The application was subsequently made available to the Member States by the Commission pursuant to Article 4 of Regulation (EC) No 1331/2008.</p></recital><recital xml:id="rec_d124e117"><num>(5)</num><p>Sorbic acid (E 200) is used as a preservative in colour preparations. The applicant has demonstrated that the currently authorised maximum level of sorbic acid (E 200) in colour preparations of 1500 mg/kg is not sufficient to consistently ensure appropriate preservation, and consequently microbiological safety, of liquid colour preparations for the decorative colouring of egg shells. This is due to the use of food colours from natural origin in the preparations, which are not sterile, and the needed shelf life for such a seasonal product. The application shows that the level of sorbic acid (E 200) needed to achieve the intended technological function was 2500 mg/kg in the colour preparations. It results from the tests carried out by the applicant that, under normal use (colouring of undamaged to slightly damaged eggs), the migration of sorbic acid (E 200) from the egg shell to the edible part of the egg is below the level of detection of 5 mg/kg. Consequently, according to the application, the requested higher level of sorbic acid (E 200) in liquid colour preparations for the decorative colouring of egg shells would not lead to an increase of the exposure of consumers to sorbic acid (E 200).</p></recital><recital xml:id="rec_d124e129"><num>(6)</num><p>On 30 June 2015, the European Food Safety Authority (&apos;the Authority&apos;) issued a Scientific Opinion on the re-evaluation of, among others, sorbic acid (E 200) and potassium sorbate (E 202)<authorialNote placement="bottom" marker="3"><p><i>EFSA Journal</i> 2015;13(6):4144.</p></authorialNote>, as a result of which it established a new temporary group acceptable daily intake (&apos;ADI&apos;) for sorbic acid (E 200) and potassium sorbate (E 202), expressed as 3 mg sorbic acid/kg bw/day. The Authority concluded that this temporary group ADI for sorbic acid (E 200) and potassium sorbate (E 202) was exceeded at the high intake level in the toddler and children population groups in one country. The Authority recommended that a further reproductive toxicity study is performed in order to reconsider the temporary group ADI for sorbic acid (E 200) and potassium sorbate (E 202).</p></recital><recital xml:id="rec_d124e154"><num>(7)</num><p>On 10 June 2016, the Commission launched a public call for scientific and technological data on, among others, sorbic acid (E 200) and potassium sorbate (E 202)<authorialNote placement="bottom" marker="4"><p>http://ec.europa.eu/food/safety/food_improvement_agents/additives/re-evaluation_en</p></authorialNote>, targeting the data needs identified by the Authority. Business operators have carried out the reproductive toxicity study in rats recommended by the Authority for sorbic acid (E 200) and potassium sorbate (E 202), the data from which were sent to the Authority for evaluation. As a result, on 1 March 2019, the Authority published a scientific opinion on the follow-up of the re-evaluation of sorbic acid (E 200) and potassium sorbate (E 202) as food additives<authorialNote placement="bottom" marker="5"><p><i>EFSA Journal</i> 2019;17(3):5625.</p></authorialNote>. On the basis of the new reproductive toxicity data, the Authority established a group ADI, expressed as 11 mg sorbic acid/kg bw per day for sorbic acid (E 200) and potassium sorbate (E 202). The Authority compared this new group ADI to the most realistic exposure assessment scenario estimated in its Scientific Opinion of 30 June 2015, and noted that such exposure did not exceed the group ADI in any population group, neither at the mean nor at the high intake levels.</p></recital><recital xml:id="rec_d124e179"><num>(8)</num><p>Pursuant to Article 3(2) of Regulation (EC) No 1331/2008, the Commission is to seek the opinion of the Authority in order to update the Union list of food additives set out in Annex III to Regulation (EC) No 1333/2008, except where the update in question is not liable to have an effect on human health.</p></recital><recital xml:id="rec_d124e185"><num>(9)</num><p>The extended use of sorbic acid (E 200) in liquid colour preparations for the decorative colouring of egg shells, requested by the applicant, requires an update of the Union list. The extended use of sorbic acid (E 200) does not lead to an increase of the exposure to sorbic acid (E 200) and is not liable to have an effect on human health. Moreover, according to the Authority, the exposure to sorbic acid (E 200) and to potassium sorbate (E 202) under the already authorised uses and use levels is not of safety concern, as it does not lead to the exceedance of the ADI. Consequently, is not necessary to seek the opinion of the Authority.</p></recital><recital xml:id="rec_d124e192"><num>(10)</num><p>Therefore, it is appropriate to authorise the use of sorbic acid (E 200) as a preservative in liquid colour preparations for the sale to the final consumer for the decorative colouring of egg shells at the maximum level of 2500 mg/kg in the preparation.</p></recital><recital xml:id="rec_d124e201"><num>(11)</num><p>Annex III to Regulation (EC) No 1333/2008 should therefore be amended accordingly.</p></recital><recital xml:id="rec_d124e207"><num>(12)</num><p>The measures provided for in this Regulation are in accordance with the opinion of the Standing Committee on Plants, Animals, Food and Feed,</p></recital></recitals><formula name="enactingFormula"><p>HAS ADOPTED THIS REGULATION:</p></formula></preamble><body><article xml:id="art_d124e216"><num>Article 1</num><heading/><paragraph><content><p>Annex III to Regulation (EC) No 1333/2008 is amended in accordance with the Annex to this Regulation.</p></content></paragraph></article><article xml:id="art_d124e221"><num>Article 2</num><heading/><paragraph><content><p>This Regulation shall enter into force on the twentieth day following that of its publication in the <i>Official Journal of the European Union</i>.</p></content></paragraph></article><clause><content><p>This Regulation shall be binding in its entirety and directly applicable in all Member States.</p></content></clause></body><conclusions><p>Done at Brussels, 26 February 2020.</p><block name="signatory"><signature><organization refersTo="">For the Commission</organization><role refersTo="">The President</role><person refersTo="">Ursula VON DER LEYEN</person></signature></block></conclusions></bill></akomaNtoso>