<?xml version="1.0" encoding="UTF-8"?>L0502020EN2210120191001EN0006221221<p xmlns="http://docs.oasis-open.org/legaldocml/ns/akn/3.0">Corrigendum to Commission Regulation (EU) 2019/2020 of 1 October 2019 laying down ecodesign requirements for light sources and separate control gears pursuant to Directive 2009/125/EC of the European Parliament and of the Council and repealing Commission Regulations (EC) No 244/2009, (EC) No 245/2009 and (EU) No 1194/2012</p><p xmlns="http://docs.oasis-open.org/legaldocml/ns/akn/3.0">(Official Journal of the European Union L 315 of 5 December 2019)</p><p xmlns="http://docs.oasis-open.org/legaldocml/ns/akn/3.0"><!--default P | TXT -->1. On page 212, in Article 2, under point 1, point (a) is replaced with the following:</p><mod xmlns="http://docs.oasis-open.org/legaldocml/ns/akn/3.0"><quotedStructure startQuote="" endQuote=""><list><point><num>&apos;(a)</num><p>chromaticity coordinates x and y in the range</p><p><!--default P | TXT -->0,270 &lt; x &lt; 0,530 and</p><p><!--default P | TXT -->&#45;2,3172 x<sup>2</sup>+2,3653 x &#45;0,2199 &lt; y &lt; &#45;2,3172 x<sup>2</sup>+2,3653 x &#45;0,1595;&apos;</p></point></list></quotedStructure></mod><p xmlns="http://docs.oasis-open.org/legaldocml/ns/akn/3.0"><!--default P | TXT -->2. On page 225, in Annex II, in Table 2, the row for &apos;High luminance light sources (HLLS)&apos; is replaced with the following:</p><mod xmlns="http://docs.oasis-open.org/legaldocml/ns/akn/3.0"><quotedStructure startQuote="" endQuote=""><alinea><content><table class="TBL"><tr><td><p>&apos;High luminance light sources (HLLS)</p></td><td><p>+0,0058 · Luminance-HLLS &#45;0,0167&apos;</p></td></tr></table></content></alinea></quotedStructure></mod><p xmlns="http://docs.oasis-open.org/legaldocml/ns/akn/3.0"><!--default P | TXT -->3. On page 226, in Annex II, in Table 3, the row for &apos;Control gear for LED or OLED light sources&apos; is replaced with the following:</p><mod xmlns="http://docs.oasis-open.org/legaldocml/ns/akn/3.0"><quotedStructure startQuote="" endQuote=""><alinea><content><table class="TBL"><tr><td><p>&apos;Control gear for LED or OLED light sources</p></td><td><p/></td></tr><tr><td><p>all wattages P<sub>cg</sub></p></td><td><p>P<sub>cg</sub><sup>0,81</sup>/(1,09 × P<sub>cg</sub><sup>0,81</sup>+2,10)&apos;</p></td></tr></table></content></alinea></quotedStructure></mod>