<?xml version="1.0" encoding="UTF-8"?><akomaNtoso xmlns="http://docs.oasis-open.org/legaldocml/ns/akn/3.0" xmlns:fmx="http://formex.publications.europa.eu/schema/formex-05.21-20110601.xd" xmlns:leos="urn:eu:europa:ec:leos" xmlns:xs="http://www.w3.org/2001/XMLSchema"><bill name=""><meta xmlns:fn="http://www.w3.org/2005/xpath-functions"><identification source="~COM"><FRBRWork><FRBRthis value=""/><FRBRuri value=""/><FRBRdate date="2999-01-01" name=""/><FRBRauthor href=""/><FRBRcountry value=""/></FRBRWork><FRBRExpression><FRBRthis value=""/><FRBRuri value=""/><FRBRdate date="2999-01-01" name=""/><FRBRauthor href=""/><FRBRlanguage language="eng"/></FRBRExpression><FRBRManifestation><FRBRthis value=""/><FRBRuri value=""/><FRBRdate date="2999-01-01" name=""/><FRBRauthor href=""/></FRBRManifestation></identification></meta><preface><longTitle><p><docStage/><docType>DECISION (EU) 2020/263 OF THE EUROPEAN PARLIAMENT AND OF THE COUNCIL</docType>of 15 January 2020<docPurpose>on computerising the movement and surveillance of excise goods</docPurpose></p></longTitle><container name="EEArelevance"><p>(recast)</p></container></preface><preamble><formula name="actingEntity"><p>THE EUROPEAN PARLIAMENT AND THE COUNCIL OF THE EUROPEAN UNION,</p></formula><citations><citation><p>Having regard to the Treaty on the Functioning of the European Union, and in particular Article 114(1) thereof,</p></citation><citation><p>Having regard to the proposal from the European Commission,</p></citation><citation><p>After transmission of the draft legislative act to the national parliaments,</p></citation><citation><p>Having regard to the opinion of the European Economic and Social Committee<authorialNote placement="bottom" marker="1"><p>OJ C 62, 15.2.2019, p. 108.</p></authorialNote>,</p></citation><citation><p>Acting in accordance with the ordinary legislative procedure<authorialNote placement="bottom" marker="2"><p>Position of the European Parliament of 4 April 2019 (not yet published in the Official Journal) and decision of the Council of 19 December 2019.</p></authorialNote>,</p></citation></citations><recitals xml:id="recs_d208e85"><intro><p>Whereas:</p></intro><recital xml:id="rec_d208e88"><num>(1)</num><p>A number of amendments are to be made to Decision No 1152/2003/EC of the European Parliament and of the Council<authorialNote placement="bottom" marker="3"><p>Decision No 1152/2003/EC of the European Parliament and of the Council of 16 June 2003 on computerising the movement and surveillance of excisable products (OJ L 162, 1.7.2003, p. 5).</p></authorialNote>. In the interests of clarity, that Decision should be recast.</p></recital><recital xml:id="rec_d208e104"><num>(2)</num><p>Council Directive (EU) 2020/262<authorialNote placement="bottom" marker="4"><p>Council Directive (EU) 2020/262 of 19 December 2019 laying down the general arrangements for excise duty (see page 4 of this Official Journal).</p></authorialNote> provides that goods moving between the territories of the Member States under excise-duty suspension arrangements are to be accompanied by a document completed by the consignor.</p></recital><recital xml:id="rec_d208e117"><num>(3)</num><p>Commission Regulation (EC) No 684/2009<authorialNote placement="bottom" marker="5"><p>Commission Regulation (EC) No 684/2009 of 24 July 2009 implementing Council Directive 2008/118/EC as regards the computerised procedures for the movement of excise goods under suspension of excise duty (OJ L 197, 29.7.2009, p. 24).</p></authorialNote> lays down the structure and content of the accompanying document referred to in Directive (EU) 2020/262 and the procedure for its use.</p></recital><recital xml:id="rec_d208e133"><num>(4)</num><p>In order to improve checks and allow the movement of excise goods inside the Union to be simplified, a computerised system was established by means of Decision No 1152/2003/EC.</p></recital><recital xml:id="rec_d208e139"><num>(5)</num><p>It is necessary to further maintain and develop the computerised system for monitoring the movement of excise goods in order to allow Member States to obtain real-time information on such movement and to carry out the requisite manual and automated checks, including checks during the movement of excise goods within the meaning of Chapters IV and V of Directive (EU) 2020/262 and Chapter IV of Council Regulation (EU) No 389/2012<authorialNote placement="bottom" marker="6"><p>Council Regulation (EU) No 389/2012 of 2 May 2012 on administrative cooperation in the field of excise duties and repealing Regulation (EC) No 2073/2004 (OJ L 121, 8.5.2012, p. 1).</p></authorialNote>.</p></recital><recital xml:id="rec_d208e156"><num>(6)</num><p>The modification, extension and operation of the computerised system should allow the intra-Union movement of excise goods under duty suspension as well as the movement of excise goods which have already been released for consumption in the territory of one Member State and are moved to the territory of another Member State in order to be delivered for commercial purposes.</p></recital><recital xml:id="rec_d208e162"><num>(7)</num><p>Modifying and extending the computerised system serves to enhance the internal-market aspects of the movement of excise goods. Any fiscal aspects relating to the movement of excise goods should be addressed by amending Directive (EU) 2020/262 or Regulation (EU) No 389/2012. This Decision does not prejudice the legal basis of any future amendments to Directive (EU) 2020/262 or Regulation (EU) No 389/2012.</p></recital><recital xml:id="rec_d208e168"><num>(8)</num><p>It is necessary to define the division between the Union and non-Union components of the computerised system, as well as the respective duties of the Commission and the Member States with regard to the system&apos;s development and deployment. In that context, the Commission, assisted by the relevant Committee, should fulfil a major role in coordinating, organising and managing the system.</p></recital><recital xml:id="rec_d208e174"><num>(9)</num><p>In order to ensure uniform conditions for the implementation of the measures necessary for the modification, extension and operation of the computerised system, implementing powers should be conferred on the Commission. Those powers should be exercised in accordance with Regulation (EU) No 182/2011 of the European Parliament and of the Council<authorialNote placement="bottom" marker="7"><p>Regulation (EU) No 182/2011 of the European Parliament and of the Council of 16 February 2011 laying down the rules and general principles concerning mechanisms for control by Member States of the Commission&apos;s exercise of implementing powers (OJ L 55, 28.2.2011, p. 13).</p></authorialNote>.</p></recital><recital xml:id="rec_d208e191"><num>(10)</num><p>Arrangements should be made for evaluating the implementation of the computerised system for monitoring excise goods.</p></recital><recital xml:id="rec_d208e197"><num>(11)</num><p>Before a new extension of the computerised system is operational, and given the problems which have been experienced, the Commission, in collaboration with Member States, and taking account of the views of the trade sectors concerned, should investigate whether any current paper-based systems are still suitable.</p></recital><recital xml:id="rec_d208e203"><num>(12)</num><p>The costs of the computerised system should be shared between the Union and the Member States.</p></recital><recital xml:id="rec_d208e209"><num>(13)</num><p>Due to the size and complexity of the computerised system, it is necessary that both the Union and the Member States provide human and financial resources for the development and deployment of the system. In developing the national components, Member States should apply the principles laid down for electronic government systems and should treat the economic operators in the same way as in the other fields where computer systems are set up. In particular, they should allow the economic operators, especially the small and medium-sized enterprises active in this sector, to use the national components at the lowest possible cost, and they should promote all measures aimed at preserving their competitiveness.</p></recital><recital xml:id="rec_d208e215"><num>(14)</num><p>Since the objective of this Decision, namely to provide a basis for the governance of further automations of processes set out in Union legislation on excise duties, cannot be sufficiently achieved by the Member States but can rather, by reason of ensuring the proper functioning of the internal market, be better achieved at Union level, the Union may adopt measures, in accordance with the principle of subsidiarity as set out in Article 5 of the Treaty on European Union. In accordance with the principle of proportionality as set out in that Article, this Decision does not go beyond what is necessary in order to achieve that objective,</p></recital></recitals><formula name="enactingFormula"><p>HAVE ADOPTED THIS DECISION:</p></formula></preamble><body><article xml:id="art_d208e224"><num>Article 1</num><heading/><paragraph><num>1.</num><content><p>This Decision makes provision for the management of the modification, extension and operation of the computerised system used for the movement and surveillance of excise goods referred to in Article 1(1) of Directive (EU) 2020/262 (&apos;the computerised system&apos;).</p></content></paragraph><paragraph><num>2.</num><subparagraph><content><p>The computerised system is intended to:</p></content></subparagraph><list><point><num>(a)</num><content><p>permit the electronic transmission of the administrative documents provided for in Directive (EU) 2020/262 and Regulation (EU) No 389/2012, and the improvement of checks;</p></content></point><point><num>(b)</num><content><p>improve the functioning of the internal market, by simplifying the intra-Union movement of excise goods and by affording Member States the possibility of monitoring the flows in real time and of carrying out the requisite checks where necessary.</p></content></point></list></paragraph></article><article xml:id="art_d208e256"><num>Article 2</num><heading/><paragraph><content><p>Activities relating to the initiation of extension of the computerised system shall begin by 10 February 2021.</p></content></paragraph></article><article xml:id="art_d208e264"><num>Article 3</num><heading/><paragraph><num>1.</num><content><p>The computerised system shall be made up of Union and non-Union components.</p></content></paragraph><paragraph><num>2.</num><content><p>The Commission shall ensure that in work on the Union components of the computerised system every attention is paid to reusing existing systems as much as possible and ensuring that the computerised system is compatible with other relevant Commission and Member State computerised systems, with the objective of creating an integrated set of computerised systems for the surveillance both of intra-Union movements of excise goods and of movements of excise goods and goods subject to other duties and charges coming from or going to third countries.</p></content></paragraph><paragraph><num>3.</num><content><p>The Union components of the computerised system shall be the common specifications, the technical products, the services of the Common Communications Network/Common Systems Interface network, and the coordination services used by all the Member States, to the exclusion of any variant or special feature of any such services designed to meet national requirements.</p></content></paragraph><paragraph><num>4.</num><content><p>The non-Union components of the computerised system shall be the national specifications, the national databases forming part of the computerised system, network connections between the Union and non-Union components and any software or equipment which a Member State considers necessary to ensure full use of the computerised system throughout its administration.</p></content></paragraph></article><article xml:id="art_d208e287"><num>Article 4</num><heading/><paragraph><num>1.</num><subparagraph><content><p>The Commission shall coordinate the modification, extension and operation of the Union and non-Union components of the computerised system, and in particular:</p></content></subparagraph><list><point><num>(a)</num><content><p>the infrastructure and tools needed to guarantee the computerised system&apos;s internal links and overall interoperability;</p></content></point><point><num>(b)</num><content><p>the development of a security policy of the highest standard possible in order to prevent unauthorised access to data and to guarantee the integrity of the computerised system;</p></content></point><point><num>(c)</num><content><p>the instruments for the exploitation of data to combat fraud.</p></content></point></list></paragraph><paragraph><num>2.</num><subparagraph><content><p>To achieve the aims set out in paragraph 1, the Commission shall conclude the necessary contracts for the modification and extension of the Union components of the computerised system and shall, in cooperation with the Member States meeting within the Committee referred to in Article 7(1), draw up a master plan and management plans required for the modification, extension and operation of the computerised system.</p></content></subparagraph><subparagraph><content><p>The master plan and the management plans shall specify the initial and routine tasks which the Commission and each Member State are to perform. The management plans shall specify the completion dates for the tasks required for carrying out each project identified in the master plan.</p></content></subparagraph></paragraph></article><article xml:id="art_d208e322"><num>Article 5</num><heading/><paragraph><num>1.</num><subparagraph><content><p>Member States shall complete, by the date specified in the management plans referred to in Article 4(2), the initial and routine tasks allocated to them.</p></content></subparagraph><subparagraph><content><p>They shall report to the Commission on the results of each task and the date of its completion. The Commission shall in turn inform the Committee referred to in Article 7(1) thereof.</p></content></subparagraph></paragraph><paragraph><num>2.</num><subparagraph><content><p>Member States shall not take any action relating to the modification, extension or operation of the computerised system that might affect its internal links and overall interoperability or its functioning as a whole.</p></content></subparagraph><subparagraph><content><p>Any measure that a Member State wishes to take that could affect either the computerised system&apos;s internal links and overall interoperability or its functioning as a whole shall be taken with the prior agreement of the Commission.</p></content></subparagraph></paragraph><paragraph><num>3.</num><content><p>Member States shall inform the Commission regularly of any measure they have taken to enable their respective administrations to make full use of the computerised system. The Commission shall in turn inform the Committee referred to in Article 7(1) thereof.</p></content></paragraph></article><article xml:id="art_d208e345"><num>Article 6</num><heading/><paragraph><content><p>The Commission shall adopt implementing acts establishing the measures necessary for the modification, extension and operation of the computerised system as relating to the matters referred to in Article 4(1) and the second subparagraph of Article 5(2). Those implementing acts shall be adopted in accordance with the examination procedure referred to in Article 7(2). Those implementing acts shall not affect the Union provisions in relation to the raising and checking of indirect taxes or administrative cooperation and mutual assistance in matters of indirect taxation.</p></content></paragraph></article><article xml:id="art_d208e350"><num>Article 7</num><heading/><paragraph><num>1.</num><content><p>The Commission shall be assisted by the Committee on Excise Duty. That committee shall be a committee within the meaning of Regulation (EU) No 182/2011.</p></content></paragraph><paragraph><num>2.</num><content><p>Where reference is made to this paragraph, Article 5 of Regulation (EU) No 182/2011 shall apply.</p></content></paragraph></article><article xml:id="art_d208e363"><num>Article 8</num><heading/><paragraph><num>1.</num><subparagraph><content><p>The Commission shall verify that the measures financed from the general budget of the European Union are being carried out correctly and in compliance with the provisions of this Decision.</p></content></subparagraph><subparagraph><content><p>It shall regularly, in collaboration with the Member States, meeting in the Committee referred to in Article 7(1), monitor the various development and deployment stages of the computerised system with a view to determining whether the objectives pursued have been achieved and to issuing guidelines on how to increase the effectiveness of the activities involved in implementing the computerised system.</p></content></subparagraph></paragraph><paragraph><num>2.</num><subparagraph><content><p>By 10 February 2025 and every five years thereafter, the Commission shall present a report to the European Parliament and the Council on the implementation and operation of the computerised system.</p></content></subparagraph><subparagraph><content><p>The report shall set out, inter alia, the methods and criteria to be used in the later evaluation of how the computerised system is functioning.</p></content></subparagraph></paragraph></article><article xml:id="art_d208e383"><num>Article 9</num><heading/><paragraph><content><p>The countries that have applied for membership of the Union shall be kept informed by the Commission of the development and deployment of the computerised system and may, if they so desire, take part in the tests to be carried out.</p></content></paragraph></article><article xml:id="art_d208e388"><num>Article 10</num><heading/><paragraph><num>1.</num><content><p>The costs of modifying and extending the computerised system shall be split between the Union and the Member States in accordance with paragraphs 2 and 3.</p></content></paragraph><paragraph><num>2.</num><content><p>The Union shall bear the costs of the design, acquisition, installation and maintenance of the Union components of the computerised system and the ongoing operating costs of those Union components installed in Commission premises, or in those of a subcontractor designated by the Commission.</p></content></paragraph><paragraph><num>3.</num><content><p>Member States shall bear the costs of modifying, extending and operating the non-Union components of the computerised system and the ongoing operating costs of those Union components installed in their premises, or in those of a subcontractor designated by the Member State concerned.</p></content></paragraph></article><article xml:id="art_d208e407"><num>Article 11</num><heading/><paragraph><num>1.</num><content><p>The annual appropriations, including appropriations assigned to the use and operation of the computerised system after the implementation period, shall be authorised by the budgetary authority within the limits of the financial perspective set out in Regulation (EU) No 1286/2013 of the European Parliament and of the Council<authorialNote placement="bottom" marker="8"><p>Regulation (EU) No 1286/2013 of the European Parliament and of the Council of 11 December 2013 establishing an action programme to improve the operation of taxation systems in the European Union for the period 2014-2020 (Fiscalis 2020) and repealing Decision No 1482/2007/EC (OJ L 347, 20.12.2013, p. 25).</p></authorialNote>.</p></content></paragraph><paragraph><num>2.</num><content><p>Member States shall estimate and make available the budgets and human resources needed to meet their obligations described in Article 5. The Commission and the Member States shall provide the human, budgetary and technical resources needed to modify, extend, operate and further develop the computerised system.</p></content></paragraph></article><article xml:id="art_d208e431"><num>Article 12</num><heading/><paragraph><content><p>Decision No 1152/2003/EC is repealed.</p></content></paragraph><paragraph><content><p>References to the repealed Decision shall be construed as references to this Decision and shall be read in accordance with the correlation table in the Annex.</p></content></paragraph></article><article xml:id="art_d208e438"><num>Article 13</num><heading/><paragraph><content><p>This Decision shall enter into force on the twentieth day following that of its publication in the <i>Official Journal of the European Union</i>.</p></content></paragraph></article><article xml:id="art_d208e446"><num>Article 14</num><heading/><paragraph><content><p>This Decision is addressed to the Member States.</p></content></paragraph></article></body><conclusions><p>Done at Strasbourg, 15 January 2020.</p><block name="signatory"><signature><organization refersTo="">For the European Parliament</organization><role refersTo="">The President</role><person refersTo="">D. M. SASSOLI</person></signature><signature><organization refersTo="">For the Council</organization><role refersTo="">The President</role><person refersTo="">N. BRNJAC</person></signature></block></conclusions></bill></akomaNtoso>