<?xml version="1.0" encoding="UTF-8"?>L047I2020EN910120200127EN00079191<p xmlns="http://docs.oasis-open.org/legaldocml/ns/akn/3.0">Corrigendum to Council Implementing Decision (CFSP) 2020/118 of 27 January 2020 implementing Decision (CFSP) 2017/1775 concerning restrictive measures in view of the situation in Mali</p><p xmlns="http://docs.oasis-open.org/legaldocml/ns/akn/3.0">(Official Journal of the European Union L 22 of 28 January 2020)</p>On page 57, the Annex, Part (1) (amending Part A of the Annex to Decision (CFSP) 2017/1775), fourth entry, heading:<p xmlns="http://docs.oasis-open.org/legaldocml/ns/akn/3.0"><!--default P | TXT -->for:</p><mod xmlns="http://docs.oasis-open.org/legaldocml/ns/akn/3.0"><quotedStructure startQuote="" endQuote=""><list><num>&apos;4.</num><p>AHMED AG ALBACHAR (alias: Intahmado Ag Albachar)&apos;,</p></list></quotedStructure></mod><p xmlns="http://docs.oasis-open.org/legaldocml/ns/akn/3.0"><!--default P | TXT -->read:</p><mod xmlns="http://docs.oasis-open.org/legaldocml/ns/akn/3.0"><quotedStructure startQuote="" endQuote=""><list><num>&apos;4.</num><p>AHMED AG ALBACHAR (alias: Intahmadou Ag Albachar)&apos;;</p></list></quotedStructure></mod>on page 62, the Annex, Part (2) (amending Part B of the Annex to Decision (CFSP) 2017/1775), first entry, heading:<p xmlns="http://docs.oasis-open.org/legaldocml/ns/akn/3.0"><!--default P | TXT -->for:</p><mod xmlns="http://docs.oasis-open.org/legaldocml/ns/akn/3.0"><quotedStructure startQuote="" endQuote=""><list><num>&apos;1.</num><p>AHMED AG ALBACHAR (alias: Intahmado Ag Albachar)&apos;,</p></list></quotedStructure></mod><p xmlns="http://docs.oasis-open.org/legaldocml/ns/akn/3.0"><!--default P | TXT -->read:</p><mod xmlns="http://docs.oasis-open.org/legaldocml/ns/akn/3.0"><quotedStructure startQuote="" endQuote=""><list><num>&apos;1.</num><p>AHMED AG ALBACHAR (alias: Intahmadou Ag Albachar)&apos;.</p></list></quotedStructure></mod>