<?xml version="1.0" encoding="UTF-8"?><akomaNtoso xmlns="http://docs.oasis-open.org/legaldocml/ns/akn/3.0" xmlns:fmx="http://formex.publications.europa.eu/schema/formex-05.21-20110601.xd" xmlns:leos="urn:eu:europa:ec:leos" xmlns:xs="http://www.w3.org/2001/XMLSchema"><bill name=""><meta xmlns:fn="http://www.w3.org/2005/xpath-functions"><identification source="~COM"><FRBRWork><FRBRthis value=""/><FRBRuri value=""/><FRBRdate date="2999-01-01" name=""/><FRBRauthor href=""/><FRBRcountry value=""/></FRBRWork><FRBRExpression><FRBRthis value=""/><FRBRuri value=""/><FRBRdate date="2999-01-01" name=""/><FRBRauthor href=""/><FRBRlanguage language="eng"/></FRBRExpression><FRBRManifestation><FRBRthis value=""/><FRBRuri value=""/><FRBRdate date="2999-01-01" name=""/><FRBRauthor href=""/></FRBRManifestation></identification></meta><preface><longTitle><p><docStage/><docType>COMMISSION IMPLEMENTING REGULATION (EU) 2020/21</docType>of 14 January 2020<docPurpose>amending Implementing Regulation (EU) No 79/2012 laying down detailed rules for implementing certain provisions of Council Regulation (EU) No 904/2010 concerning administrative cooperation and combating fraud in the field of value added tax</docPurpose></p></longTitle></preface><preamble><formula name="actingEntity"><p>THE EUROPEAN COMMISSION,</p></formula><citations><citation><p>Having regard to the Treaty on the Functioning of the European Union,</p></citation><citation><p>Having regard to Council Regulation (EU) No 904/2010 of 7 October 2010 on administrative cooperation and combating fraud in the field of value added tax<authorialNote placement="bottom" marker="1"><p>OJ L 268, 12.10.2010, p. 1.</p></authorialNote>, and in particular Article 47l(c) thereof,</p></citation></citations><recitals xml:id="recs_d52e68"><intro><p>Whereas:</p></intro><recital xml:id="rec_d52e71"><num>(1)</num><p>Commission Implementing Regulation (EU) No 79/2012<authorialNote placement="bottom" marker="2"><p>Commission Implementing Regulation (EU) No 79/2012 of 31 January 2012 laying down detailed rules for implementing certain provisions of Council Regulation (EU) No 904/2010 concerning administrative cooperation and combating fraud in the field of value added tax (OJ L 29, 1.2.2012, p. 13).</p></authorialNote> provides in point (d) of Article 7(2) that the Commission shall make a web portal available for Member States that choose to publish among others the tax rate applicable for supplies of telecommunication, broadcasting and electronically supplied services referred to in the second paragraph of Article 47 of Regulation (EU) No 904/2010.</p></recital><recital xml:id="rec_d52e87"><num>(2)</num><p>Chapter 6 of Title XII of Council Directive 2006/112/EC<authorialNote placement="bottom" marker="3"><p>Council Directive 2006/112/EC of 28 November 2006 on the common system of value added tax; OJ L 347, 11.12.2006, p. 1.</p></authorialNote> provides for special schemes for taxable persons supplying certain services. That Chapter was amended by Council Directive (EU) 2017/2455<authorialNote placement="bottom" marker="4"><p>Council Directive (EU) 2017/2455 of 5 December 2017 amending Directive 2006/112/EC and Directive 2009/132/EC as regards certain value added tax obligations for supplies of services and distance sales of goods (OJ L 348, 29.12.2017, p. 7).</p></authorialNote> and its scope was extended to supplies of services to non-taxable persons and distance sales of goods.</p></recital><recital xml:id="rec_d52e113"><num>(3)</num><p>In order to take into account the extended scope of the special schemes of Chapter 6 of Title XII of Directive 2006/112/EC, Regulation (EU) No 904/2010 was amended by Regulation (EU) 2017/2454<authorialNote placement="bottom" marker="5"><p>Council Regulation (EU) 2017/2454 of 5 December 2017 amending Regulation (EU) No 904/2010 on administrative cooperation and combating fraud in the field of value added tax (OJ L 348, 29.12.2017, p. 1).</p></authorialNote> and Article 47g was inserted.</p></recital><recital xml:id="rec_d52e129"><num>(4)</num><p>Implementing Regulation (EU) No 79/2012 should therefore be amended to reflect this change to Regulation (EU) No 904/2010.</p></recital><recital xml:id="rec_d52e135"><num>(5)</num><p>In order for this Regulation to apply from the same date as the amended provisions of Chapter 6 of Title XII of Directive 2006/112/EC and Article 47g of Regulation (EU) No 904/2010, this Regulation should apply from 1 January 2021.</p></recital><recital xml:id="rec_d52e144"><num>(6)</num><p>The measures provided for in this Regulation are in accordance with the opinion of the Standing Committee on Administrative Cooperation,</p></recital></recitals><formula name="enactingFormula"><p>HAS ADOPTED THIS REGULATION:</p></formula></preamble><body><article xml:id="art_d52e153" leos:compliant="false"><num>Article 1</num><heading/><paragraph><content><p>Point (d) of Article 7(2) of Implementing Regulation (EU) No 79/2012 is replaced by the following:</p></content></paragraph><paragraph><content><p><mod><quotedStructure startQuote="" endQuote=""><list><point><num>&apos;(d)</num><content><p>as from 1 January 2021, the tax rates applicable to supplies of goods and services in accordance with the special schemes provided for in Chapter 6 of Title XII of Directive 2006/112/EC referred to in the second paragraph of Article 47g of Regulation (EU) No 904/2010.&apos;.</p></content></point></list></quotedStructure></mod></p></content></paragraph></article><article xml:id="art_d52e174"><num>Article 2</num><heading/><paragraph><content><p>This Regulation shall enter into force on the twentieth day following that of its publication in the <i>Official Journal of the European Union</i>.</p></content></paragraph><paragraph><content><p>It shall apply from 1 January 2021.</p></content></paragraph></article><clause><content><p>This Regulation shall be binding in its entirety and directly applicable in all Member States.</p></content></clause></body><conclusions><p>Done at Brussels, 14 January 2020.</p><block name="signatory"><signature><organization refersTo="">For the Commission</organization><role refersTo="">The President</role><person refersTo="">Ursula VON DER LEYEN</person></signature></block></conclusions></bill></akomaNtoso>