<?xml version="1.0" encoding="UTF-8"?><akomaNtoso xmlns="http://docs.oasis-open.org/legaldocml/ns/akn/3.0" xmlns:fmx="http://formex.publications.europa.eu/schema/formex-05.21-20110601.xd" xmlns:leos="urn:eu:europa:ec:leos" xmlns:xs="http://www.w3.org/2001/XMLSchema"><bill name=""><meta xmlns:fn="http://www.w3.org/2005/xpath-functions"><identification source="~COM"><FRBRWork><FRBRthis value=""/><FRBRuri value=""/><FRBRdate date="2999-01-01" name=""/><FRBRauthor href=""/><FRBRcountry value=""/></FRBRWork><FRBRExpression><FRBRthis value=""/><FRBRuri value=""/><FRBRdate date="2999-01-01" name=""/><FRBRauthor href=""/><FRBRlanguage language="eng"/></FRBRExpression><FRBRManifestation><FRBRthis value=""/><FRBRuri value=""/><FRBRdate date="2999-01-01" name=""/><FRBRauthor href=""/></FRBRManifestation></identification></meta><preface><longTitle><p><docStage/><docType>COUNCIL DECISION (EU) 2020/48</docType>of 21 January 2020<docPurpose>amending Decision (EU) 2019/274 on the signing, on behalf of the European Union and of the European Atomic Energy Community, of the Agreement on the withdrawal of the United Kingdom of Great Britain and Northern Ireland from the European Union and the European Atomic Energy Community</docPurpose></p></longTitle><container name="EEArelevance"><p>(Text with EEA relevance)</p></container></preface><preamble><formula name="actingEntity"><p>THE COUNCIL OF THE EUROPEAN UNION,</p></formula><citations><citation><p>Having regard to the Treaty on European Union, and in particular Article 50 thereof,</p></citation><citation><p>Having regard to the proposal from the European Commission,</p></citation></citations><recitals xml:id="recs_d94e62"><intro><p>Whereas:</p></intro><recital xml:id="rec_d94e65"><num>(1)</num><p>On 11 January 2019, the Council adopted Decision (EU) 2019/274<authorialNote placement="bottom" marker="1"><p>Council Decision (EU) 2019/274 of 11 January 2019 on the signing, on behalf of the European Union and of the European Atomic Energy Community, of the Agreement on the withdrawal of the United Kingdom of Great Britain and Northern Ireland from the European Union and the European Atomic Energy Community (OJ L 47 I, 19.2.2019, p. 1).</p></authorialNote> on the signing of the Withdrawal Agreement.</p></recital><recital xml:id="rec_d94e84"><num>(2)</num><p>By Decision (EU) 2019/476<authorialNote placement="bottom" marker="2"><p>European Council Decision (EU) 2019/476 taken in agreement with the United Kingdom of 22 March 2019 extending the period under Article 50(3) TEU (OJ L 80 I, 22.3.2019, p. 1).</p></authorialNote>, the European Council, in agreement with the United Kingdom, initially extended the period under Article 50(3) TEU until 12 April 2019. That period was further extended until 31 October 2019 by European Council Decision (EU) 2019/584<authorialNote placement="bottom" marker="3"><p>European Council Decision (EU) 2019/584 taken in agreement with the United Kingdom of 11 April 2019 extending the period under Article 50(3) TEU (OJ L 101, 11.4.2019, p. 1).</p></authorialNote>, taken in agreement with the United Kingdom, and thereafter until 31 January 2020 by European Council Decision (EU) 2019/1810<authorialNote placement="bottom" marker="4"><p>European Council Decision (EU) 2019/1810 taken in agreement with the United Kingdom of 29 October 2019 extending the period under Article 50(3) TEU (OJ L 278 I, 30.10.2019, p. 1).</p></authorialNote>, taken in agreement with the United Kingdom.</p></recital><recital xml:id="rec_d94e130"><num>(3)</num><p>The third paragraph of Article 185 of the Withdrawal Agreement, as adapted<authorialNote placement="bottom" marker="5"><p>The adapted version of the Withdrawal Agreement was published in OJ C 384 I, 12.11.2019, p. 1.</p></authorialNote>, provides that, when making the written notification of the completion of its necessary internal procedures, the Union, in respect of any Member State which has raised reasons related to fundamental principles of national law of that Member State, may declare that, during the transition period, in addition to the grounds for non-execution of a European arrest warrant referred to in Council Framework Decision 2002/584/JHA<authorialNote placement="bottom" marker="6"><p>Council Framework Decision 2002/584/JHA of 13 June 2002 on the European arrest warrant and the surrender procedures between Member States (OJ L 190, 18.7.2002, p. 1).</p></authorialNote>, the executing judicial authorities of that Member State may refuse to surrender its nationals to the United Kingdom pursuant to a European Arrest Warrant. Pursuant to Article 4 of Decision (EU) 2019/274, those Member States that intend to avail themselves of the possibility provided for in the third paragraph of Article 185 of the Withdrawal Agreement are to inform the Commission and the General Secretariat of the Council of their intention to do so before 15 February 2019.</p></recital><recital xml:id="rec_d94e157"><num>(4)</num><p>Given the various extensions of the period under Article 50(3) TEU, it is appropriate to amend Decision (EU) 2019/274 to set a new time limit within which Member States that intend to avail themselves of the possibility provided for in the third paragraph of Article 185 should inform the Commission and the General Secretariat of the Council thereof. At this occasion, it is appropriate to adapt the reference to the relevant paragraph of Article 185 of the Withdrawal Agreement.</p></recital><recital xml:id="rec_d94e163"><num>(5)</num><p>Decision (EU) 2019/274 should therefore be amended accordingly.</p></recital><recital xml:id="rec_d94e169"><num>(6)</num><p>As provided for in Article 50(4) TEU, the United Kingdom has not taken part in the discussions of the Council concerning this decision or in its adoption,</p></recital></recitals><formula name="enactingFormula"><p>HAS ADOPTED THIS DECISION:</p></formula></preamble><body><article xml:id="art_d94e178" leos:compliant="false"><num>Article 1</num><heading/><paragraph><content><p>Article 4 of Decision (EU) 2019/274 is replaced by the following:</p></content></paragraph><paragraph><content><p><mod><quotedStructure startQuote="" endQuote=""><article xml:id="art_d94e185"><num>&apos;Article 4</num><heading/><paragraph><content><p>Those Member States that intend to avail themselves of the possibility provided for in the third paragraph of Article 185 of the Agreement shall inform the Commission and the General Secretariat of the Council of their intention to do so before 28 January 2020.&apos;.</p></content></paragraph></article></quotedStructure></mod></p></content></paragraph></article><article xml:id="art_d94e196"><num>Article 2</num><heading/><paragraph><content><p>This Decision shall enter into force on the date of its adoption.</p></content></paragraph></article></body><conclusions><p>Done at Brussels, 21 January 2020.</p><block name="signatory"><signature><organization refersTo="">For the Council</organization><role refersTo="">The President</role><person refersTo="">A. METELKO-ZGOMBIĆ</person></signature></block></conclusions></bill></akomaNtoso>