<?xml version="1.0" encoding="UTF-8"?><akomaNtoso xmlns="http://docs.oasis-open.org/legaldocml/ns/akn/3.0" xmlns:fmx="http://formex.publications.europa.eu/schema/formex-05.21-20110601.xd" xmlns:leos="urn:eu:europa:ec:leos" xmlns:xs="http://www.w3.org/2001/XMLSchema"><bill name=""><meta xmlns:fn="http://www.w3.org/2005/xpath-functions"><identification source="~COM"><FRBRWork><FRBRthis value=""/><FRBRuri value=""/><FRBRdate date="2999-01-01" name=""/><FRBRauthor href=""/><FRBRcountry value=""/></FRBRWork><FRBRExpression><FRBRthis value=""/><FRBRuri value=""/><FRBRdate date="2999-01-01" name=""/><FRBRauthor href=""/><FRBRlanguage language="eng"/></FRBRExpression><FRBRManifestation><FRBRthis value=""/><FRBRuri value=""/><FRBRdate date="2999-01-01" name=""/><FRBRauthor href=""/></FRBRManifestation></identification></meta><preface><longTitle><p><docStage/><docType>COMMISSION IMPLEMENTING DECISION (EU) 2020/260</docType>of 25 February 2020<docPurpose>amending Implementing Decision (EU) 2019/1202 as regards explosion prevention and protection</docPurpose></p></longTitle></preface><preamble><formula name="actingEntity"><p>THE EUROPEAN COMMISSION,</p></formula><citations><citation><p>Having regard to the Treaty on the Functioning of the European Union,</p></citation><citation><p>Having regard to Regulation (EU) No 1025/2012 of the European Parliament and of the Council of 25 October 2012 on European standardisation, amending Council Directives 89/686/EEC and 93/15/EEC and Directives 94/9/EC, 94/25/EC, 95/16/EC, 97/23/EC, 98/34/EC, 2004/22/EC, 2007/23/EC, 2009/23/EC and 2009/105/EC of the European Parliament and of the Council and repealing Council Decision 87/95/EEC and Decision No 1673/2006/EC of the European Parliament and of the Council<authorialNote placement="bottom" marker="1"><p>OJ L 316, 14.11.2012, p. 12.</p></authorialNote>, and in particular Article 10(6) thereof,</p></citation></citations><recitals xml:id="recs_d122e68"><intro><p>Whereas:</p></intro><recital xml:id="rec_d122e71"><num>(1)</num><p>In accordance with Article 12 of Directive 2014/34/EU of the European Parliament and of the Council<authorialNote placement="bottom" marker="2"><p>Directive 2014/34/EU of the European Parliament and of the Council of 26 February 2014 on the harmonisation of the laws of the Member States relating to equipment and protective systems intended for use in potentially explosive atmospheres (OJ L 96, 29.3.2014, p. 309).</p></authorialNote>, products which are in conformity with harmonised standards or parts thereof, the references of which have been published in the <i>Official Journal of the European Union</i>, are to be presumed to be in conformity with the essential health and safety requirements set out in Annex II to that Directive covered by those standards or parts thereof.</p></recital><recital xml:id="rec_d122e90"><num>(2)</num><p>By letter BC/CEN/46-92 &#45; BC/CLC/05-92 of 12 December 1994, the Commission made a request to the European Committee for Standardization (CEN) and the European Committee for Electrotechnical Standardization (Cenelec) for the drafting and revision of harmonised standards in support of Directive 94/9/EC of the European Parliament and of the Council<authorialNote placement="bottom" marker="3"><p>Directive 94/9/EC of the European Parliament and the Council of 23 March 1994 on the approximation of the laws of the Member States concerning equipment and protective systems intended for use in potentially explosive atmospheres (OJ L 100, 19.4.1994, p. 1).</p></authorialNote>. That Directive was replaced by Directive 2014/34/EU without changing the essential health and safety requirements set out in Annex II to Directive 94/9/EC.</p></recital><recital xml:id="rec_d122e109"><num>(3)</num><p>In particular, CEN and Cenelec were requested to draft a standard on the design and testing of equipment for use in potentially explosive atmospheres as indicated in Chapter I of the standardisation programme agreed between CEN and Cenelec and the Commission and attached to request BC/CEN/46-92 &#45; BC/CLC/05-92. CEN and Cenelec were also requested to revise the existing standards with a view to aligning them to the essential health and safety requirements of Directive 94/9/EC.</p></recital><recital xml:id="rec_d122e115"><num>(4)</num><p>On the basis of the request BC/CEN/46-92 &#45; BC/CLC/05-92, CEN revised standard &apos;EN 1127-1:2011, Explosive atmospheres &#45; Explosion prevention and protection &#45; Part 1: Basic concepts and methodology&apos;. As a result of that revision CEN submitted to the Commission standard &apos;EN 1127-1:2019, Explosion prevention and protection &#45; Part 1: Basic concepts and methodology&apos;.</p></recital><recital xml:id="rec_d122e129"><num>(5)</num><p>The Commission together with CEN has assessed whether the standard &apos;EN 1127-1:2019&apos; drafted by CEN complies with the request BC/CEN/46-92 &#45; BC/CLC/05-92.</p></recital><recital xml:id="rec_d122e139"><num>(6)</num><p>The standard &apos;EN 1127-1:2019&apos; satisfies the requirements which it aims to cover and which are set out in Annex II to Directive 2014/34/EU. It is therefore appropriate to publish the reference of that standard in the <i>Official Journal of the European Union.</i></p></recital><recital xml:id="rec_d122e151"><num>(7)</num><p>Standard &apos;EN 1127-1:2019&apos; replaces standard &apos;EN 1127-1:2011&apos;. It is therefore necessary to withdraw the reference to standard &apos;EN 1127-1:2011&apos; from the <i>Official Journal of the European Union</i>. In order to provide manufacturers with sufficient time to prepare for application of the revised standard, it is necessary to defer the withdrawal of the reference to standard &apos;EN 1127-1:2011&apos;.</p></recital><recital xml:id="rec_d122e178"><num>(8)</num><p>References of harmonised standards drafted in support of Directive 2014/34/EU are published in Commission Implementing Decision (EU) 2019/1202<authorialNote placement="bottom" marker="4"><p>Commission Implementing Decision (EU) 2019/1202 of 12 July 2019 on the harmonised standards for equipment and protective systems intended for use in potentially explosive atmospheres drafted in support of Directive 2014/34/EU of the European Parliament and of the Council (OJ L 189, 15.7.2019, p. 71).</p></authorialNote>. Implementing Decision (EU) 2019/1202 published only one reference of harmonised standard, &apos;EN IEC 60079-0:2018, Explosive atmospheres &#45; Part 0: Equipment &#45; General requirements (IEC 60079-0:2017)&apos;, conferring presumption of conformity with the corresponding essential requirements set out in Directive 2014/34/EU as from 12 July 2019. It also provided for withdrawal of the reference of the standard preceding standard &apos;EN IEC 60079-0:2018. In order to ensure that the references of harmonised standards drafted in support of Directive 2014/34/EU are listed in one act, the reference of standards &apos;EN 1127-1:2019&apos; and &apos;EN 1127-1:2011&apos; should be included in Annexes to be added to that Implementing Decision together with references of standards EN IEC 60079-0:2018 and EN 60079-0:2012 + A11:2013.</p></recital><recital xml:id="rec_d122e210"><num>(9)</num><p>Implementing Decision (EU) 2019/1202 should therefore be amended accordingly.</p></recital><recital xml:id="rec_d122e217"><num>(10)</num><p>Compliance with a harmonised standard confers a presumption of conformity with the corresponding essential requirements set out in Union harmonisation legislation from the date of publication of the reference of such standard in the <i>Official Journal of the European Union</i>. This Decision should therefore enter into force on the day of its publication,</p></recital></recitals><formula name="enactingFormula"><p>HAS ADOPTED THIS DECISION:</p></formula></preamble><body><article xml:id="art_d122e229" leos:compliant="false"><num>Article 1</num><heading/><paragraph><subparagraph><content><p>Implementing Decision (EU) 2019/1202 is amended as follows:</p></content></subparagraph><list><point><num>(1)</num><alinea><content><p>Articles 1 and 2 are replaced by the following:</p></content></alinea><alinea><content><p><mod><quotedStructure startQuote="" endQuote=""><article xml:id="art_d122e244"><num>&apos;Article 1</num><heading/><paragraph><content><p>The references of harmonised standards for equipment and protective systems intended for use in potentially explosive atmospheres drafted in support of Directive 2014/34/EU, listed in Annex I to this Decision, are hereby published in the <i>Official Journal of the European Union</i>.</p></content></paragraph></article><article xml:id="art_d122e253"><num>Article 2</num><heading/><paragraph><content><p>The references of harmonised standards for equipment and protective systems intended for use in potentially explosive atmospheres drafted in support of Directive 2014/34/EU, listed in Annex II to this Decision, are hereby withdrawn from the <i>Official Journal of the European Union</i> as from the dates set out in that Annex.&apos;;</p></content></paragraph></article></quotedStructure></mod></p></content></alinea></point><point><num>(2)</num><content><p>Annexes I and II are added as set out in the Annex to this Decision.</p></content></point></list></paragraph></article><article xml:id="art_d122e269"><num>Article 2</num><heading/><paragraph><content><p>This Decision shall enter into force on the day of its publication in the <i>Official Journal of the European Union</i>.</p></content></paragraph></article></body><conclusions><p>Done at Brussels, 25 February 2020.</p><block name="signatory"><signature><organization refersTo="">For the Commission</organization><role refersTo="">The President</role><person refersTo="">Ursula VON DER LEYEN</person></signature></block></conclusions></bill></akomaNtoso>