<?xml version="1.0" encoding="UTF-8"?><akomaNtoso xmlns="http://docs.oasis-open.org/legaldocml/ns/akn/3.0" xmlns:fmx="http://formex.publications.europa.eu/schema/formex-05.21-20110601.xd" xmlns:leos="urn:eu:europa:ec:leos" xmlns:xs="http://www.w3.org/2001/XMLSchema"><bill name=""><meta xmlns:fn="http://www.w3.org/2005/xpath-functions"><identification source="~COM"><FRBRWork><FRBRthis value=""/><FRBRuri value=""/><FRBRdate date="2999-01-01" name=""/><FRBRauthor href=""/><FRBRcountry value=""/></FRBRWork><FRBRExpression><FRBRthis value=""/><FRBRuri value=""/><FRBRdate date="2999-01-01" name=""/><FRBRauthor href=""/><FRBRlanguage language="eng"/></FRBRExpression><FRBRManifestation><FRBRthis value=""/><FRBRuri value=""/><FRBRdate date="2999-01-01" name=""/><FRBRauthor href=""/></FRBRManifestation></identification></meta><preface><longTitle><p><docStage/><docType>COMMISSION IMPLEMENTING REGULATION (EU) 2020/103</docType>of 17 January 2020<docPurpose>amending Implementing Regulation (EU) No 844/2012 as regards the harmonised classification of active substances</docPurpose></p></longTitle><container name="EEArelevance"><p>(Text with EEA relevance)</p></container></preface><preamble><formula name="actingEntity"><p>THE EUROPEAN COMMISSION,</p></formula><citations><citation><p>Having regard to the Treaty on the Functioning of the European Union,</p></citation><citation><p>Having regard to Regulation (EC) No 1107/2009 of the European Parliament and of the Council of 21 October 2009 concerning the placing of plant protection products on the market and repealing Council Directives 79/117/EEC and 91/414/EEC<authorialNote placement="bottom" marker="1"><p>OJ L 309, 24.11.2009, p. 1.</p></authorialNote>, and in particular Article 19 and Article 78(2) thereof,</p></citation></citations><recitals xml:id="recs_d50e71"><intro><p>Whereas:</p></intro><recital xml:id="rec_d50e74"><num>(1)</num><p>Commission Implementing Regulation (EU) No 844/2012<authorialNote placement="bottom" marker="2"><p>Commission Implementing Regulation (EU) No 844/2012 of 18 September 2012 setting out the provisions necessary for the implementation of the renewal procedure for active substances, as provided for in Regulation (EC) No 1107/2009 of the European Parliament and the Council concerning the placing of plant protection products on the market (OJ L 252, 19.9.2012, p. 26).</p></authorialNote> sets out the provisions necessary for the implementation of the renewal procedure for active substances under Regulation (EC) No 1107/2009.</p></recital><recital xml:id="rec_d50e90"><num>(2)</num><p>In accordance with Article 36(2) of Regulation (EC) No 1272/2008 of the European Parliament and of the Council<authorialNote placement="bottom" marker="3"><p>Regulation (EC) No 1272/2008 of the European Parliament and of the Council of 16 December 2008 on classification, labelling and packaging of substances and mixtures, amending and repealing Directives 67/548/EEC and 1999/45/EC, and amending Regulation (EC) No 1907/2006 (OJ L 353, 31.12.2008, p. 1).</p></authorialNote>, active substances within the meaning of Regulation (EC) No 1107/2009 are normally to be subject to harmonised classification and labelling. It is therefore appropriate to set detailed rules of procedure regarding the submission of proposals to the European Chemicals Agency (&apos;the Agency&apos;) in accordance with Article 37(1) of Regulation (EC) No 1272/2008 by the rapporteur Member State during the renewal of approval of active substances pursuant to Article 14 of Regulation (EC) No 1107/2009.</p></recital><recital xml:id="rec_d50e110"><num>(3)</num><p>Additional time in the framework of the procedure for renewal should be made available to the rapporteur Member State for preparing the draft renewal assessment report and the dossier submitted to the Agency, and to the European Food Safety Authority (&apos;the Authority&apos;) for preparing its conclusion. The period available to the applicants between the submission of the application for renewal and the submission of the supplementary dossiers should therefore be reduced by three months and that period of three months should be reallocated to the periods available to the rapporteur Member State and the Authority.</p></recital><recital xml:id="rec_d50e120"><num>(4)</num><p>It is appropriate that, in general, the rapporteur Member State submits a dossier in accordance with Article 37(1) of Regulation (EC) No 1272/2008 for at least those hazard classes that are relevant to identify whether an active substance can be considered as a low-risk active substance according to Article 22 of Regulation (EC) No 1107/2009 in conjunction with point 5.1.1 of Annex II to that Regulation, which also include the hazard classes relevant for the cut-off criteria set in points 3.6.2 to 3.6.4 and 3.7 of Annex II to Regulation (EC) No 1107/2009. The rapporteur Member State should duly justify why no harmonised classification and labelling is warranted for hazard classes for which it considers that the criteria for harmonised classification and labelling set by Regulation (EC) No 1272/2008 are not fulfilled.</p></recital><recital xml:id="rec_d50e127"><num>(5)</num><p>However, where a proposal has already been submitted to the Agency and its assessment is ongoing, the rapporteur Member State should limit the proposal to any of those hazard classes that are not covered by the pending proposal, unless it considers that new information is available that was not part of the pending dossier.</p></recital><recital xml:id="rec_d50e133"><num>(6)</num><p>Moreover, for those of the hazard classes listed in point 5.1.1 of Annex II to Regulation (EC) No 1107/2009, which are already covered by an existing opinion of the Committee for Risk Assessment of the Agency, it is sufficient that the rapporteur Member State duly justifies that the existing opinion of the Committee for Risk Assessment remains valid. The Agency may provide its views regarding the rapporteur Member State&apos;s submission.</p></recital><recital xml:id="rec_d50e139"><num>(7)</num><p>Indicative timelines should be defined to ensure that the opinion of the Committee for Risk Assessment of the Agency is available to the Authority prior to the adoption of its conclusion under Article 13 of Regulation (EU) No 844/2012.</p></recital><recital xml:id="rec_d50e145"><num>(8)</num><p>A transitional period should be provided for so that applicants can take account of the reduced period for dossier preparation between the application for renewal and the submission of the supplementary dossiers. Procedures for which supplementary dossiers have already been submitted should not be affected.</p></recital><recital xml:id="rec_d50e151"><num>(9)</num><p>The measures provided for in this Regulation are in accordance with the opinion of the Standing Committee on Plants, Animals, Food and Feed.</p></recital></recitals><formula name="enactingFormula"><p>HAS ADOPTED THIS REGULATION:</p></formula></preamble><body><article xml:id="art_d50e160" leos:compliant="false"><num>Article 1</num><heading/><paragraph><subparagraph><content><p>Regulation (EU) No 844/2012 is amended as follows:</p></content></subparagraph><list><point><num>(1)</num><alinea><content><p>in Article 6, paragraph 3 is replaced by the following:</p></content></alinea><alinea><content><p><mod><quotedStructure startQuote="" endQuote=""><paragraph><num>&apos;3.</num><content><p>The supplementary dossiers shall be submitted no later than 33 months before the expiry of the approval.&apos;;</p></content></paragraph></quotedStructure></mod></p></content></alinea></point><point><num>(2)</num><alinea><content><p>in Article 7(1), point (j) is replaced by the following:</p></content></alinea><alinea><content><p><mod><quotedStructure startQuote="" endQuote=""><list><num>&apos;(j)</num><content><p>a proposal for classification where it is considered that the substance has to be classified or reclassified in accordance with Regulation (EC) No 1272/2008 of the European Parliament and of the Council<authorialNote placement="bottom" marker="4"><p>Regulation (EC) No 1272/2008 of the European Parliament and of the Council of 16 December 2008 on classification, labelling and packaging of substances and mixtures, amending and repealing Directives 67/548/EEC and 1999/45/EC, and amending Regulation (EC) No 1907/2006 (OJ L 353, 31.12.2008, p. 1.).&apos;;</p></authorialNote>;</p></content></list></quotedStructure></mod></p></content></alinea></point><point><num>(3)</num><alinea><content><p>Article 11 is amended as follows:</p></content></alinea><list><point><num>(a)</num><content><p>in paragraph 1, &apos;12 months&apos; is replaced by &apos;13 months&apos;;</p></content></point><point><num>(b)</num><alinea><content><p>in paragraph 2, point (e) is replaced by the following:</p></content></alinea><alinea><content><p><mod><quotedStructure startQuote="" endQuote=""><list><num>&apos;(e)</num><content><p>a suggestion for the classification, or its confirmation, where applicable, or reclassification of the active substance in accordance with the criteria of Regulation (EC) No 1272/2008, as specified in and consistent with the dossier to be submitted pursuant to paragraph 9;&apos;;</p></content></list></quotedStructure></mod></p></content></alinea></point><point><num>(c)</num><content><p>in paragraph 5, second sentence, &apos;12 months&apos; is replaced by &apos;13 months&apos;;</p></content></point><point><num>(d)</num><content><p>in paragraph 6, second sentence, &apos;12 months&apos; is replaced by &apos;13 months&apos;;</p></content></point><point><num>(e)</num><alinea><content><p>the following paragraph 9 is added:</p></content></alinea><alinea><content><p><mod><quotedStructure startQuote="" endQuote=""><paragraph><num>&apos;9.</num><subparagraph><content><p>The rapporteur Member State shall at the latest at the time of submission of the draft renewal assessment report submit a proposal to the European Chemicals Agency (&apos;the Agency&apos;) pursuant to Article 37(1) of Regulation (EC) No 1272/2008 and in accordance with the Agency&apos;s requirements to obtain an opinion on a harmonised classification of the active substance at least for the following hazard classes:</p></content></subparagraph><list><indent><num>-</num><content><p>explosives,</p></content></indent><indent><num>-</num><content><p>acute toxicity,</p></content></indent><indent><num>-</num><content><p>skin corrosion/irritation,</p></content></indent><indent><num>-</num><content><p>serious eye damage/eye irritation,</p></content></indent><indent><num>-</num><content><p>respiratory or skin sensitisation,</p></content></indent><indent><num>-</num><content><p>germ cell mutagenicity,</p></content></indent><indent><num>-</num><content><p>carcinogenicity,</p></content></indent><indent><num>-</num><content><p>reproductive toxicity,</p></content></indent><indent><num>-</num><content><p>specific target organ toxicity &#45; single exposure,</p></content></indent><indent><num>-</num><content><p>specific target organ toxicity &#45; repeated exposure;</p></content></indent><indent><num>-</num><content><p>hazardous to the aquatic environment.</p></content></indent></list><subparagraph><content><p>The rapporteur Member State shall duly justify its view that the criteria for classification for one or more of these hazard classes are not fulfilled.</p></content></subparagraph><subparagraph><content><p>Where a proposal for classification of an active substance has already been submitted to the Agency and its assessment is ongoing, the rapporteur Member State shall submit an additional proposal for classification, limited to any hazard classes listed above that are not covered by the pending proposal unless new information has become available that was not part of the pending dossier as regards the hazard classes listed above.</p></content></subparagraph><subparagraph><content><p>For the hazard classes, which are already covered by an existing opinion of the Committee for Risk Assessment of the Agency set up pursuant to Article 76(1)(c) of Regulation (EC) No 1907/2006, whether or not this opinion has formed the basis of a decision concerning an entry for harmonised classification and labelling of a substance in Annex VI of Regulation (EC) No 1272/2008, it is sufficient that the rapporteur Member State duly justifies in its submission to the Agency that the existing opinion, or where it has already formed the basis of a decision concerning the inclusion in Annex VI, the existing classification remains valid as regards the hazard classes listed in the first subparagraph. The Agency may provide its views regarding the rapporteur Member State&apos;s submission.&apos;;</p></content></subparagraph></paragraph></quotedStructure></mod></p></content></alinea></point></list></point><point><num>(4)</num><alinea><content><p>the following Article 11b is inserted after Article 11a:</p></content></alinea><alinea><content><p><mod><quotedStructure startQuote="" endQuote=""><article xml:id="art_d50e350"><num>&apos;Article 11b</num><heading/><paragraph><content><p>The Committee for Risk Assessment shall endeavour to adopt the opinion referred to in Article 37(4) of Regulation (EC) No 1272/2008 within 13 months from the submission referred to in Article 11(9).&apos;;</p></content></paragraph></article></quotedStructure></mod></p></content></alinea></point><point><num>(5)</num><alinea><content><p>in Article 12, paragraph 1 is replaced by the following:</p></content></alinea><alinea><content><p><mod><quotedStructure startQuote="" endQuote=""><paragraph><num>&apos;1.</num><content><p>The Authority shall examine whether the draft renewal assessment report received from the rapporteur Member State contains all the relevant information in the agreed format and circulate it to the applicant and to the other Member States at the latest three months after its receipt.&apos;</p></content></paragraph></quotedStructure></mod></p></content></alinea></point><point><num>(6)</num><alinea><content><p>in Article 13(1), the first sentence is replaced by the following:</p></content></alinea><alinea><content><p><mod><quotedStructure startQuote="" endQuote=""><alinea><content><p>&apos;Within five months from the expiry of the period referred to in Article 12(3), or within two weeks from the adoption of the opinion of the Committee for Risk Assessment referred to in Article 37(4) of Regulation (EC) No 1272/2008, if any adopted, whichever occurs later, the Authority shall adopt a conclusion in the light of current scientific and technical knowledge using guidance documents applicable at the date of the submission of the supplementary dossiers and in the light of the opinion of the Committee for Risk Assessment on whether the active substance can be expected to meet the approval criteria provided for in Article 4 of Regulation (EC) No 1107/2009.&apos;;</p></content></alinea></quotedStructure></mod></p></content></alinea></point><point><num>(7)</num><alinea><content><p>in Article 14(1), the second subparagraph is replaced by the following:</p></content></alinea><alinea><content><p><mod><quotedStructure startQuote="" endQuote=""><alinea><content><p>&apos;The renewal report and the draft Regulation shall take into account the draft renewal assessment report of the rapporteur Member State, the comments referred to in Article 12(3) of this Regulation and the conclusion of the Authority, where such a conclusion has been submitted, and the opinion of the Committee for Risk Assessment, if any, referred to in Article 37(4) of Regulation (EC) No 1272/2008.&apos;</p></content></alinea></quotedStructure></mod></p></content></alinea></point></list></paragraph></article><article xml:id="art_d50e399"><num>Article 2</num><heading/><paragraph><content><p>This Regulation shall enter into force on the twentieth day following that of its publication in the <i>Official Journal of the European Union</i>.</p></content></paragraph><paragraph><content><p>It shall apply to renewal procedures of those active substances for which the approval period expires on or after 13 May 2023.</p></content></paragraph><paragraph><content><p>It shall, however, not apply to renewal procedures of such active substances for which supplementary dossiers have already been submitted before the date of adoption of this Regulation.</p></content></paragraph></article><clause><content><p>This Regulation shall be binding in its entirety and directly applicable in all Member States.</p></content></clause></body><conclusions><p>Done at Brussels, 17 January 2020.</p><block name="signatory"><signature><organization refersTo="">For the Commission</organization><role refersTo="">The President</role><person refersTo="">Ursula VON DER LEYEN</person></signature></block></conclusions></bill></akomaNtoso>