<?xml version="1.0" encoding="UTF-8"?><akomaNtoso xmlns="http://docs.oasis-open.org/legaldocml/ns/akn/3.0" xmlns:fmx="http://formex.publications.europa.eu/schema/formex-05.21-20110601.xd" xmlns:leos="urn:eu:europa:ec:leos" xmlns:xs="http://www.w3.org/2001/XMLSchema"><bill name=""><meta xmlns:fn="http://www.w3.org/2005/xpath-functions"><identification source="~COM"><FRBRWork><FRBRthis value=""/><FRBRuri value=""/><FRBRdate date="2999-01-01" name=""/><FRBRauthor href=""/><FRBRcountry value=""/></FRBRWork><FRBRExpression><FRBRthis value=""/><FRBRuri value=""/><FRBRdate date="2999-01-01" name=""/><FRBRauthor href=""/><FRBRlanguage language="eng"/></FRBRExpression><FRBRManifestation><FRBRthis value=""/><FRBRuri value=""/><FRBRdate date="2999-01-01" name=""/><FRBRauthor href=""/></FRBRManifestation></identification></meta><preface><longTitle><p><docStage/><docType>COUNCIL DECISION (CFSP) 2020/373</docType>of 5 March 2020<docPurpose>amending Decision 2014/119/CFSP concerning restrictive measures directed against certain persons, entities and bodies in view of the situation in Ukraine</docPurpose></p></longTitle></preface><preamble><formula name="actingEntity"><p>THE COUNCIL OF THE EUROPEAN UNION,</p></formula><citations><citation><p>Having regard to the Treaty on European Union, and in particular Article 29 thereof,</p></citation><citation><p>Having regard to the proposal from the High Representative of the Union for Foreign Affairs and Security Policy,</p></citation></citations><recitals xml:id="recs_d271e59"><intro><p>Whereas:</p></intro><recital xml:id="rec_d271e62"><num>(1)</num><p>On 5 March 2014, the Council adopted Decision 2014/119/CFSP<authorialNote placement="bottom" marker="1"><p>Council Decision 2014/119/CFSP of 5 March 2014 concerning restrictive measures directed against certain persons, entities and bodies in view of the situation in Ukraine (OJ L 66, 6.3.2014, p. 26).</p></authorialNote>.</p></recital><recital xml:id="rec_d271e81"><num>(2)</num><p>On the basis of a review of Decision 2014/119/CFSP, the application of restrictive measures directed against certain persons, entities and bodies should be extended until 6 March 2021, the entries for two persons should be deleted and the information in the Annex regarding the rights of defence and the right to effective judicial protection should be updated.</p></recital><recital xml:id="rec_d271e90"><num>(3)</num><p>Decision 2014/119/CFSP should therefore be amended accordingly,</p></recital></recitals><formula name="enactingFormula"><p>HAS ADOPTED THIS DECISION:</p></formula></preamble><body><article xml:id="art_d271e99" leos:compliant="false"><num>Article 1</num><heading/><paragraph><subparagraph><content><p>Decision 2014/119/CFSP is amended as follows:</p></content></subparagraph><list><point><num>(1)</num><alinea><content><p>in Article 5, the second paragraph is replaced by the following:</p></content></alinea><alinea><content><p><mod><quotedStructure startQuote="" endQuote=""><alinea><content><p>&apos;This Decision shall apply until 6 March 2021.&apos;;</p></content></alinea></quotedStructure></mod></p></content></alinea></point><point><num>(2)</num><content><p>the Annex is amended as set out in the Annex to this Decision.</p></content></point></list></paragraph></article><article xml:id="art_d271e128"><num>Article 2</num><heading/><paragraph><content><p>This Decision shall enter into force on the date of its publication in the <i>Official Journal of the European Union</i>.</p></content></paragraph></article></body><conclusions><p>Done at Brussels, 5 March 2020.</p><block name="signatory"><signature><organization refersTo="">For the Council</organization><role refersTo="">The President</role><person refersTo="">T. ĆORIĆ</person></signature></block></conclusions></bill></akomaNtoso>