<?xml version="1.0" encoding="UTF-8"?><akomaNtoso xmlns="http://docs.oasis-open.org/legaldocml/ns/akn/3.0" xmlns:fmx="http://formex.publications.europa.eu/schema/formex-05.21-20110601.xd" xmlns:leos="urn:eu:europa:ec:leos" xmlns:xs="http://www.w3.org/2001/XMLSchema"><bill name=""><meta xmlns:fn="http://www.w3.org/2005/xpath-functions"><identification source="~COM"><FRBRWork><FRBRthis value=""/><FRBRuri value=""/><FRBRdate date="2999-01-01" name=""/><FRBRauthor href=""/><FRBRcountry value=""/></FRBRWork><FRBRExpression><FRBRthis value=""/><FRBRuri value=""/><FRBRdate date="2999-01-01" name=""/><FRBRauthor href=""/><FRBRlanguage language="eng"/></FRBRExpression><FRBRManifestation><FRBRthis value=""/><FRBRuri value=""/><FRBRdate date="2999-01-01" name=""/><FRBRauthor href=""/></FRBRManifestation></identification></meta><preface><longTitle><p><docStage/><docType>COMMISSION IMPLEMENTING REGULATION (EU) 2020/390</docType>of 10 March 2020<docPurpose>amending for the 312th time Council Regulation (EC) No 881/2002 imposing certain specific restrictive measures directed against certain persons and entities associated with the ISIL (Da&apos;esh) and Al-Qaida organisations</docPurpose></p></longTitle></preface><preamble><formula name="actingEntity"><p>THE EUROPEAN COMMISSION,</p></formula><citations><citation><p>Having regard to the Treaty on the Functioning of the European Union,</p></citation><citation><p>Having regard to Council Regulation (EC) No 881/2002 of 27 May 2002 imposing certain specific restrictive measures directed against certain persons and entities associated with the ISIL (Da&apos;esh) and Al-Qaida organisations<authorialNote placement="bottom" marker="1"><p>OJ L 139 29.5.2002, p. 9.</p></authorialNote>, and in particular Article 7(1)(a) and Article 7a(1) thereof,</p></citation></citations><recitals xml:id="recs_d251e68"><intro><p>Whereas:</p></intro><recital xml:id="rec_d251e71"><num>(1)</num><p>Annex I to Regulation (EC) No 881/2002 lists the persons, groups and entities covered by the freezing of funds and economic resources under that Regulation.</p></recital><recital xml:id="rec_d251e77"><num>(2)</num><p>On 4 March 2020, the Sanctions Committee of the United Nations Security Council decided to add three entries to the list of persons, groups and entities to whom the freezing of funds and economic resources should apply.</p></recital><recital xml:id="rec_d251e86"><num>(3)</num><p>Annex I to Regulation (EC) No 881/2002 should therefore be amended accordingly.</p></recital><recital xml:id="rec_d251e92"><num>(4)</num><p>In order to ensure that the measures provided for in this Regulation are effective it should enter into force immediately,</p></recital></recitals><formula name="enactingFormula"><p>HAS ADOPTED THIS REGULATION:</p></formula></preamble><body><article xml:id="art_d251e101"><num>Article 1</num><heading/><paragraph><content><p>Annex I to Regulation (EC) No 881/2002 is amended in accordance with the Annex to this Regulation.</p></content></paragraph></article><article xml:id="art_d251e106"><num>Article 2</num><heading/><paragraph><content><p>This Regulation shall enter into force on the day of its publication in the <i>Official Journal of the European Union</i>.</p></content></paragraph></article><clause><content><p>This Regulation shall be binding in its entirety and directly applicable in all Member States.</p></content></clause></body><conclusions><p>Done at Brussels, 10 March 2020.</p><block name="signatory"><signature><organization refersTo="">For the Commission,</organization><role refersTo="">On behalf of the President,</role><person refersTo="">Director-General</person><!-- <leos:unknown><P xmlns="" xmlns:xsi="http://www.w3.org/2001/XMLSchema-instance"><HT TYPE="ITALIC">Directorate-General for Financial Stability, Financial Services and Capital Markets Union</HT></P></leo:unknown> --></signature></block></conclusions></bill></akomaNtoso>