<?xml version="1.0" encoding="UTF-8"?><akomaNtoso xmlns="http://docs.oasis-open.org/legaldocml/ns/akn/3.0" xmlns:fmx="http://formex.publications.europa.eu/schema/formex-05.21-20110601.xd" xmlns:leos="urn:eu:europa:ec:leos" xmlns:xs="http://www.w3.org/2001/XMLSchema"><bill name=""><meta xmlns:fn="http://www.w3.org/2005/xpath-functions"><identification source="~COM"><FRBRWork><FRBRthis value=""/><FRBRuri value=""/><FRBRdate date="2999-01-01" name=""/><FRBRauthor href=""/><FRBRcountry value=""/></FRBRWork><FRBRExpression><FRBRthis value=""/><FRBRuri value=""/><FRBRdate date="2999-01-01" name=""/><FRBRauthor href=""/><FRBRlanguage language="eng"/></FRBRExpression><FRBRManifestation><FRBRthis value=""/><FRBRuri value=""/><FRBRdate date="2999-01-01" name=""/><FRBRauthor href=""/></FRBRManifestation></identification></meta><preface><longTitle><p><docStage/><docType>COMMISSION IMPLEMENTING REGULATION (EU) 2020/45</docType>of 20 January 2020<docPurpose>amending Implementing Regulation (EU) 2019/1379 as regards the extension of the anti-dumping duty imposed on imports of bicycles originating in the People&apos;s Republic of China to imports of certain bicycle parts originating in the People&apos;s Republic of China by Council Regulation (EC) No 71/97</docPurpose></p></longTitle></preface><preamble><formula name="actingEntity"><p>THE EUROPEAN COMMISSION,</p></formula><citations><citation><p>Having regard to the Treaty on the Functioning of the European Union,</p></citation><citation><p>Having regard to Council Regulation (EU) 2016/1036 of the European Parliament and of the Council of 8 June 2016 on protection against dumped imports from countries not members of the European Union<authorialNote placement="bottom" marker="1"><p>OJ L 176, 30.6.2016, p. 21.</p></authorialNote> (&apos;the basic Regulation&apos;), and in particular Article 11(2) thereof,</p></citation></citations><recitals xml:id="recs_d98e72"><intro><p>Whereas:</p></intro><recital xml:id="rec_d98e75"><num>(1)</num><p>By Regulation (EEC) No 2474/93<authorialNote placement="bottom" marker="2"><p>Council Regulation (EEC) No 2474/93 of 8 September 1993 imposing a definitive anti-dumping duty on imports into the Community of bicycles originating in the People&apos;s Republic of China and collecting definitively the provisional anti-dumping duty (OJ L 228, 9.9.1993, p. 1).</p></authorialNote>, the Council imposed a definitive anti-dumping duty on imports of bicycles originating in the People&apos;s Republic of China.</p></recital><recital xml:id="rec_d98e91"><num>(2)</num><p>Council Regulation (EC) No 71/97<authorialNote placement="bottom" marker="3"><p>Council Regulation (EC) No 71/97 of 10 January 1997 extending the definitive anti-dumping duty imposed by Regulation (EEC) No 2474/93 on bicycles originating in the People&apos;s Republic of China to imports of certain bicycle parts from the People&apos;s Republic of China, and levying the extended duty on such imports registered under Regulation (EC) No 703/96 (OJ L 16, 18.1.1997, p. 55).</p></authorialNote> extended the measures to imports of certain bicycle parts originating in the People&apos;s Republic of China, following an anti-circumvention investigation. Extensions of measures following an anti-circumvention investigation remain in force as long as the original measures remain in force.</p></recital><recital xml:id="rec_d98e110"><num>(3)</num><p>Commission Implementing Regulation (EU) 2019/1379<authorialNote placement="bottom" marker="4"><p>Commission Implementing Regulation (EU) 2019/1379 of 28 August 2019 imposing a definitive anti-dumping duty on imports of bicycles originating in the People&apos;s Republic of China as extended to imports of bicycles consigned from Indonesia, Malaysia, Sri Lanka, Tunisia, Cambodia, Pakistan and the Philippines, whether declared as originating in these countries or not, following an expiry review pursuant to Article 11(2) of Regulation (EU) 2016/1036 (OJ L 225, 29.8.2019, p. 1).</p></authorialNote> prolonged the measures on imports of bicycles originating in the People&apos;s Republic of China for another five years following an expiry review pursuant to Article 11(2) of Regulation (EU) 2016/1036. Since it did not explicitly mention the extension to certain bicycle parts, it should be clarified that the extension of measures is maintained also to imports of those bicycle parts originating in the People&apos;s Republic of China.</p></recital><recital xml:id="rec_d98e126"><num>(4)</num><p>Implementing Regulation (EU) 2019/1379 should be amended as well to clarify that the product under review falls under the CN codes indicated in that Regulation only at the moment it was published, and that changes in the CN have no impact on the measures.</p></recital><recital xml:id="rec_d98e132"><num>(5)</num><p>Therefore, Implementing Regulation (EU) 2019/1379 should be amended accordingly.</p></recital><recital xml:id="rec_d98e138"><num>(6)</num><p>The measures provided for in this Regulation are in accordance with the opinion of the Committee established by Article 15(1) of Regulation (EU) 2016/1036.</p></recital></recitals><formula name="enactingFormula"><p>HAS ADOPTED THIS REGULATION:</p></formula></preamble><body><article xml:id="art_d98e147" leos:compliant="false"><num>Article 1</num><heading/><paragraph><subparagraph><content><p>Implementing Regulation (EU) 2019/1379 is amended as follows:</p></content></subparagraph><list><point><num>(1)</num><alinea><content><p>Recital (37) is replaced by the following:</p></content></alinea><alinea><content><p><mod><quotedStructure startQuote="" endQuote=""><list><num>&apos;(37)</num><content><p>The product subject to this review is bicycles and other cycles (including delivery tricycles, but excluding unicycles), not motorised, currently falling under CN codes 87120030 and ex87120070 (TARIC codes 8712007091, 8712007092 and 8712007099) (&apos;the product under review&apos; or &apos;bicycles&apos;)&apos;</p></content></list></quotedStructure></mod></p></content></alinea></point><point><num>(2)</num><alinea><content><p>In Article 1, paragraph 1 is replaced by the following:</p></content></alinea><alinea><content><p><mod><quotedStructure startQuote="" endQuote=""><paragraph><num>&apos;1.</num><content><p>A definitive anti-dumping duty is hereby imposed on imports of bicycles and other cycles (including delivery tricycles, but excluding unicycles), not motorised, currently falling under CN codes 87120030 and ex87120070 (TARIC codes 8712007091, 8712007092 and 8712007099), originating in the People&apos;s Republic of China.&apos;</p></content></paragraph></quotedStructure></mod></p></content></alinea></point><point><num>(3)</num><alinea><content><p>In Article 1, the following paragraph [4a] is inserted:</p></content></alinea><alinea><content><p><mod><quotedStructure startQuote="" endQuote=""><paragraph><num>&apos;4a.</num><subparagraph><content><p>The extension of the antidumping duty imposed on imports of bicycles originating in the People&apos;s Republic of China to imports of certain bicycle parts originating in the People&apos;s Republic of China by the Council Regulation (EC) No 71/97, is hereby maintained.</p></content></subparagraph><subparagraph><content><p>The definitive anti-dumping duty referred to in Article 2(1) of the Council Regulation (EC) No 71/97 shall be the &apos;all other companies&apos;anti-dumping duty imposed by Article 1(2) herein.&apos;</p></content></subparagraph></paragraph></quotedStructure></mod></p></content></alinea></point></list></paragraph></article><article xml:id="art_d98e248"><num>Article 2</num><heading/><paragraph><content><p>This Regulation shall enter into force on the day following that of its publication in the <i>Official Journal of the European Union</i>.</p></content></paragraph></article><clause><content><p>This Regulation shall be binding in its entirety and directly applicable in all Member States.</p></content></clause></body><conclusions><p>Done at Brussels, 20 January 2020.</p><block name="signatory"><signature><organization refersTo="">For the Commission</organization><role refersTo="">The President</role><person refersTo="">Ursula VON DER LEYEN</person></signature></block></conclusions></bill></akomaNtoso>