<?xml version="1.0" encoding="UTF-8"?><akomaNtoso xmlns="http://docs.oasis-open.org/legaldocml/ns/akn/3.0" xmlns:fmx="http://formex.publications.europa.eu/schema/formex-05.21-20110601.xd" xmlns:leos="urn:eu:europa:ec:leos" xmlns:xs="http://www.w3.org/2001/XMLSchema"><bill name=""><meta xmlns:fn="http://www.w3.org/2005/xpath-functions"><identification source="~COM"><FRBRWork><FRBRthis value=""/><FRBRuri value=""/><FRBRdate date="2999-01-01" name=""/><FRBRauthor href=""/><FRBRcountry value=""/></FRBRWork><FRBRExpression><FRBRthis value=""/><FRBRuri value=""/><FRBRdate date="2999-01-01" name=""/><FRBRauthor href=""/><FRBRlanguage language="eng"/></FRBRExpression><FRBRManifestation><FRBRthis value=""/><FRBRuri value=""/><FRBRdate date="2999-01-01" name=""/><FRBRauthor href=""/></FRBRManifestation></identification></meta><preface><longTitle><p><docStage/><docType>COUNCIL DECISION (EU) 2020/244</docType>of 20 January 2020<docPurpose>on the conclusion, on behalf of the Union, of the Enhanced Partnership and Cooperation Agreement between the European Union and its Member States, of the one part, and the Republic of Kazakhstan, of the other part</docPurpose></p></longTitle></preface><preamble><formula name="actingEntity"><p>THE COUNCIL OF THE EUROPEAN UNION,</p></formula><citations><citation><p>Having regard to the Treaty on European Union, and in particular Article 37 and Article 31(1) thereof,</p></citation><citation><p>Having regard to the Treaty on the Functioning of the European Union, and in particular Article 91, Article 100(2) and Articles 207 and 209, in conjunction with Article 218(6)(a) and the second subparagraph of Article 218(8) thereof,</p></citation><citation><p>Having regard to the joint proposal from the European Commission and the High Representative of the Union for Foreign Affairs and Security Policy,</p></citation><citation><p>Having regard to the consent of the European Parliament<authorialNote placement="bottom" marker="1"><p>Consent of 12 December 2017 (not yet published in the Official Journal).</p></authorialNote>,</p></citation></citations><recitals xml:id="recs_d203e70"><intro><p>Whereas:</p></intro><recital xml:id="rec_d203e73"><num>(1)</num><p>In accordance with Council Decision (EU) 2016/123<authorialNote placement="bottom" marker="2"><p>Council Decision (EU) 2016/123 of 26 October 2015 on the signing, on behalf of the European Union, and provisional application of the Enhanced Partnership and Cooperation Agreement between the European Union and its Member States, of the one part, and the Republic of Kazakhstan, of the other part (OJ L 29, 4.2.2016, p. 1).</p></authorialNote>, the Enhanced Partnership and Cooperation Agreement between the European Union and its Member States, of the one part, and the Republic of Kazakhstan, of the other part (&apos;the Agreement&apos;) was signed on 21 December 2015, subject to its conclusion at a later date.</p></recital><recital xml:id="rec_d203e96"><num>(2)</num><p>The Agreement constitutes an important step towards increased political and economic involvement of the Union in Central Asia. By strengthening political dialogue and improving cooperation in a broad range of areas, it will provide the basis for more effective bilateral engagement with the Republic of Kazakhstan.</p></recital><recital xml:id="rec_d203e102"><num>(3)</num><p>The Agreement should be approved,</p></recital></recitals><formula name="enactingFormula"><p>HAS ADOPTED THIS DECISION:</p></formula></preamble><body><article xml:id="art_d203e111"><num>Article 1</num><heading/><paragraph><content><p>The Enhanced Partnership and Cooperation Agreement between the European Union and its Member States, of the one part, and the Republic of Kazakhstan, of the other part, is hereby approved on behalf of the Union.<authorialNote placement="bottom" marker="3"><p>The Agreement has been published in OJ L 29, 4.2.2016, p. 3, together with the decision on signature.</p></authorialNote></p></content></paragraph></article><article xml:id="art_d203e122"><num>Article 2</num><heading/><paragraph><content><p>The President of the Council shall designate the person(s) empowered to give, on behalf of the Union, the notification provided for in Article 281(1) of the Agreement in order to express the consent of the Union to be bound by the Agreement.<authorialNote placement="bottom" marker="4"><p>The date of entry into force of the Agreement will be published in the <i>Official Journal of the European Union</i> by the General Secretariat of the Council.</p></authorialNote></p></content></paragraph></article><article xml:id="art_d203e134"><num>Article 3</num><heading/><paragraph><content><p>This Decision shall enter into force on the date of its adoption.</p></content></paragraph></article></body><conclusions><p>Done at Brussels, 20 January 2020.</p><block name="signatory"><signature><organization refersTo="">For the Council</organization><role refersTo="">The President</role><person refersTo="">J. BORRELL FONTELLES</person></signature></block></conclusions></bill></akomaNtoso>