<?xml version="1.0" encoding="UTF-8"?><akomaNtoso xmlns="http://docs.oasis-open.org/legaldocml/ns/akn/3.0" xmlns:fmx="http://formex.publications.europa.eu/schema/formex-05.21-20110601.xd" xmlns:leos="urn:eu:europa:ec:leos" xmlns:xs="http://www.w3.org/2001/XMLSchema"><bill name=""><meta xmlns:fn="http://www.w3.org/2005/xpath-functions"><identification source="~COM"><FRBRWork><FRBRthis value=""/><FRBRuri value=""/><FRBRdate date="2999-01-01" name=""/><FRBRauthor href=""/><FRBRcountry value=""/></FRBRWork><FRBRExpression><FRBRthis value=""/><FRBRuri value=""/><FRBRdate date="2999-01-01" name=""/><FRBRauthor href=""/><FRBRlanguage language="eng"/></FRBRExpression><FRBRManifestation><FRBRthis value=""/><FRBRuri value=""/><FRBRdate date="2999-01-01" name=""/><FRBRauthor href=""/></FRBRManifestation></identification></meta><preface><longTitle><p><docStage/><docType>COUNCIL DECISION (EU, Euratom) 2020/233</docType>of 17 February 2020<docPurpose>appointing a member, proposed by the French Republic, of the European Economic and Social Committee</docPurpose></p></longTitle></preface><preamble><formula name="actingEntity"><p>THE COUNCIL OF THE EUROPEAN UNION,</p></formula><citations><citation><p>Having regard to the Treaty on the Functioning of the European Union, and in particular Article 302 thereof,</p></citation><citation><p>Having regard to the Treaty establishing the European Atomic Energy Community, and in particular Article 106a thereof,</p></citation><citation><p>Having regard to the proposal of the French Government,</p></citation><citation><p>Having regard to the opinion of the European Commission,</p></citation></citations><recitals xml:id="recs_d318e63"><intro><p>Whereas:</p></intro><recital xml:id="rec_d318e66"><num>(1)</num><p>On 18 September 2015 and 1 October 2015, the Council adopted Decisions (EU, Euratom) 2015/1600<authorialNote placement="bottom" marker="1"><p>Council Decision (EU, Euratom) 2015/1600 of 18 September 2015 appointing the members of the European Economic and Social Committee for the period from 21 September 2015 to 20 September 2020 (OJ L 248, 24.9.2015, p. 53).</p></authorialNote> and (EU, Euratom) 2015/1790<authorialNote placement="bottom" marker="2"><p>Council Decision (EU, Euratom) 2015/1790 of 1 October 2015 appointing the members of the European Economic and Social Committee for the period from 21 September 2015 to 20 September 2020 (OJ L 260, 7.10.2015, p. 23).</p></authorialNote> appointing the members of the European Economic and Social Committee for the period from 21 September 2015 to 20 September 2020.</p></recital><recital xml:id="rec_d318e117"><num>(2)</num><p>A member&apos;s seat on the European Economic and Social Committee has become vacant following the end of the term of office of Mr Christophe HILLAIRET,</p></recital></recitals><formula name="enactingFormula"><p>HAS ADOPTED THIS DECISION:</p></formula></preamble><body><article xml:id="art_d318e126"><num>Article 1</num><heading/><paragraph><content><p>Mr Maximin CHARPENTIER, <i>Membre du bureau de l&apos;Assemblée permanente des chambres d&apos;agriculture</i>, is hereby appointed as a member of the European Economic and Social Committee for the remainder of the current term of office, which runs until 20 September 2020.</p></content></paragraph></article><article xml:id="art_d318e137"><num>Article 2</num><heading/><paragraph><content><p>This Decision shall enter into force on the date of its adoption.</p></content></paragraph></article></body><conclusions><p>Done at Brussels, 17 February 2020.</p><block name="signatory"><signature><organization refersTo="">For the Council</organization><role refersTo="">The President</role><person refersTo="">J. BORRELL FONTELLES</person></signature></block></conclusions></bill></akomaNtoso>