<?xml version="1.0" encoding="UTF-8"?><akomaNtoso xmlns="http://docs.oasis-open.org/legaldocml/ns/akn/3.0" xmlns:fmx="http://formex.publications.europa.eu/schema/formex-05.21-20110601.xd" xmlns:leos="urn:eu:europa:ec:leos" xmlns:xs="http://www.w3.org/2001/XMLSchema"><bill name=""><meta xmlns:fn="http://www.w3.org/2005/xpath-functions"><identification source="~COM"><FRBRWork><FRBRthis value=""/><FRBRuri value=""/><FRBRdate date="2999-01-01" name=""/><FRBRauthor href=""/><FRBRcountry value=""/></FRBRWork><FRBRExpression><FRBRthis value=""/><FRBRuri value=""/><FRBRdate date="2999-01-01" name=""/><FRBRauthor href=""/><FRBRlanguage language="eng"/></FRBRExpression><FRBRManifestation><FRBRthis value=""/><FRBRuri value=""/><FRBRdate date="2999-01-01" name=""/><FRBRauthor href=""/></FRBRManifestation></identification></meta><preface><longTitle><p><docStage/><docType>COMMISSION IMPLEMENTING DECISION (EU) 2020/397</docType>of 12 March 2020<docPurpose>amending the Annex to Implementing Decision 2014/709/EU concerning animal health control measures relating to African swine fever in certain Member States</docPurpose></p></longTitle><container name="EEArelevance"><p>(notified under document C(2020) 1678)</p></container></preface><preamble><formula name="actingEntity"><p>THE EUROPEAN COMMISSION,</p></formula><citations><citation><p>Having regard to the Treaty on the Functioning of the European Union,</p></citation><citation><p>Having regard to Council Directive 89/662/EEC of 11 December 1989 concerning veterinary checks in intra-Community trade with a view to the completion of the internal market<authorialNote placement="bottom" marker="1"><p>OJ L 395, 30.12.1989, p. 13.</p></authorialNote>, and in particular Article 9(4) thereof,</p></citation><citation><p>Having regard to Council Directive 90/425/EEC of 26 June 1990 concerning veterinary checks applicable in intra-Union trade in certain live animals and products with a view to the completion of the internal market<authorialNote placement="bottom" marker="2"><p>OJ L 224, 18.8.1990, p. 29.</p></authorialNote>, and in particular Article 10(4) thereof,</p></citation><citation><p>Having regard to Council Directive 2002/99/EC of 16 December 2002 laying down the animal health rules governing the production, processing, distribution and introduction of products of animal origin for human consumption<authorialNote placement="bottom" marker="3"><p>OJ L 18, 23.1.2003, p. 11.</p></authorialNote>, and in particular Article 4(3) thereof,</p></citation></citations><recitals xml:id="recs_d132e97"><intro><p>Whereas:</p></intro><recital xml:id="rec_d132e100"><num>(1)</num><p>Commission Implementing Decision 2014/709/EU<authorialNote placement="bottom" marker="4"><p>Commission Implementing Decision 2014/709/EU of 9 October 2014 concerning animal health control measures relating to African swine fever in certain Member States and repealing Implementing Decision 2014/178/EU (OJ L 295, 11.10.2014, p. 63).</p></authorialNote> lays down animal health control measures in relation to African swine fever in certain Member States, where there have been confirmed cases of that disease in domestic or feral pigs (the Member States concerned). The Annex to that Implementing Decision demarcates and lists certain areas of the Member States concerned in Parts I to IV thereof, differentiated by the level of risk based on the epidemiological situation as regards that disease. The Annex to Implementing Decision 2014/709/EU has been amended several times to take account of changes in the epidemiological situation in the Union as regards African swine fever that need to be reflected in that Annex. The Annex to Implementing Decision 2014/709/EU was last amended by Commission Implementing Decision (EU) 2020/291<authorialNote placement="bottom" marker="5"><p>Commission Implementing Decision (EU) 2020/291 of 28 February 2020 amending the Annex to Implementing Decision 2014/709/EU concerning animal health control measures relating to African swine fever in certain Member States (OJ L 61, 2.3.2020, p. 9).</p></authorialNote>, following instances of African swine fever in pigs in Poland and Hungary.</p></recital><recital xml:id="rec_d132e126"><num>(2)</num><p>Council Directive 2002/60/EC<authorialNote placement="bottom" marker="6"><p>Council Directive 2002/60/EC of 27 June 2002 laying down specific provisions for the control of African swine fever and amending Directive 92/119/EEC as regards Teschen disease and African swine fever (OJ L 192, 20.7.2002, p. 27).</p></authorialNote> lays down the minimum Union measures to be taken for the control of African swine fever. In particular, Article 9 of Directive 2002/60/EC provides for the establishment of a protection zone and a surveillance zone when African swine fever has been officially confirmed in pigs on a holding, and Articles 10 and 11 of that Directive lay down the measures to be taken in the protection and surveillance zones in order to prevent the spread of that disease. Recent experience has shown that the measures laid down in Directive 2002/60/EC are effective in controlling the spread of that disease, and in particular the measures providing for the cleaning and disinfecting of infected holdings and other measures related to the eradication of that disease.</p></recital><recital xml:id="rec_d132e142"><num>(3)</num><p>Since the date of adoption of Implementing Decision (EU) 2020/291, there has been a new case of African swine fever in a feral pig in Romania, and there have also been new cases of that disease in feral pigs in Poland.</p></recital><recital xml:id="rec_d132e149"><num>(4)</num><p>In March 2020, a case of African swine fever in a feral pig was observed in the county of Suceava in Romania in an area currently listed in Part I of the Annex to Implementing Decision 2014/709/EU. This case of African swine fever in a feral pig constitutes an increased level of risk, which should be reflected in that Annex. Accordingly, this area of Romania currently listed in Part I of the Annex to Implementing Decision 2014/709/EU, affected by this recent case of African swine fever, should now be listed in Part II of that Annex instead of in Part I thereof.</p></recital><recital xml:id="rec_d132e155"><num>(5)</num><p>In March 2020, several cases of African swine fever in feral pigs were observed in the districts of grójecki and wschowski in Poland in areas currently listed in Part II of the Annex to Implementing Decision 2014/709/EU, located in close proximity to areas listed in Part I thereof. These cases of African swine fever in feral pigs constitute an increased level of risk, which should be reflected in that Annex. Accordingly, these areas of Poland currently listed in Part I of the Annex to Implementing Decision 2014/709/EU, affected by these recent cases of African swine fever, should now be listed in Part II of that Annex instead of in Part I thereof.</p></recital><recital xml:id="rec_d132e161"><num>(6)</num><p>Following these recent cases of African swine fever in feral pigs in Romania and Poland, and taking into account the current epidemiological situation in the Union, regionalisation in those Member States has been reassessed and updated. In addition, the risk management measures in place also have been reassessed and updated. These changes need to be reflected in the Annex to Implementing Decision 2014/709/EU.</p></recital><recital xml:id="rec_d132e167"><num>(7)</num><p>In order to take account of recent developments in the epidemiological evolution of African swine fever in the Union, and in order to combat the risks associated with the spread of that disease in a proactive manner, new high-risk areas of a sufficient size should be demarcated for Romania and Poland and duly listed in Part II of the Annex to Implementing Decision 2014/709/EU. The Annex to Implementing Decision 2014/709/EU should therefore be amended accordingly.</p></recital><recital xml:id="rec_d132e173"><num>(8)</num><p>Given the urgency of the epidemiological situation in the Union as regards the spread of African swine fever, it is important that the amendments made to the Annex to Implementing Decision 2014/709/EU by this Decision take effect as soon as possible.</p></recital><recital xml:id="rec_d132e179"><num>(9)</num><p>The measures provided for in this Decision are in accordance with the opinion of the Standing Committee on Plants, Animals, Food and Feed,</p></recital></recitals><formula name="enactingFormula"><p>HAS ADOPTED THIS DECISION:</p></formula></preamble><body><article xml:id="art_d132e188"><num>Article 1</num><heading/><paragraph><content><p>The Annex to Implementing Decision 2014/709/EU is replaced by the text set out in the Annex to this Decision.</p></content></paragraph></article><article xml:id="art_d132e193"><num>Article 2</num><heading/><paragraph><content><p>This Decision is addressed to the Member States.</p></content></paragraph></article></body><conclusions><p>Done at Brussels, 12 March 2020.</p><block name="signatory"><signature><organization refersTo="">For the Commission</organization><role refersTo="">Stella KYRIAKIDES</role><person refersTo="">Member of the Commission</person></signature></block></conclusions></bill></akomaNtoso>