<?xml version="1.0" encoding="UTF-8"?><akomaNtoso xmlns="http://docs.oasis-open.org/legaldocml/ns/akn/3.0" xmlns:fmx="http://formex.publications.europa.eu/schema/formex-05.21-20110601.xd" xmlns:leos="urn:eu:europa:ec:leos" xmlns:xs="http://www.w3.org/2001/XMLSchema"><bill name=""><meta xmlns:fn="http://www.w3.org/2005/xpath-functions"><identification source="~COM"><FRBRWork><FRBRthis value=""/><FRBRuri value=""/><FRBRdate date="2999-01-01" name=""/><FRBRauthor href=""/><FRBRcountry value=""/></FRBRWork><FRBRExpression><FRBRthis value=""/><FRBRuri value=""/><FRBRdate date="2999-01-01" name=""/><FRBRauthor href=""/><FRBRlanguage language="eng"/></FRBRExpression><FRBRManifestation><FRBRthis value=""/><FRBRuri value=""/><FRBRdate date="2999-01-01" name=""/><FRBRauthor href=""/></FRBRManifestation></identification></meta><preface><longTitle><p><docStage/><docType>COMMISSION IMPLEMENTING REGULATION (EU) 2020/269</docType>of 26 February 2020<docPurpose>amending Regulation (EU) No 468/2010 establishing the EU list of vessels engaged in illegal, unreported and unregulated fishing (Part B &#45; Vessels listed in Article 30 of Regulation (EC) No 1005/2008)</docPurpose></p></longTitle></preface><preamble><formula name="actingEntity"><p>THE EUROPEAN COMMISSION,</p></formula><citations><citation><p>Having regard to the Treaty on the Functioning of the European Union,</p></citation><citation><p>Having regard to Council Regulation (EC) No 1005/2008 of 29 September 2008 establishing a Community system to prevent, deter and eliminate illegal, unreported and unregulated fishing, amending Regulations (EEC) No 2847/93, (EC) No 1936/2001 and (EC) No 601/2004 and repealing Regulations (EC) No 1093/94 and (EC) No 1447/1999<authorialNote placement="bottom" marker="1"><p>OJ L 286, 29.10.2008, p. 1.</p></authorialNote>, and in particular Article 30 thereof,</p></citation></citations><recitals xml:id="recs_d125e68"><intro><p>Whereas:</p></intro><recital xml:id="rec_d125e71"><num>(1)</num><p>Chapter V of Regulation (EC) No 1005/2008 lays down procedures for the identification of fishing vessels engaged in illegal, unreported and unregulated fishing (&apos;IUU&apos;) as well as procedures for establishing a Union list of such vessels (&apos;the Union list&apos;). Article 37 of that Regulation provides for actions to be taken against fishing vessels included in that list.</p></recital><recital xml:id="rec_d125e85"><num>(2)</num><p>The Union list was established by Commission Regulation (EU) No 468/2010<authorialNote placement="bottom" marker="2"><p>Commission Regulation (EU) No 468/2010 of 28 May 2010 establishing the EU list of vessels engaged in illegal, unreported and unregulated fishing (OJ L 131, 29.5.2010, p. 22).</p></authorialNote> and subsequently amended by Commission Implementing Regulations (EU) No 724/2011<authorialNote placement="bottom" marker="3"><p>Commission Implementing Regulation (EU) (EU) No 724/2011 of 25 July 2011 amending Regulation (EU) No 468/2010 establishing the EU list of vessels engaged in illegal, unreported and unregulated fishing (OJ L 194, 26.7.2011, p. 14).</p></authorialNote>, (EU) No 1234/2012<authorialNote placement="bottom" marker="4"><p>Commission Implementing Regulation (EU) No 1234/2012 of 19 December 2012 amending Regulation (EU) No 468/2010 establishing the EU list of vessels engaged in illegal, unreported and unregulated fishing (OJ L 350, 20.12.2012, p. 38).</p></authorialNote>, (EU) No 672/2013<authorialNote placement="bottom" marker="5"><p>Commission Implementing Regulation (EU)_No 672/2013 of 15 July 2013 amending Regulation (EU) No 468/2010 establishing the EU list of vessels engaged in illegal, unreported and unregulated fishing (OJ L 193, 16.7.2013, p. 6.)</p></authorialNote>, (EU) No 137/2014<authorialNote placement="bottom" marker="6"><p>Commission Implementing Regulation (EU) No 137/2014 of 12 February 2014 amending Regulation (EU) No 468/2010 establishing the EU list of vessels engaged in illegal, unreported and unregulated fishing (OJ L 43, 13.2.2014, p. 47.)</p></authorialNote>, (EU) 2015/1296<authorialNote placement="bottom" marker="7"><p>Commission Implementing Regulation (EU) 2015/1296 of 28 July 2015 amending Regulation (EU) No 468/2010 establishing the EU list of vessels engaged in illegal, unreported and unregulated fishing (OJ L 199, 29.7.2015, p. 12.)</p></authorialNote>, (EU) 2016/1852<authorialNote placement="bottom" marker="8"><p>Commission Implementing Regulation (EU) 2016/1852 of 19 October 2016 amending Regulation (EU) No 468/2010 establishing the EU list of vessels engaged in illegal, unreported and unregulated fishing (OJ L 284, 20.10.2016, p. 5).</p></authorialNote>, (EU) 2017/2178<authorialNote placement="bottom" marker="9"><p>Commission Implementing Regulation (EU) 2017/2178 of 22 November 2017 amending Regulation (EU) No 468/2010 establishing the EU list of vessels engaged in illegal, unreported and unregulated fishing (OJ L 307, 23.11.2017, p. 14.)</p></authorialNote> and (EU) 2018/1883<authorialNote placement="bottom" marker="10"><p>Commission Implementing Regulation (EU) 2018/1883 of 3 December 2018 amending Regulation (EU) No 468/2010 establishing the EU list of vessels engaged in illegal, unreported and unregulated fishing (OJ L 308, 4.12.2018, p. 30.)</p></authorialNote>.</p></recital><recital xml:id="rec_d125e182"><num>(3)</num><p>According to Article 30(1) of Regulation (EC) No 1005/2008, vessels included in the IUU vessel lists adopted by regional fisheries management organisations are to be included in the Union list.</p></recital><recital xml:id="rec_d125e188"><num>(4)</num><p>All regional fishery management organisations provide for the establishment and regular up-date of IUU vessel lists in accordance with their respective rules<authorialNote placement="bottom" marker="11"><p>Last updates: CCAMLR: NCP-IUU Vessel List adopted at the 38<sup>th</sup> annual meeting, 21 October-1 November 2019; GFCM: IUU list adopted at the 42<sup>nd</sup> session of GFCM, 22 October-26 October 2018; IATTC: 2019 list adopted at the 94<sup>th</sup> meeting of IATTC, 26 July 2019; ICCAT: 2018 IUU list adopted at the 21<sup>st</sup> special meeting of the Commission, 12 November-19 November 2018; IOTC: IOTC IUU vessels list 2019, approved at the 23<sup>rd</sup> session of the IOTC, 17 June-21 June 2019; NAFO: NAFO IUU List adopted at the 41<sup>st</sup> annual meeting of NAFO, 23 September-27 September 2019; NEAFC: IUU B list AM 2018-14 as adopted at 37<sup>th</sup> annual meeting of NEAFC, 13 November-16 November 2018; NPFC: NPFC IUU List adopted at the 5<sup>th</sup> Commission meeting, 16 July-18 July 2019; SEAFO: SEAFO 2019 IUU Vessel list adopted at the 15<sup>th</sup> annual meeting of the Commission, 26 November-30 November 2018; SIOFA: SIOFA IUU Vessel List adopted at the 6<sup>th</sup> Meeting of the Parties, 1 July-5 July 2019; SPRFMO: 2019 IUU vessel list adopted at the 7<sup>th</sup> Commission meeting, 23 January-27 January 2019; WCPFC: WCPFC IUU vessel list for 2019 adopted at the 15<sup>th</sup> regular session of the Commission, 9 December-14 December 2018.</p></authorialNote>.</p></recital><recital xml:id="rec_d125e309"><num>(5)</num><p>According to Article 30 of Regulation (EC) No 1005/2008, upon the receipt from regional fisheries management organisations of the lists of fishing vessels presumed or confirmed to be involved in IUU fishing, the Commission is to update the Union list. Since the Commission has received new lists from the regional fisheries management organisations, the Union list should now be updated.</p></recital><recital xml:id="rec_d125e315"><num>(6)</num><p>Considering that the same vessel might be listed under different names and/or flags depending on the time of its inclusion on the regional fisheries management organisations lists, the updated Union list should include the different names and/or flags as established by the relevant regional fisheries management organisations.</p></recital><recital xml:id="rec_d125e321"><num>(7)</num><p>The vessels &apos;Benaiah&apos;, &apos;Beo Hingis&apos;, &apos;Carmal Matha&apos;, &apos;Dignamol 1&apos;, &apos;Ephraeem&apos;, &apos;King Jesus&apos;, &apos;Sacred Heart&apos;, &apos;Shalom&apos;, &apos;Vachanam&apos; and &apos;Wisdom&apos;<authorialNote placement="bottom" marker="12"><p>RFMO references: 20170003 [ICCAT], 20170004 [ICCAT], 20170005 [ICCAT], 20170006 [ICCAT], 20170007 [ICCAT], 20170008 [ICCAT], 20170009 [ICCAT], 20170010 [ICCAT], 20170011 [ICCAT] and 20170012 [ICCAT].</p></authorialNote>, which are currently included in the Union list, have been removed from the list established by the Indian Ocean Tuna Commission (&apos;IOTC&apos;), in line with Resolution 18/03 of that regional fisheries management organisation. As the decision was taken by the relevant regional fisheries management organisation under the terms of Article 30(1) of Regulation (EC) No 1005/2008, these vessels should accordingly be removed from the Union list, despite the fact that they have not yet been deleted from the list established by the International Commission for the Conservation of Atlantic Tunas (&apos;ICCAT&apos;).</p></recital><recital xml:id="rec_d125e382"><num>(8)</num><p>The vessel &apos;Nefelin&apos;<authorialNote placement="bottom" marker="13"><p>IMO ship identification number: 7645237.</p></authorialNote> has been removed from the list established by the General Fisheries Commission for the Mediterranean (&apos;GFCM&apos;), in line with Recommendation GFCM/33/209/8 of that regional fisheries management organisation. This vessel should thus not be included in the Union list despite the fact that it has not yet been deleted from the list established by the Southern Indian Ocean Fisheries Agreement (&apos;SIOFA&apos;).</p></recital><recital xml:id="rec_d125e404"><num>(9)</num><p>The vessel referred to in recital 8 was not included in the Union list amended by Implementing Regulation (EU) 2018/1883 as the list of fishing vessels presumed or confirmed to be involved in IUU fishing adopted by the relevant regional fisheries management organisation was received by the Commission after adoption of that Regulation.</p></recital><recital xml:id="rec_d125e410"><num>(10)</num><p>Regulation (EU) No 468/2010 should therefore be amended accordingly.</p></recital><recital xml:id="rec_d125e417"><num>(11)</num><p>The measures provided for in this Regulation are in accordance with the opinion of the Committee for Fisheries and Aquaculture,</p></recital></recitals><formula name="enactingFormula"><p>HAS ADOPTED THIS REGULATION:</p></formula></preamble><body><article xml:id="art_d125e426"><num>Article 1</num><heading/><paragraph><content><p>Part B of the Annex to Regulation (EU) No 468/2010 is replaced by the text in the Annex to this Regulation.</p></content></paragraph></article><article xml:id="art_d125e431"><num>Article 2</num><heading/><paragraph><content><p>This Regulation shall enter into force on the seventh day following that of its publication in the <i>Official Journal of the European Union</i>.</p></content></paragraph></article><clause><content><p>This Regulation shall be binding in its entirety and directly applicable in all Member States.</p></content></clause></body><conclusions><p>Done at Brussels, 26 February 2020.</p><block name="signatory"><signature><organization refersTo="">For the Commission</organization><role refersTo="">The President</role><person refersTo="">Ursula VON DER LEYEN</person></signature></block></conclusions></bill></akomaNtoso>