<?xml version="1.0" encoding="UTF-8"?><akomaNtoso xmlns="http://docs.oasis-open.org/legaldocml/ns/akn/3.0" xmlns:fmx="http://formex.publications.europa.eu/schema/formex-05.21-20110601.xd" xmlns:leos="urn:eu:europa:ec:leos" xmlns:xs="http://www.w3.org/2001/XMLSchema"><bill name=""><meta xmlns:fn="http://www.w3.org/2005/xpath-functions"><identification source="~COM"><FRBRWork><FRBRthis value=""/><FRBRuri value=""/><FRBRdate date="2999-01-01" name=""/><FRBRauthor href=""/><FRBRcountry value=""/></FRBRWork><FRBRExpression><FRBRthis value=""/><FRBRuri value=""/><FRBRdate date="2999-01-01" name=""/><FRBRauthor href=""/><FRBRlanguage language="eng"/></FRBRExpression><FRBRManifestation><FRBRthis value=""/><FRBRuri value=""/><FRBRdate date="2999-01-01" name=""/><FRBRauthor href=""/></FRBRManifestation></identification></meta><preface><longTitle><p><docStage/><docType>COUNCIL IMPLEMENTING DECISION (CFSP) 2020/212</docType>of 17 February 2020<docPurpose>implementing Decision 2013/255/CFSP concerning restrictive measures against Syria</docPurpose></p></longTitle></preface><preamble><formula name="actingEntity"><p>THE COUNCIL OF THE EUROPEAN UNION,</p></formula><citations><citation><p>Having regard to the Treaty on European Union, and in particular Article 31(2) thereof,</p></citation><citation><p>Having regard to Council Decision 2013/255/CFSP of 31 May 2013 concerning restrictive measures against Syria<authorialNote placement="bottom" marker="1"><p>OJ L 147, 1.6.2013, p. 14.</p></authorialNote>, and in particular Article 30(1) thereof,</p></citation><citation><p>Having regard to the proposal from the High Representative of the Union for Foreign Affairs and Security Policy,</p></citation></citations><recitals xml:id="recs_d300e70"><intro><p>Whereas:</p></intro><recital xml:id="rec_d300e73"><num>(1)</num><p>On 31 May 2013, the Council adopted Decision 2013/255/CFSP.</p></recital><recital xml:id="rec_d300e82"><num>(2)</num><p>In view of the fact that prominent businesspersons are making large profits through their ties with the Assad regime and are helping to finance that regime in return, including through the joint ventures formed by certain prominent businesspersons and entities with State-backed companies to develop expropriated land, those businesspersons and entities are supporting and benefiting from the Assad regime including through the use of expropriated property.</p></recital><recital xml:id="rec_d300e88"><num>(3)</num><p>Furthermore, the expropriation of land by the Assad regime from persons displaced by the conflict in Syria prevents those persons from being able to return to their homes.</p></recital><recital xml:id="rec_d300e94"><num>(4)</num><p>Eight natural persons and two entities should be added to the list of natural and legal persons, entities or bodies subject to restrictive measures in Annex I to Decision 2013/255/CFSP.</p></recital><recital xml:id="rec_d300e100"><num>(5)</num><p>Decision 2013/255/CFSP should therefore be amended accordingly,</p></recital></recitals><formula name="enactingFormula"><p>HAS ADOPTED THIS DECISION:</p></formula></preamble><body><article xml:id="art_d300e109"><num>Article 1</num><heading/><paragraph><content><p>Annex I to Decision 2013/255/CFSP is amended as set out in the Annex to this Decision.</p></content></paragraph></article><article xml:id="art_d300e114"><num>Article 2</num><heading/><paragraph><content><p>This Decision shall enter into force on the date of its publication in the <i>Official Journal of the European Union</i>.</p></content></paragraph></article></body><conclusions><p>Done at Brussels, 17 February 2020.</p><block name="signatory"><signature><organization refersTo="">For the Council</organization><role refersTo="">The President</role><person refersTo="">J. BORRELL FONTELLES</person></signature></block></conclusions></bill></akomaNtoso>