<?xml version="1.0" encoding="UTF-8"?>L0202020EN2610120191127EN0006261261<p xmlns="http://docs.oasis-open.org/legaldocml/ns/akn/3.0">Corrigendum to Regulation (EU) 2019/2033 of the European Parliament and of the Council of 27 November 2019 on the prudential requirements of investment firms and amending Regulations (EU) No 1093/2010, (EU) No 575/2013, (EU) No 600/2014 and (EU) No 806/2014</p><p xmlns="http://docs.oasis-open.org/legaldocml/ns/akn/3.0">(Official Journal of the European Union L 314 of 5 December 2019)</p>On page 58, Article 63(4)(e):<p xmlns="http://docs.oasis-open.org/legaldocml/ns/akn/3.0"><!--default P | TXT -->for:</p><mod xmlns="http://docs.oasis-open.org/legaldocml/ns/akn/3.0"><quotedStructure startQuote="" endQuote=""><p><!--default P | TXT -->&apos;paragraph 7 is replaced by the following:</p><mod><quotedStructure startQuote="" endQuote=""><paragraph><num>&quot;7.</num><subparagraph><content><p>ESMA, in consultation with EBA, shall develop draft regulatory technical standards to specify the information that the applicant third‐country firm is to provide in the application for registration referred to in paragraph 4 and the information to be reported in accordance with paragraph 6a.</p></content></subparagraph><subparagraph><content><p>ESMA shall submit those draft regulatory technical standards to the Commission by 26 September 2021.</p></content></subparagraph><subparagraph><content><p>Power is delegated to the Commission to supplement this Regulation by adopting the regulatory technical standards referred to in the first subparagraph in accordance with Articles 10 to 14 of Regulation (EU) No 1095/2010.&quot;;&apos;,</p></content></subparagraph></paragraph></quotedStructure></mod></quotedStructure></mod><p xmlns="http://docs.oasis-open.org/legaldocml/ns/akn/3.0"><!--default P | TXT -->read:</p><mod xmlns="http://docs.oasis-open.org/legaldocml/ns/akn/3.0"><quotedStructure startQuote="" endQuote=""><p><!--default P | TXT -->&apos;paragraph 7 is replaced by the following:</p><mod><quotedStructure startQuote="" endQuote=""><paragraph><num>&quot;7.</num><subparagraph><content><p>ESMA, in consultation with EBA, shall develop draft regulatory technical standards to specify the information that the applicant third-country firm is to provide in the application for registration referred to in paragraph 4 and the information to be reported in accordance with paragraph 6a.</p></content></subparagraph><subparagraph><content><p>ESMA shall submit those draft regulatory technical standards to the Commission by 26 September 2020.</p></content></subparagraph><subparagraph><content><p>Power is delegated to the Commission to supplement this Regulation by adopting the regulatory technical standards referred to in the first subparagraph in accordance with Articles 10 to 14 of Regulation (EU) No 1095/2010.&quot;;&apos;.</p></content></subparagraph></paragraph></quotedStructure></mod></quotedStructure></mod>On page 58, Article 63(4)(f):<p xmlns="http://docs.oasis-open.org/legaldocml/ns/akn/3.0"><!--default P | TXT -->for:</p><mod xmlns="http://docs.oasis-open.org/legaldocml/ns/akn/3.0"><quotedStructure startQuote="" endQuote=""><paragraph><num>&apos;8.</num><subparagraph><content><p>ESMA shall develop draft implementing technical standards to specify the format in which the application for registration referred to in paragraph 4 is to be submitted and the information referred to in paragraph 6a is to be reported.</p></content></subparagraph><subparagraph><content><p>ESMA shall submit those draft implementing technical standards to the Commission by 26 September 2021.</p></content></subparagraph><subparagraph><content><p>Power is conferred on the Commission to supplement this Regulation by adopting the implementing technical standards referred to in the first subparagraph in accordance with Article 15 of Regulation (EU) No 1095/2010.&apos;,</p></content></subparagraph></paragraph></quotedStructure></mod><p xmlns="http://docs.oasis-open.org/legaldocml/ns/akn/3.0"><!--default P | TXT -->read:</p><mod xmlns="http://docs.oasis-open.org/legaldocml/ns/akn/3.0"><quotedStructure startQuote="" endQuote=""><paragraph><num>&apos;8.</num><subparagraph><content><p>ESMA shall develop draft implementing technical standards to specify the format in which the application for registration referred to in paragraph 4 is to be submitted and the information referred to in paragraph 6a is to be reported.</p></content></subparagraph><subparagraph><content><p>ESMA shall submit those draft implementing technical standards to the Commission by 26 September 2020.</p></content></subparagraph><subparagraph><content><p>Power is conferred on the Commission to supplement this Regulation by adopting the implementing technical standards referred to in the first subparagraph in accordance with Article 15 of Regulation (EU) No 1095/2010.&apos;.</p></content></subparagraph></paragraph></quotedStructure></mod>