<?xml version="1.0" encoding="UTF-8"?><akomaNtoso xmlns="http://docs.oasis-open.org/legaldocml/ns/akn/3.0" xmlns:fmx="http://formex.publications.europa.eu/schema/formex-05.21-20110601.xd" xmlns:leos="urn:eu:europa:ec:leos" xmlns:xs="http://www.w3.org/2001/XMLSchema"><bill name=""><meta xmlns:fn="http://www.w3.org/2005/xpath-functions"><identification source="~COM"><FRBRWork><FRBRthis value=""/><FRBRuri value=""/><FRBRdate date="2999-01-01" name=""/><FRBRauthor href=""/><FRBRcountry value=""/></FRBRWork><FRBRExpression><FRBRthis value=""/><FRBRuri value=""/><FRBRdate date="2999-01-01" name=""/><FRBRauthor href=""/><FRBRlanguage language="eng"/></FRBRExpression><FRBRManifestation><FRBRthis value=""/><FRBRuri value=""/><FRBRdate date="2999-01-01" name=""/><FRBRauthor href=""/></FRBRManifestation></identification></meta><preface><longTitle><p><docStage/><docType>COMMISSION IMPLEMENTING DECISION (EU) 2020/114</docType>of 24 January 2020<docPurpose>amending the Annex to Implementing Decision (EU) 2020/47 on protective measures in relation to highly pathogenic avian influenza of subtype H5N8 in certain Member States</docPurpose></p></longTitle><container name="EEArelevance"><p>(notified under document C(2020) 487)</p></container></preface><preamble><formula name="actingEntity"><p>THE EUROPEAN COMMISSION,</p></formula><citations><citation><p>Having regard to the Treaty on the Functioning of the European Union,</p></citation><citation><p>Having regard to Council Directive 89/662/EEC of 11 December 1989 concerning veterinary checks in intra-Community trade with a view to the completion of the internal market<authorialNote placement="bottom" marker="1"><p>OJ L 395, 30.12.1989, p. 13.</p></authorialNote>, and in particular Article 9(4) thereof,</p></citation><citation><p>Having regard to Council Directive 90/425/EEC of 26 June 1990 concerning veterinary checks applicable in intra-Union trade in certain live animals and products with a view to the completion of the internal market<authorialNote placement="bottom" marker="2"><p>OJ L 224, 18.8.1990, p. 29.</p></authorialNote>, and in particular Article 10(4) thereof,</p></citation></citations><recitals xml:id="recs_d6e86"><intro><p>Whereas:</p></intro><recital xml:id="rec_d6e89"><num>(1)</num><p>Commission Implementing Decision (EU) 2020/47<authorialNote placement="bottom" marker="3"><p>Commission Implementing Decision (EU) 2020/47 of 20 January 2020 on protective measures in relation to highly pathogenic avian influenza of subtype H5N8 in certain Member States (OJ L 16, 21.1.2020, p. 31).</p></authorialNote> was adopted following outbreaks of highly pathogenic avian influenza of subtype H5N8 in holdings where poultry are kept in Poland, Slovakia, Hungary and Romania (the concerned Member States), and the establishment of protection and surveillance zones by the competent authority of the concerned Member States in accordance with Council Directive 2005/94/EC<authorialNote placement="bottom" marker="4"><p>Council Directive 2005/94/EC of 20 December 2005 on Community measures for the control of avian influenza and repealing Directive 92/40/EEC (OJ L 10, 14.1.2006, p. 16).</p></authorialNote>.</p></recital><recital xml:id="rec_d6e115"><num>(2)</num><p>Implementing Decision (EU) 2020/47 provides that the protection and surveillance zones established by the concerned Member States in accordance with Directive 2005/94/EC are to comprise at least the areas listed as protection and surveillance zones in the Annex to that Implementing Decision.</p></recital><recital xml:id="rec_d6e121"><num>(3)</num><p>Since the date of adoption of Implementing Decision (EU) 2020/47, the concerned Member States have notified the Commission of additional outbreaks of highly pathogenic avian influenza of subtype H5N8 in holdings where poultry are kept, outside the areas listed in the Annex to that Implementing Decision, and they have taken the necessary measures required in accordance with Directive 2005/94/EC, including the establishment of protection and surveillance zones around those new outbreaks.</p></recital><recital xml:id="rec_d6e127"><num>(4)</num><p>Poland notified the Commission of new outbreaks of highly pathogenic avian influenza of subtype H5N8 in poultry in the Ostrowski and Legnicki districts.</p></recital><recital xml:id="rec_d6e133"><num>(5)</num><p>Slovakia notified the Commission of the second outbreak of highly pathogenic avian influenza of subtype H5N8 in poultry in the Trnava district.</p></recital><recital xml:id="rec_d6e139"><num>(6)</num><p>Hungary notified the Commission of a new outbreak of highly pathogenic avian influenza of subtype H5N8 in poultry in the region of Komárom-Esztergom.</p></recital><recital xml:id="rec_d6e145"><num>(7)</num><p>Romania notified the Commission of a new outbreak of highly pathogenic avian influenza of subtype H5N8 in poultry in the region of Maramureș.</p></recital><recital xml:id="rec_d6e152"><num>(8)</num><p>In addition, Czechia notified the Commission of one outbreak of highly pathogenic avian influenza of subtype H5N8 on its territory, in one holding where poultry are kept, in the region of Vysočina, and it has taken the necessary measures required in accordance with Directive 2005/94/EC, including the establishment of protection and surveillance zones around that outbreak. This Member State is not currently listed in the Annex to Implementing Decision (EU) 2020/47, but due to that outbreak, it should be covered by the rules laid down in that Implementing Decision and duly listed in the Annex thereto.</p></recital><recital xml:id="rec_d6e158"><num>(9)</num><p>In all cases, the Commission has examined the measures taken by Poland, Hungary, Slovakia, Romania and Czechia in accordance with Directive 2005/94/EC and it is satisfied that the boundaries of the protection and surveillance zones, established by the competent authorities of those Member States, are at a sufficient distance to any holding where an outbreak of highly pathogenic avian influenza of subtype H5N8 has been confirmed.</p></recital><recital xml:id="rec_d6e165"><num>(10)</num><p>In order to prevent any unnecessary disturbance to trade within the Union and to avoid unjustified barriers to trade being imposed by third countries, it is necessary to rapidly describe at Union level, in collaboration with Poland, Hungary, Slovakia, Romania and Czechia, the new protection and surveillance zones established in those Member States in accordance with Directive 2005/94/EC. Therefore, the protection and surveillance zones listed for Poland, Hungary, Slovakia and Romania in the Annex to Implementing Decision (EU) 2020/47 should be amended, and new protection and surveillance zones should be listed for Czechia.</p></recital><recital xml:id="rec_d6e171"><num>(11)</num><p>Accordingly, the Annex to Implementing Decision (EU) 2020/47 should be amended to update regionalisation at Union level to include the new protection and surveillance zones established in accordance with Directive 2005/94/EC by those five Member States and the duration of the restrictions applicable therein.</p></recital><recital xml:id="rec_d6e177"><num>(12)</num><p>Implementing Decision (EU) 2020/47 should therefore be amended accordingly.</p></recital><recital xml:id="rec_d6e183"><num>(13)</num><p>Given the urgency of the epidemiological situation in the Union as regards the spread of highly pathogenic avian influenza of subtype H5N8, it is important that the amendments made to the Annex to Implementing Decision (EU) 2020/47 by this Decision should take effect as soon as possible.</p></recital><recital xml:id="rec_d6e189"><num>(14)</num><p>The measures provided for in this Decision are in accordance with the opinion of the Standing Committee on Plants, Animals, Food and Feed,</p></recital></recitals><formula name="enactingFormula"><p>HAS ADOPTED THIS DECISION:</p></formula></preamble><body><article xml:id="art_d6e198"><num>Article 1</num><heading/><paragraph><content><p>The Annex to Implementing Decision (EU) 2020/47 is replaced by the text set out in the Annex to this Decision.</p></content></paragraph></article><article xml:id="art_d6e203"><num>Article 2</num><heading/><paragraph><content><p>This Decision is addressed to the Member States.</p></content></paragraph></article></body><conclusions><p>Done at Brussels, 24 January 2020.</p><block name="signatory"><signature><organization refersTo="">For the Commission</organization><role refersTo="">Stella KYRIAKIDES</role><person refersTo="">Member of the Commission</person></signature></block></conclusions></bill></akomaNtoso>