<?xml version="1.0" encoding="UTF-8"?><akomaNtoso xmlns="http://docs.oasis-open.org/legaldocml/ns/akn/3.0" xmlns:fmx="http://formex.publications.europa.eu/schema/formex-05.21-20110601.xd" xmlns:leos="urn:eu:europa:ec:leos" xmlns:xs="http://www.w3.org/2001/XMLSchema"><bill name=""><meta xmlns:fn="http://www.w3.org/2005/xpath-functions"><identification source="~COM"><FRBRWork><FRBRthis value=""/><FRBRuri value=""/><FRBRdate date="2999-01-01" name=""/><FRBRauthor href=""/><FRBRcountry value=""/></FRBRWork><FRBRExpression><FRBRthis value=""/><FRBRuri value=""/><FRBRdate date="2999-01-01" name=""/><FRBRauthor href=""/><FRBRlanguage language="eng"/></FRBRExpression><FRBRManifestation><FRBRthis value=""/><FRBRuri value=""/><FRBRdate date="2999-01-01" name=""/><FRBRauthor href=""/></FRBRManifestation></identification></meta><preface><longTitle><p><docStage/><docType>COMMISSION IMPLEMENTING DECISION (EU) 2020/27</docType>of 13 January 2020<docPurpose>postponing the expiry date of approval of propiconazole for use in biocidal products of product-type 8</docPurpose></p></longTitle><container name="EEArelevance"><p>(Text with EEA relevance)</p></container></preface><preamble><formula name="actingEntity"><p>THE EUROPEAN COMMISSION,</p></formula><citations><citation><p>Having regard to the Treaty on the Functioning of the European Union,</p></citation><citation><p>Having regard to Regulation (EU) No 528/2012 of the European Parliament and of the Council of 22 May 2012 concerning the making available on the market and use of biocidal products<authorialNote placement="bottom" marker="1"><p>OJ L 167, 27.6.2012, p. 1.</p></authorialNote>, and in particular Article 14(5) thereof,D</p></citation><citation><p>After consulting the Standing Committee on Biocidal Products,</p></citation></citations><recitals xml:id="recs_d19e73"><intro><p>Whereas:</p></intro><recital xml:id="rec_d19e76"><num>(1)</num><p>The active substance propiconazole was included in Annex I to Directive 98/8/EC of the European Parliament and of the Council<authorialNote placement="bottom" marker="2"><p>Directive 98/8/EC of the European Parliament and of the Council of 16 February 1998 concerning the placing of biocidal products on the market (OJ L 123, 24.4.1998, p. 1).</p></authorialNote> for use in biocidal products of product-type 8, and pursuant to Article 86 of Regulation (EU) No 528/2012 is therefore considered approved under that Regulation subject to the specifications and conditions set out in Annex I to that Directive.</p></recital><recital xml:id="rec_d19e92"><num>(2)</num><p>The approval of propiconazole for use in biocidal products of product-type 8 will expire on 31 March 2020. On 1 October 2018, an application was submitted in accordance with Article 13(1) of Regulation (EU) No 528/2012 for the renewal of the approval of propiconazole.</p></recital><recital xml:id="rec_d19e104"><num>(3)</num><p>On 8 February 2019, the evaluating competent authority of Finland informed the Commission that it had decided, pursuant to Article 14(1) of Regulation (EU) No 528/2012, that a full evaluation of the application was necessary. Pursuant to Article 8(1) of Regulation (EU) No 528/2012, the evaluating competent authority is to perform a full evaluation of the application within 365 days of its validation.</p></recital><recital xml:id="rec_d19e113"><num>(4)</num><p>The evaluating competent authority may, as appropriate, request the applicant to provide sufficient data to carry out the evaluation, in accordance with Article 8(2) of that Regulation. In such case, the 365-day period is suspended for a period that may not exceed 180 days in total unless a longer suspension is justified by the nature of the data requested or by exceptional circumstances.</p></recital><recital xml:id="rec_d19e119"><num>(5)</num><p>Within 270 days of receipt of a recommendation from the evaluating competent authority, the European Chemicals Agency (&apos;the Agency&apos;) is to prepare and submit to the Commission an opinion on renewal of the approval of the active substance in accordance with Article 14(3) of Regulation (EU) No 528/2012.</p></recital><recital xml:id="rec_d19e129"><num>(6)</num><p>Consequently, for reasons beyond the control of the applicant, the approval of propiconazole for use in biocidal products of product-type 8 is likely to expire before a decision has been taken on its renewal. It is therefore appropriate to postpone the expiry date of approval of propiconazole for use in biocidal products of product-type 8 for a period of time sufficient to enable the examination of the application.</p></recital><recital xml:id="rec_d19e135"><num>(7)</num><p>Considering that propiconazole is classified as toxic for reproduction category 1B in accordance with Regulation (EC) No 1272/2008 of the European Parliament and of the Council<authorialNote placement="bottom" marker="3"><p>Regulation (EC) No 1272/2008 of the European Parliament and of the Council of 16 December 2008 on classification, labelling and packaging of substances and mixtures, amending and repealing Directives 67/548/EEC and 1999/45/EC, and amending Regulation (EC) No 1907/2006 (OJ L 353, 31.12.2008, p. 1).</p></authorialNote>, and therefore meets the exclusion criterion set out in point (c) of Article 5(1) of Regulation (EU) No 528/2012, after further discussion with Member States, it is considered appropriate to postpone the expiry date of approval for a shorter period of time. It is therefore proposed to extend the duration of approval until 31 March 2021.</p></recital><recital xml:id="rec_d19e154"><num>(8)</num><p>Except for the expiry date of the approval, propiconazole remains approved for use in biocidal products of product-type 8 subject to the specifications and conditions set out in Annex I to Directive 98/8/EC,</p></recital></recitals><formula name="enactingFormula"><p>HAS ADOPTED THIS DECISION:</p></formula></preamble><body><article xml:id="art_d19e164"><num>Article 1</num><heading/><paragraph><content><p>The expiry date of approval of propiconazole for use in biocidal products of product-type 8 is postponed to 31 March 2021.</p></content></paragraph></article><article xml:id="art_d19e172"><num>Article 2</num><heading/><paragraph><content><p>This Decision shall enter into force on the twentieth day following that of its publication in the <i>Official Journal of the European Union</i>.</p></content></paragraph></article></body><conclusions><p>Done at Brussels, 13 January 2020.</p><block name="signatory"><signature><organization refersTo="">For the Commission</organization><role refersTo="">The President</role><person refersTo="">Ursula VON DER LEYEN</person></signature></block></conclusions></bill></akomaNtoso>