<?xml version="1.0" encoding="UTF-8"?><akomaNtoso xmlns="http://docs.oasis-open.org/legaldocml/ns/akn/3.0" xmlns:fmx="http://formex.publications.europa.eu/schema/formex-05.21-20110601.xd" xmlns:leos="urn:eu:europa:ec:leos" xmlns:xs="http://www.w3.org/2001/XMLSchema"><bill name=""><meta xmlns:fn="http://www.w3.org/2005/xpath-functions"><identification source="~COM"><FRBRWork><FRBRthis value=""/><FRBRuri value=""/><FRBRdate date="2999-01-01" name=""/><FRBRauthor href=""/><FRBRcountry value=""/></FRBRWork><FRBRExpression><FRBRthis value=""/><FRBRuri value=""/><FRBRdate date="2999-01-01" name=""/><FRBRauthor href=""/><FRBRlanguage language="eng"/></FRBRExpression><FRBRManifestation><FRBRthis value=""/><FRBRuri value=""/><FRBRdate date="2999-01-01" name=""/><FRBRauthor href=""/></FRBRManifestation></identification></meta><preface><longTitle><p><docStage/><docType>COMMISSION REGULATION (EU) 2020/507</docType>of 7 April 2020<docPurpose>amending Regulation (EC) No 1907/2006 of the European Parliament and of the Council as regards the percentage of registration dossiers to be selected for compliance checking</docPurpose></p></longTitle><container name="EEArelevance"><p>(Text with EEA relevance)</p></container></preface><preamble><formula name="actingEntity"><p>THE EUROPEAN COMMISSION,</p></formula><citations><citation><p>Having regard to the Treaty on the Functioning of the European Union,</p></citation><citation><p>Having regard to Regulation (EC) No 1907/2006 of the European Parliament and of the Council of 18 December 2006 concerning the Registration, Evaluation, Authorisation and Restriction of Chemicals (REACH), establishing a European Chemicals Agency, amending Directive 1999/45/EC and repealing Council Regulation (EEC) No 793/93 and Commission Regulation (EC) No 1488/94 as well as Council Directive 76/769/EEC and Commission Directives 91/155/EEC, 93/67/EEC, 93/105/EC and 2000/21/EC<authorialNote placement="bottom" marker="1"><p>OJ L 396, 30.12.2006, p. 1.</p></authorialNote>, and in particular Article 41(7) thereof,</p></citation></citations><recitals xml:id="recs_d169e71"><intro><p>Whereas:</p></intro><recital xml:id="rec_d169e74"><num>(1)</num><p>In order to ensure that registration dossiers comply with Regulation (EC) No 1907/2006, Article 41 of that Regulation requires the European Chemicals Agency (&apos;the Agency&apos;) to select a specific percentage of registration dossiers for compliance checking. This check may lead to a draft decision requiring the registrant(s) to submit any information needed to bring the registration(s) into compliance with the relevant information requirements.</p></recital><recital xml:id="rec_d169e84"><num>(2)</num><p>The assessment by the Agency<authorialNote placement="bottom" marker="2"><p>European Chemicals Agency&apos;s annual evaluation reports and reports on the operation of the Regulation (EC) No 1907/2006: https://echa.europa.eu/about-us/the-way-we-work/plans-and-reports</p></authorialNote> and the Commission<authorialNote placement="bottom" marker="3"><p>Communication from the Commission to the European Parliament, the Council and the European Economic and Social Committee &apos;Commission General Report on the operation of REACH and review of certain elements&apos;, COM(2018) 116 final.</p></authorialNote> concerning the operation of Regulation (EC) No 1907/2006 as well as a study conducted by the German competent authorities<authorialNote placement="bottom" marker="4"><p>https://www.bfr.bund.de/cm/349/data-quality-of-environmental-endpoints-in-registrations.pdf</p></authorialNote> indicate that likely a significant number of the registration dossiers are non-compliant, hampering the effective achievement of the objectives of Regulation (EC) No 1907/2006.</p></recital><recital xml:id="rec_d169e106"><num>(3)</num><p>In the &apos;General Report on the operation of REACH and review of certain elements&apos;, the Commission identified non-compliance of registration dossiers as an issue requiring urgent action.</p></recital><recital xml:id="rec_d169e116"><num>(4)</num><p>Following the expiry of the last registration deadline, better advance planning with regard to compliance checks is possible based on improved knowledge of the actual numbers of registered substances and the dossier evaluation experience acquired by the Agency.</p></recital><recital xml:id="rec_d169e123"><num>(5)</num><p>Following consultation with the Agency as reflected in the REACH evaluation Joint Action Plan<authorialNote placement="bottom" marker="5"><p>REACH Evaluation Joint Action Plan &#45; Ensuring compliance of REACH registrations &#45;</p><p>https://echa.europa.eu/documents/10162/21877836/final_echa_com_reach_evaluation_action_plan_en</p></authorialNote> agreed by the Commission services and ECHA, which the Council has requested in its Conclusions of 26 June 2019<authorialNote placement="bottom" marker="6"><p>Towards a Sustainable Chemicals Policy Strategy of the Union &#45; Council conclusions of 26 June 2019, http://data.consilium.europa.eu/doc/document/ST-10713-2019-INIT/en/pdf &#45; point 18.</p></authorialNote>, the Commission considers that in order to enhance compliance with the relevant information requirements, the minimum percentage of registration dossiers to be checked for compliance on all elements listed in Article 41(1) of Regulation (EC) No 1907/2006 should be increased from 5 % to 20 % of the total received by the Agency for each tonnage band by the 2018 deadline. Such percentage is considered realistic for the Agency in view of its resources.</p></recital><recital xml:id="rec_d169e144"><num>(6)</num><p>In the Joint Action Plan agreed by the Commission services and ECHA, it has been agreed that the target of 20 % should be achieved by 31 December 2023 for registrations in tonnage bands of 100 tonnes or more per year and by 31 December 2027 for registrations in tonnage bands of less than 100 tonnes per year, submitted by the 2018 deadline.</p></recital><recital xml:id="rec_d169e156"><num>(7)</num><p>Regulation (EC) No 1907/2006 should therefore be amended accordingly.</p></recital><recital xml:id="rec_d169e162"><num>(8)</num><p>The measures provided for in this Regulation are in accordance with the opinion of the Committee established under Article 133 of Regulation (EC) No 1907/2006,</p></recital></recitals><formula name="enactingFormula"><p>HAS ADOPTED THIS REGULATION:</p></formula></preamble><body><article xml:id="art_d169e171" leos:compliant="false"><num>Article 1</num><heading/><paragraph><content><p>In Article 41(5) of Regulation (EC) No 1907/2006, the first and the second sentences are replaced by the following:</p></content></paragraph><paragraph><content><p><mod><quotedStructure startQuote="" endQuote=""><alinea><content><p>&apos;To check compliance of registration dossiers with this Regulation, the Agency shall select, until 31 December 2023, a percentage of those dossiers no lower than 20 % of the total received by the Agency for registrations in tonnage bands of 100 tonnes or more per year.</p></content></alinea><alinea><content><p>The Agency shall, until 31 December 2027, also select a percentage no lower than 20 % of the total received by the Agency for registrations in tonnage bands of less than 100 tonnes per year.</p></content></alinea><alinea><content><p>When selecting dossiers for compliance checking, the Agency shall give priority, but not exclusively, to dossiers meeting at least one of the following criteria:&apos;.</p></content></alinea></quotedStructure></mod></p></content></paragraph></article><article xml:id="art_d169e193"><num>Article 2</num><heading/><paragraph><content><p>This Regulation shall enter into force on the twentieth day following that of its publication in the <i>Official Journal of the European Union</i>.</p></content></paragraph></article><clause><content><p>This Regulation shall be binding in its entirety and directly applicable in all Member States.</p></content></clause></body><conclusions><p>Done at Brussels, 7 April 2020.</p><block name="signatory"><signature><organization refersTo="">For the Commission</organization><role refersTo="">The President</role><person refersTo="">Ursula VON DER LEYEN</person></signature></block></conclusions></bill></akomaNtoso>