<?xml version="1.0" encoding="UTF-8"?><akomaNtoso xmlns="http://docs.oasis-open.org/legaldocml/ns/akn/3.0" xmlns:fmx="http://formex.publications.europa.eu/schema/formex-05.21-20110601.xd" xmlns:leos="urn:eu:europa:ec:leos" xmlns:xs="http://www.w3.org/2001/XMLSchema"><bill name=""><meta xmlns:fn="http://www.w3.org/2005/xpath-functions"><identification source="~COM"><FRBRWork><FRBRthis value=""/><FRBRuri value=""/><FRBRdate date="2999-01-01" name=""/><FRBRauthor href=""/><FRBRcountry value=""/></FRBRWork><FRBRExpression><FRBRthis value=""/><FRBRuri value=""/><FRBRdate date="2999-01-01" name=""/><FRBRauthor href=""/><FRBRlanguage language="eng"/></FRBRExpression><FRBRManifestation><FRBRthis value=""/><FRBRuri value=""/><FRBRdate date="2999-01-01" name=""/><FRBRauthor href=""/></FRBRManifestation></identification></meta><preface><longTitle><p><docStage/><docType>COMMISSION IMPLEMENTING DECISION (EU) 2020/174</docType>of 6 February 2020<docPurpose>on the approval of the technology used in 12 Volt efficient alternators for use in certain passenger cars and light commercial vehicles as an innovative technology pursuant to Regulation (EU) 2019/631 of the European Parliament and of the Council</docPurpose></p></longTitle><container name="EEArelevance"><p>(Text with EEA relevance)</p></container></preface><preamble><formula name="actingEntity"><p>THE EUROPEAN COMMISSION,</p></formula><citations><citation><p>Having regard to the Treaty on the Functioning of the European Union,</p></citation><citation><p>Having regard to Regulation (EU) 2019/631 of the European Parliament and of the Council of 17 April 2019 setting CO<sub>2</sub> emission standards for new passenger cars and for new light commercial vehicles, and repealing Regulations (EC) No 443/2009 and (EU) No 510/2011<authorialNote placement="bottom" marker="1"><p>OJ L 111, 25.4.2019, p. 13.</p></authorialNote>, and in particular Article 11(4) thereof,</p></citation></citations><recitals xml:id="recs_d246e74"><intro><p>Whereas:</p></intro><recital xml:id="rec_d246e77"><num>(1)</num><p>On 12 April 2019, the manufacturers Toyota Motor Europe NV/SA, Opel Automobile GmbH &#45; PSA, FCA Italy S.p.A., Automobile Citroën, Automobile Peugeot, PSA Automobiles SA, Mitsubishi Electric Corporation, Audi AG, Ford Werke GmbH, Jaguar Land Rover Ltd, Hyundai Motor Europe Technical Center GmbH, Bayerische Motoren Werke AG, Renault SA, Honda Motor Europe Ltd, Volkswagen AG, Volkswagen Nutzfahrzeuge, Daimler AG, Denso Corporation and SEG Automotive Germany GmbH submitted a joint application (&apos;the application&apos;) for the approval as an innovative technology of the technology used in 12 Volt efficient alternators for use in passenger cars and light commercial vehicles with internal combustion engine powertrains.</p></recital><recital xml:id="rec_d246e90"><num>(2)</num><p>The application has been assessed in accordance with Article 11 of Regulation (EU) 2019/631, Commission Implementing Regulations (EU) No 725/2011<authorialNote placement="bottom" marker="2"><p>Commission Implementing Regulation (EU) No 725/2011 of 25 July 2011 establishing a procedure for the approval and certification of innovative technologies for reducing CO<sub>2</sub> emissions from passenger cars pursuant to Regulation (EC) No 443/2009 of the European Parliament and of the Council (OJ L 194, 26.7.2011, p. 19).</p></authorialNote> and (EU) 427/2014<authorialNote placement="bottom" marker="3"><p>Commission Implementing Regulation (EU) No 427/2014 of 25 April 2014 establishing a procedure for the approval and certification of innovative technologies for reducing CO<sub>2</sub> emissions from light commercial vehicles pursuant to Regulation (EU) No 510/2011 of the European Parliament and of the Council (OJ L 125, 26.4.2014, p. 57).</p></authorialNote> and the Technical Guidelines for the preparation of applications for the approval of innovative technologies pursuant to Regulation (EC) No 443/2009 of the European Parliament and of the Council<authorialNote placement="bottom" marker="4"><p>Regulation (EC) No 443/2009 of the European Parliament and of the Council of 23 April 2009 setting emission performance standards for new passenger cars as part of the Community&apos;s integrated approach to reduce CO<sub>2</sub> emissions from light-duty vehicles (OJ L 140, 5.6.2009, p. 1) https://circabc.europa.eu/w/browse/f3927eae-29f8-4950-b3b3-d2e700598b52</p></authorialNote> (July 2018 version). In accordance with Article 11(3) of Regulation (EU) 2019/631, the application was accompanied by a verification report undertaken by an independent and certified body.</p></recital><recital xml:id="rec_d246e135"><num>(3)</num><p>The technology used in 12 Volt efficient alternators converting mechanical energy into electrical energy with a certain conversion efficiency rate has already been approved for use in passenger cars by Commission Implementing Decisions 2013/341/EU<authorialNote placement="bottom" marker="5"><p>Commission Implementing Decision 2013/341/EU of 27 June 2013 on the approval of the Valeo Efficient Generation Alternator as an innovative technology for reducing CO<sub>2</sub> emissions from passenger cars pursuant to Regulation (EC) No 443/2009 of the European Parliament and of the Council (OJ L 179, 29.6.2013, p. 98).</p></authorialNote>, 2014/465/EU<authorialNote placement="bottom" marker="6"><p>Commission Implementing Decision 2014/465/EU of 16 July 2014 on the approval of the DENSO efficient alternator as an innovative technology for reducing CO<sub>2</sub> emissions from passenger cars pursuant to Regulation (EC) No 443/2009 of the European Parliament and of the Council and amending Commission Implementing Decision 2013/341/EU (OJ L 210, 17.7.2014, p. 17).</p></authorialNote>, (EU) 2015/158<authorialNote placement="bottom" marker="7"><p>Commission Implementing Decision (EU) 2015/158 of 30 January 2015 on the approval of two Robert Bosch GmbH high efficient alternators as the innovative technologies for reducing CO<sub>2</sub> emissions from passenger cars pursuant to Regulation (EC) No 443/2009 of the European Parliament and of the Council (OJ L 26, 31.1.2015, p. 31).</p></authorialNote>, (EU) 2015/295<authorialNote placement="bottom" marker="8"><p>Commission Implementing Decision (EU) 2015/295 of 24 February 2015 on the approval of the MELCO GXi efficient alternator as an innovative technology for reducing CO<sub>2</sub> emissions from passenger cars pursuant to Regulation (EC) No 443/2009 of the European Parliament and of the Council (OJ L 53, 25.2.2015, p. 11).</p></authorialNote>, (EU) 2015/2280<authorialNote placement="bottom" marker="9"><p>Commission Implementing Decision (EU) 2015/2280 of 7 December 2015 on the approval of the DENSO efficient alternator as an innovative technology for reducing CO<sub>2</sub> emissions from passenger cars pursuant to Regulation (EC) No 443/2009 of the European Parliament and of the Council (OJ L 322, 8.12.2015, p. 64).</p></authorialNote> and (EU) 2016/588<authorialNote placement="bottom" marker="10"><p>Commission Implementing Decision (EU) 2016/588 of 14 April 2016 on the approval of the technology used in 12 Volt efficient alternators as an innovative technology for reducing CO<sub>2</sub> emissions from passenger cars pursuant to Regulation (EC) No 443/2009 of the European Parliament and of the Council (OJ L 101, 16.4.2016, p. 25).</p></authorialNote> and for use in light commercial vehicles by Commission Implementing Decision (EU) 2018/1876<authorialNote placement="bottom" marker="11"><p>Commission Implementing Decision (EU) 2018/1876 of 29 November 2018 on the approval of the technology used in 12 Volt efficient alternators for use in conventional combustion engine powered light commercial vehicles as an innovative technology for reducing CO<sub>2</sub> emissions from light commercial vehicles pursuant to Regulation (EU) No 510/2011 of the European Parliament and of the Council (OJ L 306, 30.11.2018, p. 53).</p></authorialNote> (jointly referred to as &apos;past approval Implementing Decisions&apos;) as an innovative technology capable of reducing CO<sub>2</sub> emissions in a way that is not covered by the measurements performed as part of the emissions test under the New European Driving Cycle set out in Commission Regulation (EC) No 692/2008<authorialNote placement="bottom" marker="12"><p>Commission Regulation (EC) No 692/2008 of 18 July 2008 implementing and amending Regulation (EC) No 715/2007 of the European Parliament and of the Council on type-approval of motor vehicles with respect to emissions from light passenger and commercial vehicles (Euro 5 and Euro 6) and on access to vehicle repair and maintenance information (OJ L 199, 28.7.2008, p. 1).</p></authorialNote>.</p></recital><recital xml:id="rec_d246e253"><num>(4)</num><p>The application, however, refers to the new standard test procedure, the Worldwide Harmonised Light Vehicle Test Procedure (WLTP) set out in Commission Regulation (EU) 2017/1151<authorialNote placement="bottom" marker="13"><p>Commission Regulation (EU) 2017/1151 of 1 June 2017 supplementing Regulation (EC) No 715/2007 of the European Parliament and of the Council on type-approval of motor vehicles with respect to emissions from light passenger and commercial vehicles (Euro 5 and Euro 6) and on access to vehicle repair and maintenance information, amending Directive 2007/46/EC of the European Parliament and of the Council, Commission Regulation (EC) No 692/2008 and Commission Regulation (EU) No 1230/2012 and repealing Commission Regulation (EC) No 692/2008 (OJ L 175, 7.7.2017, p. 1).</p></authorialNote>, and it is demonstrated that also the measurements performed as part of the emissions test under the WLTP do not cover the CO<sub>2</sub> savings resulting from the technology used in 12 Volt efficient alternators.</p></recital><recital xml:id="rec_d246e272"><num>(5)</num><p>Based on the experience gained from the assessment of applications concerning technologies that contribute to improving the efficiency of alternators in the framework of the past approval Implementing Decisions as well as on the reports and other information provided with the application, it has been satisfactorily and conclusively demonstrated that the technology used in 12 Volt efficient alternators meets the criteria specified in Article 11(2) of Regulation (EU) 2019/631 and the eligibility criteria specified in Article 9(1)(b) of Implementing Regulations (EU) No 725/2011 and (EU) No 427/2014.</p></recital><recital xml:id="rec_d246e278"><num>(6)</num><p>The application sets out a methodology for testing CO<sub>2</sub> savings from the use of the technology in 12 Volt alternators in passenger cars and light commercial vehicles. In addition to referring to the WLTP, that methodology differs from the testing methodology set out in the past approval Implementing Decisions, principally by the definition of the power consumption, the definition of the average speed and the use of a run-in procedure.</p></recital><recital xml:id="rec_d246e287"><num>(7)</num><p>It is appropriate to adjust the definitions of the power consumption and the average speed in order to take into account the WLTP. However, regarding the addition to the testing methodology of a run-in procedure for the alternator, the application does not set out with sufficient precision the details for how such run-ins should be performed nor how the run-in effects should be taken into account. Moreover, it is already integral to the existing testing methodology set out in the past approval Implementing Decisions that such effects may be taken into account, where necessary, by the requirement that the efficiency of the alternator must be measured at least five times. As the efficiency of alternators is determined on the basis of the average of the measurement results, any run-in effects, positive or negative, may therefore be adequately taken into account in the final efficiency determination, where necessary by increasing the number of measurements. Against that background, it is not appropriate to complement the testing methodology with an additional specific run-in procedure such as that proposed in the application.</p></recital><recital xml:id="rec_d246e295"><num>(8)</num><p>It is also appropriate to maintain the conversion efficiency rates at the same levels as those already approved by the past approval Implementing Decisions taking into account that no evidence has been provided to support that alternators with a lower conversion efficiency rate meet the market penetration requirement set out in Article 2(2)(a) of Implementing Regulations (EU) No 725/2011 and (EU) No 427/2014.</p></recital><recital xml:id="rec_d246e301"><num>(9)</num><p>Taking into account the above considerations, the adjusted testing methodology should be considered appropriate for determining the CO<sub>2</sub> savings from the innovative technology in question.</p></recital><recital xml:id="rec_d246e310"><num>(10)</num><p>Manufacturers should have the possibility to apply to a type-approval authority for the certification of CO<sub>2</sub> savings from the use of the technology in 12 Volt efficient alternators that meets the conditions laid down in this Decision. Manufacturers should for that purpose ensure that the application for certification is accompanied by a verification report from an independent and certified body confirming that the technology used in the 12 Volt efficient alternator complies with the conditions laid down in this Decision and that the savings have been determined in accordance with the testing methodology set out in this Decision.</p></recital><recital xml:id="rec_d246e320"><num>(11)</num><p>In order to facilitate a wider deployment of 12 Volt efficient alternators in new vehicles, a manufacturer should also have the possibility to submit a single application for the certification of the CO<sub>2</sub> savings from several 12 Volt efficient alternators. It is, however, appropriate to ensure that, where that possibility is used, a mechanism is applied that incentivises the deployment of only those alternators that offer the highest efficiency.</p></recital><recital xml:id="rec_d246e329"><num>(12)</num><p>It is the responsibility of the type-approval authority to thoroughly verify that the conditions for certifying the CO<sub>2</sub> savings from use of an innovative technology as specified in this Decision are met. Where the certification is granted, the type-approval authority should ensure that all elements considered for the certification are recorded in a test report and kept together with the verification report and that this information is made available to the Commission on request.</p></recital><recital xml:id="rec_d246e338"><num>(13)</num><p>For the purposes of determining the general eco-innovation code to be used in the relevant type-approval documents in accordance with Annexes I, VIII and IX to Directive 2007/46/EC of the European Parliament and of the Council<authorialNote placement="bottom" marker="14"><p>Directive 2007/46/EC of the European Parliament and the Council of 5 September 2007 establishing a framework for the approval of motor vehicles and their trailers, and of systems, components and separate technical units intended for such vehicles (Framework Directive) (OJ L 263, 9.10.2007, p. 1).</p></authorialNote>, it is necessary to attribute an individual code to the innovative technology.</p></recital><recital xml:id="rec_d246e354"><num>(14)</num><p>From 2021, manufacturers&apos; compliance with their specific CO<sub>2</sub> emissions targets is to be established on the basis of CO<sub>2</sub> emissions determined in accordance with the WLTP. CO<sub>2</sub> savings from the innovative technology certified by reference to this Decision may therefore be taken into account for the calculation of manufacturers&apos; average specific CO<sub>2</sub> emissions from the calendar year 2021 onwards,</p></recital></recitals><formula name="enactingFormula"><p>HAS ADOPTED THIS DECISION:</p></formula></preamble><body><article xml:id="art_d246e375"><num>Article 1</num><heading>Innovative technology</heading><paragraph><subparagraph><content><p>The technology used in 12 Volt efficient alternators intended for the conversion of mechanical energy into electrical energy is approved as an innovative technology within the meaning of Article 11 of Regulation (EU) 2019/631, taking into account that it is not covered by the standard test procedure set out in Regulation (EU) 2017/1151 and provided that the innovative technology conforms to the following conditions:</p></content></subparagraph><list><point><num>(a)</num><content><p>it is fitted in internal combustion engine powered passenger cars (M1) and light commercial vehicles (N1);</p></content></point><point><num>(b)</num><content><p>it is used solely to charge the vehicle battery and to power the electrical system of the vehicle when its combustion engine is running;</p></content></point><point><num>(c)</num><alinea><content><p>it has an efficiency, i.e. a conversion rate from mechanical into electric power, of at least:</p></content></alinea><list><point><num>(i)</num><content><p>73,8 % for petrol-fuelled vehicles other than turbo-charged;</p></content></point><point><num>(ii)</num><content><p>73,4 % for turbo-charged petrol-fuelled vehicles;</p></content></point><point><num>(iii)</num><content><p>74,2 % for diesel-fuelled vehicles.</p></content></point></list></point></list></paragraph></article><article xml:id="art_d246e423"><num>Article 2</num><heading>Application for certification of CO<sub>2</sub> savings</heading><paragraph><num>1.</num><content><p>A manufacturer may apply to a type-approval authority for certification of the CO<sub>2</sub> savings from the use of the technology approved in accordance with Article 1 (&apos;the technology&apos;) in one or several 12 Volt efficient alternators by reference to this Decision.</p></content></paragraph><paragraph><num>2.</num><content><p>The manufacturer shall ensure that the application for the certification is accompanied by a verification report from an independent and certified body confirming that the conditions set out in Article 1 have been met.</p></content></paragraph><paragraph><num>3.</num><content><p>Where the savings have been certified in accordance with Article 3, the manufacturer shall ensure that the certified CO<sub>2</sub> savings and the eco-innovation code referred to in Article 4(1) are recorded in the certificates of conformity of the vehicles concerned.</p></content></paragraph></article><article xml:id="art_d246e456"><num>Article 3</num><heading>Certification of CO<sub>2</sub> savings</heading><paragraph><num>1.</num><content><p>The type-approval authority shall ensure that CO<sub>2</sub> savings achieved from the use of the innovative technology have been determined using the methodology set out in the Annex.</p></content></paragraph><paragraph><num>2.</num><content><p>Where a manufacturer applies for the certification of the CO<sub>2</sub> savings from the use of the technology in more than one 12 Volt efficient alternator in relation to one vehicle version, the type-approval authority shall determine which of the 12 Volt efficient alternators tested delivers the lowest CO<sub>2</sub> savings. That value shall be used for the purposes of paragraph 3.</p></content></paragraph><paragraph><num>3.</num><content><p>The type-approval authority shall record the certified CO<sub>2</sub> savings determined in accordance with paragraph 1 or 2 and the eco-innovation code referred to in Article 4(1) in the relevant type-approval documentation.</p></content></paragraph><paragraph><num>4.</num><content><p>The type-approval authority shall record all the elements considered for the certification in a test report and keep that together with the verification report referred to in Article 2(2), and shall make that information available to the Commission on request.</p></content></paragraph><paragraph><num>5.</num><content><p>The type-approval authority shall only certify CO<sub>2</sub> savings, if it finds that the technology used in the 12 Volt efficient alternator or alternators comply with the conditions set out in Article 1, and if the CO<sub>2</sub> savings achieved are 0,5 g CO<sub>2</sub>/km or higher as specified in Article 9(1)(b) of Implementing Regulation (EU) No 725/2011 in the case of passenger cars or of Implementing Regulation (EU) No 427/2014 in the case of light commercial vehicles.</p></content></paragraph></article><article xml:id="art_d246e510"><num>Article 4</num><heading>Eco-innovation code</heading><paragraph><num>1.</num><content><p>The innovative technology approved by this Decision is attributed with the eco-innovation code No 29.</p></content></paragraph><paragraph><num>2.</num><content><p>The certified CO<sub>2</sub> savings recorded by reference to that eco-innovation code may be taken into account for the calculation of the average specific emissions of manufacturers starting from the calendar year 2021.</p></content></paragraph></article><article xml:id="art_d246e529"><num>Article 5</num><heading>Entry into force</heading><paragraph><content><p>This Decision shall enter into force on the twentieth day following that of its publication in the <i>Official Journal of the European Union</i>.</p></content></paragraph></article></body><conclusions><p>Done at Brussels, 6 February 2020.</p><block name="signatory"><signature><organization refersTo="">For the Commission</organization><role refersTo="">The President</role><person refersTo="">Ursula VON DER LEYEN</person></signature></block></conclusions></bill></akomaNtoso>