<?xml version="1.0" encoding="UTF-8"?><akomaNtoso xmlns="http://docs.oasis-open.org/legaldocml/ns/akn/3.0" xmlns:fmx="http://formex.publications.europa.eu/schema/formex-05.21-20110601.xd" xmlns:leos="urn:eu:europa:ec:leos" xmlns:xs="http://www.w3.org/2001/XMLSchema"><bill name=""><meta xmlns:fn="http://www.w3.org/2005/xpath-functions"><identification source="~COM"><FRBRWork><FRBRthis value=""/><FRBRuri value=""/><FRBRdate date="2999-01-01" name=""/><FRBRauthor href=""/><FRBRcountry value=""/></FRBRWork><FRBRExpression><FRBRthis value=""/><FRBRuri value=""/><FRBRdate date="2999-01-01" name=""/><FRBRauthor href=""/><FRBRlanguage language="eng"/></FRBRExpression><FRBRManifestation><FRBRthis value=""/><FRBRuri value=""/><FRBRdate date="2999-01-01" name=""/><FRBRauthor href=""/></FRBRManifestation></identification></meta><preface><longTitle><p><docStage/><docType>COUNCIL DECISION (EU) 2020/243</docType>of 13 February 2020<docPurpose>on the position to be taken on behalf of the European Union in the thirteenth meeting of the Conference of the Parties to the Convention on the conservation of migratory species of wild animals as regards proposals from various parties to amend the Appendices to that Convention, and on the withdrawal of a reservation notified to that Convention</docPurpose></p></longTitle></preface><preamble><formula name="actingEntity"><p>THE COUNCIL OF THE EUROPEAN UNION,</p></formula><citations><citation><p>Having regard to the Treaty on the Functioning of the European Union, and in particular Article 192(1), in conjunction with Article 218(9) thereof,</p></citation><citation><p>Having regard to the proposal from the European Commission,</p></citation></citations><recitals xml:id="recs_d114e59"><intro><p>Whereas:</p></intro><recital xml:id="rec_d114e62"><num>(1)</num><p>The Convention on the conservation of migratory species of wild animals (the &apos;Convention&apos;) was concluded by the Union by Council Decision 82/461/EEC<authorialNote placement="bottom" marker="1"><p>Council Decision 82/461/EEC of 24 June 1982 on the conclusion of the Convention on the conservation of migratory species of wild animals (OJ L 210, 19.7.1982, p. 10).</p></authorialNote> and entered into force on 1 November 1983.</p></recital><recital xml:id="rec_d114e85"><num>(2)</num><p>Pursuant to Article XI of the Convention, the Conference of the Parties to the Convention (the &apos;Conference of the Parties&apos;) may adopt decisions to amend the Appendices to the Convention.</p></recital><recital xml:id="rec_d114e95"><num>(3)</num><p>The Conference of the Parties, during its thirteenth meeting from 15 to 22 February 2020, is to adopt decisions to amend the Appendices to the Convention.</p></recital><recital xml:id="rec_d114e107"><num>(4)</num><p>It is appropriate to establish the position to be taken on the Union&apos;s behalf in the Conference of the Parties, as the decisions amending the Appendices to the Convention will be binding on the Union.</p></recital><recital xml:id="rec_d114e113"><num>(5)</num><p>The Union submitted proposals for inclusion of the species <i>Tetrax tetrax</i> in Appendix I to the Convention and the species <i>Galeorhinus galeus, Tetrax tetrax</i> and <i>Sphyrna zygaena</i> in Appendix II to the Convention. These proposed amendments would not require any change in Union law.</p></recital><recital xml:id="rec_d114e128"><num>(6)</num><p>Other parties to the Convention submitted proposals regarding the inclusion of <i>Elephas maximus indicus</i>, <i>Panthera onca</i>, <i>Ardeotis nigriceps</i>, <i>Houbaropsis bengalensis bengalensis</i>, <i>Diomedea antipodensis</i> and <i>Carcharhinus longimanus</i> in Appendix I to the Convention and regarding the inclusion of <i>Panthera onca</i>, <i>Ovis vignei</i> and <i>Sphyrna zygaena</i> (regional population which occurs along the Exclusive Economic Zones of Brazil, Uruguay and Argentina and in international adjacent waters) in Appendix II to the Convention.</p></recital><recital xml:id="rec_d114e162"><num>(7)</num><p>The Union should support its own proposal to include the global population of <i>Sphyrna zygaena</i> in Appendix II to the Convention, in preference to the proposal submitted by another party to the Convention to include only the regional population which occurs along the Exclusive Economic Zones of Brazil, Uruguay and Argentina and in international adjacent waters.</p></recital><recital xml:id="rec_d114e172"><num>(8)</num><p>The Union should support all other proposals because they are science-based, in line with the Union&apos;s commitment to international cooperation for the protection of biodiversity in accordance with Article 5 of the UN Convention on Biological Diversity, and in line with decisions taken at the Conference of the Parties to that Convention.</p></recital><recital xml:id="rec_d114e178"><num>(9)</num><p>The Union is not a range state for the species <i>Elephas maximus indicus</i>, <i>Ardeotis nigriceps</i>, and <i>Houbaropsis bengalensis bengalensis</i>, so adding these species to Appendix I to the Convention would not require any change in Union law.</p></recital><recital xml:id="rec_d114e194"><num>(10)</num><p>The Union is not a range state for the species <i>Ovis vignei</i>, so adding this species to Appendix II to the Convention would not require any change in Union law.</p></recital><recital xml:id="rec_d114e203"><num>(11)</num><p>The species <i>Panthera onca</i> occurs in the Union only in French Guiana, which falls outside the scope of Council Directive 92/43/EEC<authorialNote placement="bottom" marker="2"><p>Council Directive 92/43/EEC of 21 May 1992 on the conservation of natural habitats and of wild fauna and flora (OJ L 206, 22.7.1992, p. 7).</p></authorialNote> as it only applies to the European territory of the Member States to which the Treaty applies. The protection of species in French Guiana, including <i>Panthera onca</i>, is ensured through national legislation. Adding this species to Appendix I to the Convention would therefore not require any change in Union law.</p></recital><recital xml:id="rec_d114e225"><num>(12)</num><p>The bird species <i>Diomedea antipodensis</i> does not occur in the Union. The Union&apos;s Common Fisheries Policy and the regulation of fishing by the relevant regional fisheries management organisations offer the appropriate instruments for the Union to contribute to managing its protection. Adding this species to Appendix I to the Convention would therefore not require any change in Union law.</p></recital><recital xml:id="rec_d114e234"><num>(13)</num><p>The Union&apos;s Common Fisheries Policy and the regulation of fishing by the relevant regional fisheries management organisations offer the appropriate instruments for the Union to contribute to managing the protection of the fish species <i>Carcharhinus longimanus</i>. Furthermore, the fishing and retention of this species are prohibited under Council Regulation (EU) 2019/124<authorialNote placement="bottom" marker="3"><p>Council Regulation (EU) 2019/124 of 30 January 2019 fixing for 2019 the fishing opportunities for certain fish stocks and groups of fish stocks, applicable in Union waters and, for Union fishing vessels, in certain non-Union waters (OJ L 29, 31.1.2019, p. 1).</p></authorialNote>. Adding this species to Appendix I to the Convention would therefore not require any change in Union law.</p></recital><recital xml:id="rec_d114e253"><num>(14)</num><p>The fishing and retention of the species <i>Cetorhinus maximus,</i> which is included in Appendix I to the Convention but concerning which inclusion the Union presently has a reservation in force, are prohibited under Regulation (EU) 2019/124. Withdrawing this reservation would therefore not require any change in Union law,</p></recital></recitals><formula name="enactingFormula"><p>HAS ADOPTED THIS DECISION:</p></formula></preamble><body><article xml:id="art_d114e265"><num>Article 1</num><heading/><paragraph><subparagraph><content><p>The position to be taken on the Union&apos;s behalf in the thirteenth meeting of Conference of the Parties shall be the following:</p></content></subparagraph><list><point><num>(a)</num><alinea><content><p>to support the addition to Appendix I to the Convention of the following species:</p></content></alinea><list><indent><num>-</num><content><p><i>Tetrax tetrax</i>,</p></content></indent><indent><num>-</num><content><p><i>Elephas maximus indicus</i>,</p></content></indent><indent><num>-</num><content><p><i>Panthera onca</i>,</p></content></indent><indent><num>-</num><content><p><i>Ardeotis nigriceps</i>,</p></content></indent><indent><num>-</num><content><p><i>Houbaropsis bengalensis bengalensis</i>,</p></content></indent><indent><num>-</num><content><p><i>Diomedea antipodensis</i>,</p></content></indent><indent><num>-</num><content><p><i>Carcharhinus longimanus</i>;</p></content></indent></list></point><point><num>(b)</num><alinea><content><p>to support the addition to Appendix II to the Convention of the following species:</p></content></alinea><list><indent><num>-</num><content><p><i>Tetrax tetrax,</i></p></content></indent><indent><num>-</num><content><p><i>Galeorhinus galeus</i>,</p></content></indent><indent><num>-</num><content><p><i>Sphyrna zygaena</i> (global population),</p></content></indent><indent><num>-</num><content><p><i>Panthera onca</i>,</p></content></indent><indent><num>-</num><content><p><i>Ovis vignei</i>.</p></content></indent></list></point></list></paragraph></article><article xml:id="art_d114e348"><num>Article 2</num><heading/><paragraph><content><p>The Commission, on behalf of the Union, shall communicate to the Depository of the Convention the withdrawal of its reservation concerning the inclusion of <i>Cetorhinus maximus</i> in Appendix I to the Convention.</p></content></paragraph></article><article xml:id="art_d114e356"><num>Article 3</num><heading/><paragraph><content><p>This Decision shall enter into force on the date of its adoption.</p></content></paragraph></article></body><conclusions><p>Done at Brussels, 13 February 2020.</p><block name="signatory"><signature><organization refersTo="">For the Council</organization><role refersTo="">The President</role><person refersTo="">A. METELKO-ZGOMBIĆ</person></signature></block></conclusions></bill></akomaNtoso>