<?xml version="1.0" encoding="UTF-8"?><akomaNtoso xmlns="http://docs.oasis-open.org/legaldocml/ns/akn/3.0" xmlns:fmx="http://formex.publications.europa.eu/schema/formex-05.21-20110601.xd" xmlns:leos="urn:eu:europa:ec:leos" xmlns:xs="http://www.w3.org/2001/XMLSchema"><bill name=""><meta xmlns:fn="http://www.w3.org/2005/xpath-functions"><identification source="~COM"><FRBRWork><FRBRthis value=""/><FRBRuri value=""/><FRBRdate date="2999-01-01" name=""/><FRBRauthor href=""/><FRBRcountry value=""/></FRBRWork><FRBRExpression><FRBRthis value=""/><FRBRuri value=""/><FRBRdate date="2999-01-01" name=""/><FRBRauthor href=""/><FRBRlanguage language="eng"/></FRBRExpression><FRBRManifestation><FRBRthis value=""/><FRBRuri value=""/><FRBRdate date="2999-01-01" name=""/><FRBRauthor href=""/></FRBRManifestation></identification></meta><preface><longTitle><p><docStage/><docType>COMMISSION IMPLEMENTING REGULATION (EU) 2020/358</docType>of 4 March 2020<docPurpose>amending Implementing Regulation (EU) 2018/1976 as regards sailplane pilot licences</docPurpose></p></longTitle><container name="EEArelevance"><p>(Text with EEA relevance)</p></container></preface><preamble><formula name="actingEntity"><p>THE EUROPEAN COMMISSION,</p></formula><citations><citation><p>Having regard to the Treaty on the Functioning of the European Union,</p></citation><citation><p>Having regard to Regulation (EU) 2018/1139 of the European Parliament and of the Council of 4 July 2018 on common rules in the field of civil aviation and establishing a European Union Aviation Safety Agency, and amending Regulations (EC) No 2111/2005, (EC) No 1008/2008, (EU) No 996/2010, (EU) No 376/2014 and Directives 2014/30/EU and 2014/53/EU of the European Parliament and of the Council, and repealing Regulations (EC) No 552/2004 and (EC) No 216/2008 of the European Parliament and of the Council and Council Regulation (EEC) No 3922/91<authorialNote placement="bottom" marker="1"><p>OJ L 212, 22.8.2018, p. 1.</p></authorialNote>, and in particular Articles 23, 27 and 31 thereof,</p></citation></citations><recitals xml:id="recs_d262e71"><intro><p>Whereas:</p></intro><recital xml:id="rec_d262e74"><num>(1)</num><p>The Commission is to adopt the necessary implementing rules for establishing the requirements for sailplane pilot licences in accordance with Regulation (EU) 2018/1139, where such aircraft meet the conditions specified in points (b)(i) and (ii) of Article 2(1) of that Regulation.</p></recital><recital xml:id="rec_d262e80"><num>(2)</num><p>In light of the specific nature of flight crew licensing for sailplanes, dedicated licensing requirements laid down in stand-alone regulations are necessary. Those requirements should be based on the general rules for flight crew licensing that are laid down in Commission Regulation (EU) No 1178/2011<authorialNote placement="bottom" marker="2"><p>Commission Regulation (EU) No 1178/2011 of 3 November 2011 laying down technical requirements and administrative procedures related to civil aviation aircrew pursuant to Regulation (EC) No 216/2008 of the European Parliament and of the Council (OJ L 311, 25.11.2011, p. 1).</p></authorialNote>. However, they should be restructured and simplified, in order to ensure that they are proportionate and founded on a risk-based approach, whilst ensuring that sailplane pilots are and continue to be competent to carry out their activities and discharge their responsibilities. Corresponding editorial update should also be made to the sailplane operations rules to take account of the shift of licensing rules from Regulation (EU) No 1178/2011 to Commission Implementing Regulation (EU) 2018/1976<authorialNote placement="bottom" marker="3"><p>Commission Implementing Regulation (EU) 2018/1976 of 14 December 2018 laying down detailed rules for the operation of sailplanes pursuant to Regulation (EU) 2018/1139 of the European Parliament and of the Council (OJ L 326, 20.12.2018, p. 64).</p></authorialNote>.</p></recital><recital xml:id="rec_d262e106"><num>(3)</num><p>Pursuant to Article 12(2a)(3) of Regulation (EU) No 1178/2011, Member States may continue to apply national licensing rules that provide access to basic pilot privileges until 8 April 2020. Some Member States have reported to the Commission and the European Union Aviation Safety Agency (&apos;EASA&apos;) that, in that context, continuation of those national licencing rules, whereby student pilots are allowed to exercise limited privileges without supervision and obtain basic privileges on a step-by-step basis, supports the promotion of aerial sports and recreational activities due to easy and more affordable access to flying. Promoting and enabling such easier access to general aviation is in line with objectives of EASA&apos;s General Aviation Road Map that aims to create a more proportional, flexible and proactive regulatory system<authorialNote placement="bottom" marker="4"><p>https://www.easa.europa.eu/easa-and-you/general-aviation/general-aviation-road-map</p></authorialNote>. For those reasons, Member States should be given the discretion to continue with those national licensing rules in accordance with the principles introduced in Commission Implementing Regulation (EU) 2019/430<authorialNote placement="bottom" marker="5"><p>Commission Implementing Regulation (EU) 2019/430 of 18 March 2019 amending Regulation (EU) No 1178/2011 as regards the exercise of limited privileges without supervision before the issuance of a light aircraft pilot licence (OJ L 75, 19.3.2019, p. 66).</p></authorialNote>, for the purpose of issuing sailplane pilot licences (&apos;SPL&apos;). However, Member States should inform the Commission and the EASA whenever they make use of such authorisations. The Member States should also monitor the use of such authorisations in order to maintain an acceptable level of aviation safety.</p></recital><recital xml:id="rec_d262e139"><num>(4)</num><p>In order to ensure a smooth transition, any certificates, authorisations and approvals issued to sailplane pilots in accordance with Regulation (EU) No 1178/2011 prior to the date of application of this Regulation should continue to be valid. National sailplane pilot licences issued prior to the date of application of this Regulation should be converted into licences issued in accordance with this Regulation, through conversion reports established by the competent authorities of Member States in consultation with the EASA.</p></recital><recital xml:id="rec_d262e145"><num>(5)</num><p>Sailplane pilot trainings that commenced in accordance with Annex I (Part-FCL) to Regulation (EU) No 1178/2011 prior to the date of application of this Regulation should be fully credited because they provide equal or even broader scope of training requirements than those introduced by this Regulation. Training that commenced prior to the date of application of this Regulation in accordance with Annex 1 to the Chicago Convention should be credited on the basis of credit reports established by the Member States.</p></recital><recital xml:id="rec_d262e151"><num>(6)</num><p>Existing training organisations should be given the appropriate time to adapt their training programmes, where necessary, in the context of the simplified training requirements.</p></recital><recital xml:id="rec_d262e157"><num>(7)</num><p>The measures provided for in this Regulation are based on Opinion No 01/2019<authorialNote placement="bottom" marker="6"><p>Easier access for GA pilots to IFR flying &amp; Revision of the balloon and sailplane licensing requirements, (Opinion No 01/2019 (A) &amp; (B), 19.02.2019), available at: https://www.easa.europa.eu/document-library/opinions</p></authorialNote> of the EASA in accordance with points (b) and (c) of Article 75(2) and with Article 76(1) of Regulation (EU) 2018/1139.</p></recital><recital xml:id="rec_d262e170"><num>(8)</num><p>The measures provided for in this Regulation are in accordance with the opinion of the committee established by Article 127 of Regulation (EU) 2018/1139,</p></recital></recitals><formula name="enactingFormula"><p>HAS ADOPTED THIS REGULATION:</p></formula></preamble><body><article xml:id="art_d262e179" leos:compliant="false"><num>Article 1</num><heading/><paragraph><subparagraph><content><p>Implementing Regulation (EU) 2018/1976 is amended as follows:</p></content></subparagraph><list><point><num>(1)</num><alinea><content><p>the title is replaced by the following:</p></content></alinea><alinea><content><p><mod><quotedStructure startQuote="" endQuote=""><alinea><content><p>&apos;Commission Implementing Regulation (EU) 2018/1976 of 14 December 2018 laying down detailed rules for the operation of sailplanes as well as for the flight crew licensing for sailplanes pursuant to Regulation (EU) 2018/1139 of the European Parliament and of the Council&apos;;</p></content></alinea></quotedStructure></mod></p></content></alinea></point><point><num>(2)</num><alinea><content><p>in Article 1, paragraph 1 is replaced by the following:</p></content></alinea><alinea><content><p><mod><quotedStructure startQuote="" endQuote=""><paragraph><num>&apos;1.</num><content><p>This Regulation lays down detailed rules for air operations with sailplanes as well as for issuing and maintaining pilot licences and associated ratings, privileges and certificates for sailplanes, where such aircraft meet the conditions laid down in points (b)(i) and (ii) of Article 2(1) of Regulation (EU) 2018/1139.&apos;;</p></content></paragraph></quotedStructure></mod></p></content></alinea></point><point><num>(3)</num><alinea><content><p>Article 2 is amended as follows:</p></content></alinea><list><point><num>(a)</num><alinea><content><p>the introductory sentence is replaced by the following:</p></content></alinea><alinea><content><p><mod><quotedStructure startQuote="" endQuote=""><alinea><content><p>&apos;For the purposes of this Regulation, the following definitions and, unless terms are defined otherwise in this Article, the definitions of Article 2 of Regulation (EU) No 1178/2011 apply:&apos;;</p></content></alinea></quotedStructure></mod></p></content></alinea></point><point><num>(b)</num><alinea><content><p>point (10) is replaced by the following:</p></content></alinea><alinea><content><p><mod><quotedStructure startQuote="" endQuote=""><list><point><num>&apos;(10)</num><content><p>&apos;&apos;dry lease agreement&apos;&apos; means an agreement between undertakings pursuant to which the sailplane is operated under the responsibility of the lessee;&apos;;</p></content></point></list></quotedStructure></mod></p></content></alinea></point><point><num>(c)</num><alinea><content><p>the following points (11) to (13) are added:</p></content></alinea><alinea><content><p><mod><quotedStructure startQuote="" endQuote=""><list><point><num>&apos;(11)</num><content><p>&apos;&apos;national licence&apos;&apos; means a pilot licence issued by a Member State in accordance with national legislation before the date of application of Annex III (Part-SFCL) to this Regulation or of Annex I (Part-FCL) to Regulation (EU) No 1178/2011;</p></content></point><point><num>(12)</num><content><p>&apos;&apos;Part-SFCL licence&apos;&apos; means a flight crew licence which complies with the requirements of Annex III (Part-SFCL) to this Regulation;</p></content></point><point><num>(13)</num><content><p>&apos;&apos;conversion report&apos;&apos; means a report on the basis of which a licence may be converted into a Part-SFCL licence;&apos;;</p></content></point></list></quotedStructure></mod></p></content></alinea></point></list></point><point><num>(4)</num><alinea><content><p>the following Articles 3a to 3d are inserted after Article 3:</p></content></alinea><alinea><content><p><mod><quotedStructure startQuote="" endQuote=""><article xml:id="art_d262e316"><num>&apos;Article 3a</num><heading>Pilot licences and medical certification</heading><paragraph><num>1.</num><content><p>Without prejudice to Commission Delegated Regulation (EU)<authorialNote placement="bottom" marker="7"><p>Commission Delegated Regulation (EU) of 4 March 2020 (not yet published in the Official Journal).&apos;;</p></authorialNote>, pilots of aircraft referred to in Article 1(1) of this Regulation shall comply with the technical requirements and administrative procedures laid down in Annex III (Part-SFCL) to this Regulation and in Annex IV (Part-MED) to Regulation (EU) No 1178/2011.</p></content></paragraph><paragraph><num>2.</num><content><p>As an exception to the privileges of the holders of licences as defined in Annex III (Part-SFCL) to this Regulation, holders of such licences may carry out flights referred to in points (a) to (d) of Article 3(2) without complying with point SFCL.115(a)(3) of Annex III (Part-SFCL) to this Regulation.</p></content></paragraph><paragraph><num>3.</num><subparagraph><content><p>A Member State may authorise student pilots who follow a sailplane pilot licence (&apos;SPL&apos;) training course to exercise limited privileges without supervision before they meet all the requirements that are necessary for the issue of an SPL in accordance with Annex III (Part-SFCL) to this Regulation, subject to all of the following conditions:</p></content></subparagraph><list><point><num>(a)</num><content><p>the scope of the privileges granted shall be based on a safety risk assessment carried out by the Member State, taking into account the extent of training necessary for the intended level of pilot competence to be achieved;</p></content></point><point><num>(b)</num><alinea><content><p>the privileges shall be limited to the following:</p></content></alinea><list><point><num>(i)</num><content><p>the whole or part of the national territory of the authorising Member State; and</p></content></point><point><num>(ii)</num><content><p>sailplanes that are registered in the authorising Member State;</p></content></point></list></point><point><num>(c)</num><content><p>the holder of an authorisation who applies for the issue of an SPL shall receive credits for training conducted on the basis of a recommendation from an approved training organisation (&apos;ATO&apos;) or a declared training organisation (&apos;DTO&apos;);</p></content></point><point><num>(d)</num><content><p>the Member State shall submit reports and safety risk assessments to the Commission and the European Union Aviation Safety Agency (&apos;EASA&apos;) every 3 years;</p></content></point><point><num>(e)</num><content><p>the Member State shall monitor the use of authorisations issued under this paragraph to ensure an acceptable level of aviation safety and take appropriate action in case of identifying an increased safety risk or any safety concerns.</p></content></point></list></paragraph></article><article xml:id="art_d262e408"><num>Article 3b</num><heading>Existing pilot licences and national medical certificates</heading><paragraph><num>1.</num><content><p>Part-FCL licences for sailplanes and associated privileges, ratings and certificates issued by a Member State before the date of application of this Regulation shall be deemed to have been issued in accordance with this Regulation. Member States shall replace those licences with licences that comply with the format laid down in Annex VI (Part-ARA) to Regulation (EU) No 1178/2011 when they reissue licences for administrative reasons or upon a request of licence holders.</p></content></paragraph><paragraph><num>2.</num><subparagraph><content><p>When a Member State reissues licences and associated privileges, ratings and certificates in accordance with paragraph 1, the Member State shall, as applicable:</p></content></subparagraph><list><point><num>(a)</num><content><p>transfer all privileges endorsed so far in Part-FCL licences to the new licence format;</p></content></point><point><num>(b)</num><content><p>convert aerobatic ratings issued in accordance with point FCL.800 of Annex I (Part-FCL) to Regulation (EU) No 1178/2011 into advanced aerobatic privileges in accordance with point SFCL.200(c) of Annex III (Part-SFCL) to this Regulation;</p></content></point><point><num>(c)</num><content><p>endorse the expiry date of a flight instructor certificate associated with a Part-FCL licence into the pilot&apos;s logbook or issue an equivalent document. After that expiry date, pilots shall exercise instructor privileges only when they comply with point SFCL.360 of Annex III (Part-SFCL) to this Regulation.</p></content></point></list></paragraph><paragraph><num>3.</num><content><p>Holders of national licences for sailplanes issued by a Member State before the date of application of Annex III (Part-SFCL) to this Regulation shall be allowed to continue to exercise the privileges of their licences until 8 April 2021. By that date, Member States shall convert those licences into Part-SFCL licences and associated ratings, privileges and certificates in accordance with the elements laid down in a conversion report that complies with the requirements of Article 4(4) and (5) of Regulation (EU) No 1178/2011.</p></content></paragraph><paragraph><num>4.</num><content><p>National pilot medical certificates associated with a licence as specified in paragraph 2 of this Article and issued by a Member State before the date of application of Annex III (Part-SFCL) to this Regulation shall remain valid until the date of their next revalidation or until 8 April 2021, whichever is the earliest. The revalidation of such medical certificates shall comply with the requirements of Annex IV (Part-MED) to Regulation (EU) No 1178/2011.</p></content></paragraph></article><article xml:id="art_d262e460"><num>Article 3c</num><heading>Credit for training that commenced prior to the date of application of this Regulation</heading><paragraph><num>1.</num><content><p>In respect of issuing Part-SFCL licences and associated privileges, ratings or certificates in accordance with Annex III (Part-SFCL) to this Regulation, training that commenced prior to the date of application of this Regulation in accordance with Annex I (Part-FCL) to Regulation (EU) No 1178/2011 shall be deemed to comply with the requirements of this Regulation.</p></content></paragraph><paragraph><num>2.</num><content><p>Training that commenced prior to the date of application of this Regulation or of Annex I (Part-FCL) to Regulation (EU) No 1178/2011, in accordance with Annex 1 to the Chicago Convention, shall be credited for the purposes of issuing Part-SFCL licences on the basis of a credit report established by the Member State in consultation with the EASA.</p></content></paragraph><paragraph><num>3.</num><content><p>The credit report referred to in paragraph 2 shall describe the scope of the training, indicate for which requirements of Part-SFCL credit is given and, if applicable, which requirements applicants need to comply with in order to be issued with a Part-SFCL licence. It shall include copies of all the documents necessary to attest the scope of the training, as well as copies of the national regulations and procedures in accordance with which the training was initiated.</p></content></paragraph></article><article xml:id="art_d262e480"><num>Article 3d</num><heading>Training organisations</heading><paragraph><num>1.</num><content><p>Training organisations for obtaining the pilot licences referred to in Article 1(1) of this Regulation shall comply with the requirements of Article 10a of Regulation (EU) No 1178/2011.</p></content></paragraph><paragraph><num>2.</num><subparagraph><content><p>Training organisations referred to in paragraph 1 which hold an approval issued in accordance with Annex VII (Part-ORA) to Regulation (EU) No 1178/2011 or have submitted a declaration in accordance with Annex VIII (Part-DTO) to Regulation (EU) No 1178/2011 before the date of application of this Regulation shall adapt their training programmes, where necessary, by 8 April 2021 at the latest.</p></content></subparagraph></paragraph></article></quotedStructure></mod></p></content></alinea></point><point><num>(5)</num><content><p>Annex I (Part-DEF) is amended in accordance with Annex I to this Regulation;</p></content></point><point><num>(6)</num><content><p>Annex II (Part-SAO) is amended in accordance with Annex II to this Regulation</p></content></point><point><num>(7)</num><content><p>Annex III (Part-SFCL) is added as set out in Annex III to this Regulation.</p></content></point></list></paragraph></article><article xml:id="art_d262e517"><num>Article 2</num><heading/><paragraph><content><p>This Regulation shall enter into force on the twentieth day following that of its publication in the <i>Official Journal of the European Union</i>.</p></content></paragraph><paragraph><content><p>It shall apply from 8 April 2020.</p></content></paragraph></article><clause><content><p>This Regulation shall be binding in its entirety and directly applicable in all Member States.</p></content></clause></body><conclusions><p>Done at Brussels, 4 March 2020.</p><block name="signatory"><signature><organization refersTo="">For the Commission</organization><role refersTo="">The President</role><person refersTo="">Ursula VON DER LEYEN</person></signature></block></conclusions></bill></akomaNtoso>