<?xml version="1.0" encoding="UTF-8"?><akomaNtoso xmlns="http://docs.oasis-open.org/legaldocml/ns/akn/3.0" xmlns:fmx="http://formex.publications.europa.eu/schema/formex-05.21-20110601.xd" xmlns:leos="urn:eu:europa:ec:leos" xmlns:xs="http://www.w3.org/2001/XMLSchema"><bill name=""><meta xmlns:fn="http://www.w3.org/2005/xpath-functions"><identification source="~COM"><FRBRWork><FRBRthis value=""/><FRBRuri value=""/><FRBRdate date="2999-01-01" name=""/><FRBRauthor href=""/><FRBRcountry value=""/></FRBRWork><FRBRExpression><FRBRthis value=""/><FRBRuri value=""/><FRBRdate date="2999-01-01" name=""/><FRBRauthor href=""/><FRBRlanguage language="eng"/></FRBRExpression><FRBRManifestation><FRBRthis value=""/><FRBRuri value=""/><FRBRdate date="2999-01-01" name=""/><FRBRauthor href=""/></FRBRManifestation></identification></meta><preface><longTitle><p><docStage/><docType>COMMISSION IMPLEMENTING DECISION (EU) 2020/388</docType>of 6 March 2020<docPurpose>laying down rules for the application of Council Directive 90/428/EEC as regards the derogations from the rules of equestrian competitions and amending Commission Decision 2009/712/EC as regards references to zootechnical legislation</docPurpose></p></longTitle><container name="EEArelevance"><p>(notified under document C(2020) 1269)</p></container></preface><preamble><formula name="actingEntity"><p>THE EUROPEAN COMMISSION,</p></formula><citations><citation><p>Having regard to the Treaty on the Functioning of the European Union,</p></citation><citation><p>Having regard to Council Directive 90/428/EEC of 26 June 1990 on trade in equidae intended for competitions and laying down the conditions for participation therein<authorialNote placement="bottom" marker="1"><p>OJ L 224, 18.8.1990, p. 60.</p></authorialNote>, and in particular Article 4(3) thereof,</p></citation></citations><recitals xml:id="recs_d282e75"><intro><p>Whereas:</p></intro><recital xml:id="rec_d282e78"><num>(1)</num><p>Article 3 of Directive 90/428/EEC provides that the rules of competition may not discriminate equidae registered or originating in the Member State in which the competition is being held and equidae registered or originating in another Member State.</p></recital><recital xml:id="rec_d282e84"><num>(2)</num><p>Article 4(2) of Directive 90/428/EEC provides for two derogations from the obligations of non-discrimination set out in Article 3 of that Directive. The first exempts certain types of competitions and events, the second allows Member States to reserve a certain percentage of the prize money and profits accruing from the competition for the safeguard, development and improvement of breeding. Where a Member State intends to use the first derogation, it must inform beforehand the Member States and the public of its intention and of the justification for using that derogation. Where a Member State intends to use the second derogation, it must make the criteria for the distribution of those funds available to the other Member States and the public.</p></recital><recital xml:id="rec_d282e90"><num>(3)</num><p>Commission Decision 2009/712/EC<authorialNote placement="bottom" marker="2"><p>Commission Decision 2009/712/EC of 18 September 2009 implementing Council Directive 2008/73/EC as regards internet-based information pages containing lists of establishments and laboratories approved by Member States in accordance with Community veterinary and zootechnical legislation (OJ L 247, 19.9.2009, p. 13).</p></authorialNote> contains model forms for providing the information required to use the derogations provided for in Article 4(2) of Directive 90/428/EEC. This Decision is repealed from 21 April 2021 by Commission Delegated Regulation (EU) 2019/2035<authorialNote placement="bottom" marker="3"><p>Commission Delegated Regulation (EU) 2019/2035 of 28 June 2019 supplementing Regulation (EU) 2016/429 of the European Parliament and of the Council as regards rules for establishments keeping terrestrial animals and hatcheries, and the traceability of certain kept terrestrial animals and hatching eggs (OJ L 314, 5.12.2019, p. 115).</p></authorialNote>. Practice has shown that the information provided by Member States is frequently outdated and, in many cases, language constraints prevent authorities and the public in other Member States from accessing its content. The lack of transparency in applying the derogations has caused complaints of affected individuals and entire segments of the equestrian community. In order to ensure that Member States and the public are informed correctly and timely of the use of the derogations provided for in Article 4(2) of Directive 90/428/EEC, it is necessary to provide for revised models of the internet-based information pages and to require that Member States update the information provided pursuant to Article 4(2) of Directive 90/428/EEC at minimum intervals.</p></recital><recital xml:id="rec_d282e120"><num>(4)</num><p>For the sake of clarity, legal certainty and simplification, it is necessary to delete the models of the internet-based information pages set out in Sections II and III of Chapter 2 of Annex II to Decision 2009/712/EC.</p></recital><recital xml:id="rec_d282e126"><num>(5)</num><p>Chapter 2 of Annex I to Decision 2009/712/EC lists Council Directives 77/504/EEC<authorialNote placement="bottom" marker="4"><p>Council Directive 77/504/EEC of 25 July 1977 on pure-bred breeding animals of the bovine species (OJ L 206, 12.8.1977, p. 8).</p></authorialNote> (replaced by Council Directive 2009/157/EC<authorialNote placement="bottom" marker="5"><p>Council Directive 2009/157/EC of 30 November 2009 on pure-bred breeding animals of the bovine species (OJ L 323, 10.12.2009, p. 1).</p></authorialNote>), 88/661/EEC<authorialNote placement="bottom" marker="6"><p>Council Directive 88/661/EEC of 19 December 1988 on the zootechnical standards applicable to breeding animals of the porcine species (OJ L 382, 31.12.1988, p. 36).</p></authorialNote>, 89/361/EEC<authorialNote placement="bottom" marker="7"><p>Council Directive 89/361/EEC of 30 May 1989 concerning pure-bred breeding sheep and goats (OJ L 153, 6.6.1989, p. 30).</p></authorialNote> and 90/427/EEC<authorialNote placement="bottom" marker="8"><p>Council Directive 90/427/EEC of 26 June 1990 on the zootechnical and genealogical conditions governing intra-Community trade in equidae (OJ L 224, 18.8.1990, p. 55).</p></authorialNote>, as well as Directive 90/428/EEC. Directives 2009/157/EC, 88/661/EEC, 89/361/EEC and 90/427/EEC have been repealed by Regulation (EU) 2016/1012 of the European Parliament and of the Council<authorialNote placement="bottom" marker="9"><p>Regulation (EU) 2016/1012 of the European Parliament and of the Council of 8 June 2016 on zootechnical and genealogical conditions for the breeding, trade in and entry into the Union of purebred breeding animals, hybrid breeding pigs and the germinal products thereof and amending Regulation (EU) No 652/2014, Council Directives 89/608/EEC and 90/425/EEC and repealing certain acts in the area of animal breeding (&apos;Animal Breeding Regulation&apos;) (OJ L 171, 29.6.2016, p. 66).</p></authorialNote> on 1 November 2018. For the sake of clarity, legal certainty and simplification, references to those Directives should be deleted. Since this Decision establishes new models for the internet-based information pages concerning the use of the derogations provided for in Article 4(2) of Decision 2009/712/EC, the reference to Directive 90/428/EEC should also be deleted. Chapter 2 of Annex I should therefore be deleted.</p></recital><recital xml:id="rec_d282e200"><num>(6)</num><p>Regulation (EU) 2016/1012 provides that Member States are to draw up and keep up-to-date a list of breed societies and breeding operations that their competent authorities have recognised in accordance with Article 4(3) of that Regulation and which implement at least one breeding programme approved in accordance with Article 8(3) of that Regulation. Moreover, Regulation (EU) 2016/1012 provides that Member States are to make that list available to the public.</p></recital><recital xml:id="rec_d282e206"><num>(7)</num><p>Commission Implementing Regulation (EU) 2017/716<authorialNote placement="bottom" marker="10"><p>Commission Implementing Regulation (EU) 2017/716 of 10 April 2017 laying down rules for the application of Regulation (EU) 2016/1012 of the European Parliament and of the Council with regard to the model forms to be used for the information to be included in the lists of recognised breed societies and breeding operations (OJ L 109, 26.4.2017, p. 1).</p></authorialNote> lays down the model forms for the presentation of the information to be included in the lists of recognised breed societies and breeding operations provided for in Article 7 of Regulation (EU) 2016/1012. Since Implementing Regulation (EU) 2017/716 applies from 1 November 2018, the model forms set out in that Regulation are to be used instead of those set out in Section I of Chapter 2 of Annex II to Decision 2009/712/EC.</p></recital><recital xml:id="rec_d282e225"><num>(8)</num><p>Chapter 2 of Annex II to Decision 2009/712/EC should be deleted as the models set out in Sections I, II and III thereof are replaced by the model forms set out in Implementing Regulation (EU) 2017/716 and in this Decision respectively.</p></recital><recital xml:id="rec_d282e231"><num>(9)</num><p>Decision 2009/712/EC refers to zootechnical legislation in its title and to establishments in the zootechnical field in Article 1(1)(b). Since such references are obsolete following the entry into force of Regulations (EU) 2016/1012 and (EU) No 2017/716, the words &apos;and zootechnical&apos; in the title of Decision 2009/712/EC and point (b) of Article 1(1) of that Decision should be deleted.</p></recital><recital xml:id="rec_d282e242"><num>(10)</num><p>Decision 2009/712/EC should therefore be amended accordingly.</p></recital><recital xml:id="rec_d282e248"><num>(11)</num><p>The measures provided for in this Decision are in accordance with the opinion of the Standing Committee on Zootechnics,</p></recital></recitals><formula name="enactingFormula"><p>HAS ADOPTED THIS DECISION:</p></formula></preamble><body><article xml:id="art_d282e257"><num>Article 1</num><heading/><paragraph><num>1.</num><subparagraph><content><p>By 1 April 2020 at the latest, Member States shall establish internet-based information pages in order to make electronically available to the other Member States and to the public:</p></content></subparagraph><list><point><num>(a)</num><content><p>their intention to avail themselves of the derogation provided for in the first indent of Article 4(2) of Directive 90/428/EEC, and the justification thereof;</p></content></point><point><num>(b)</num><content><p>the criteria for the distribution of the funds referred to in the second indent of Article 4(2) of Directive 90/428/EEC.</p></content></point></list></paragraph><paragraph><num>2.</num><content><p>The internet-based information pages referred to in paragraph 1 shall be drawn up in conformity with the models set out in Annexes I and II respectively and with the instructions set out in Annex III.</p></content></paragraph><paragraph><num>3.</num><content><p>Member States shall communicate the internet address of their internet-based information pages to the Commission.</p></content></paragraph><paragraph><num>4.</num><subparagraph><content><p>Member States shall ensure that the information referred to in points (a) and (b) of paragraph 1 is updated:</p></content></subparagraph><list><point><num>(a)</num><content><p>at least annually, before 31 December, for the equestrian competitions and events falling under the derogation provided for in the first indent of Article 4(2) of Directive 90/428/EEC to be organised in the following year;</p></content></point><point><num>(b)</num><content><p>whenever the criteria for the distribution of the funds referred to in the second indent of Article 4(2) of Directive 90/428/EEC are changed.</p></content></point></list></paragraph></article><article xml:id="art_d282e312"><num>Article 2</num><heading/><paragraph><subparagraph><content><p>With effect from 1 April 2020, Decision 2009/712/EC is amended as follows:</p></content></subparagraph><list><point><num>(1)</num><content><p>in the title of that act, the words &apos;and zootechnical&apos; are deleted;</p></content></point><point><num>(2)</num><content><p>in Article 1(1), point (b) is deleted;</p></content></point><point><num>(3)</num><content><p>in Annex I, Chapter 2 is deleted;</p></content></point><point><num>(4)</num><content><p>in Annex II, Chapter 2 is deleted.</p></content></point></list></paragraph></article><article xml:id="art_d282e350"><num>Article 3</num><heading/><paragraph><content><p>This Decision is addressed to the Member States.</p></content></paragraph></article></body><conclusions><p>Done at Brussels, 6 March 2020.</p><block name="signatory"><signature><organization refersTo="">For the Commission</organization><role refersTo="">Stella KYRIAKIDES</role><person refersTo="">Member of the Commission</person></signature></block></conclusions></bill></akomaNtoso>