<?xml version="1.0" encoding="UTF-8"?><akomaNtoso xmlns="http://docs.oasis-open.org/legaldocml/ns/akn/3.0" xmlns:fmx="http://formex.publications.europa.eu/schema/formex-05.21-20110601.xd" xmlns:leos="urn:eu:europa:ec:leos" xmlns:xs="http://www.w3.org/2001/XMLSchema"><bill name=""><meta xmlns:fn="http://www.w3.org/2005/xpath-functions"><identification source="~COM"><FRBRWork><FRBRthis value=""/><FRBRuri value=""/><FRBRdate date="2999-01-01" name=""/><FRBRauthor href=""/><FRBRcountry value=""/></FRBRWork><FRBRExpression><FRBRthis value=""/><FRBRuri value=""/><FRBRdate date="2999-01-01" name=""/><FRBRauthor href=""/><FRBRlanguage language="eng"/></FRBRExpression><FRBRManifestation><FRBRthis value=""/><FRBRuri value=""/><FRBRdate date="2999-01-01" name=""/><FRBRauthor href=""/></FRBRManifestation></identification></meta><preface><longTitle><p><docStage/><docType>COMMISSION IMPLEMENTING REGULATION (EU) 2020/357</docType>of 4 March 2020<docPurpose>amending Regulation (EU) 2018/395 as regards balloon pilot licences</docPurpose></p></longTitle><container name="EEArelevance"><p>(Text with EEA relevance)</p></container></preface><preamble><formula name="actingEntity"><p>THE EUROPEAN COMMISSION,</p></formula><citations><citation><p>Having regard to the Treaty on the Functioning of the European Union,</p></citation><citation><p>Having regard to Regulation (EU) 2018/1139 of the European Parliament and of the Council of 4 July 2018 on common rules in the field of civil aviation and establishing a European Union Aviation Safety Agency, and amending Regulations (EC) No 2111/2005, (EC) No 1008/2008, (EU) No 996/2010, (EU) No 376/2014 and Directives 2014/30/EU and 2014/53/EU of the European Parliament and of the Council, and repealing Regulations (EC) No 552/2004 and (EC) No 216/2008 of the European Parliament and of the Council and Council Regulation (EEC) No 3922/91<authorialNote placement="bottom" marker="1"><p>OJ L 212, 22.8.2018, p. 1.</p></authorialNote>, and in particular Articles 23, 27 and 31 thereof,</p></citation></citations><recitals xml:id="recs_d261e71"><intro><p>Whereas:</p></intro><recital xml:id="rec_d261e74"><num>(1)</num><p>The Commission is to adopt the necessary implementing rules for establishing the requirements for balloon pilot licences (&apos;BPLs&apos;) in accordance with Regulation (EU) 2018/1139, where such aircraft meet the conditions specified in points (b)(i) and (ii) of Article 2(1) of that Regulation.</p></recital><recital xml:id="rec_d261e84"><num>(2)</num><p>In light of the specific nature of flight crew licensing for balloons, dedicated licensing requirements that are laid down in stand-alone regulations are necessary. Those requirements should be based on the general rules for flight crew licensing that are laid down in Commission Regulation (EU) No 1178/2011<authorialNote placement="bottom" marker="2"><p>Commission Regulation (EU) No 1178/2011 of 3 November 2011 laying down technical requirements and administrative procedures related to civil aviation aircrew pursuant to Regulation (EC) No 216/2008 of the European Parliament and of the Council (OJ L 311, 25.11.2011, p. 1).</p></authorialNote>. However, they should be restructured and simplified in order to ensure that they are proportionate and founded on a risk-based approach, whilst ensuring that balloon pilots are and continue to be competent to carry out their activities and to discharge their responsibilities.</p></recital><recital xml:id="rec_d261e100"><num>(3)</num><p>Pursuant to Article 12(2a)(3) of Regulation (EU) No 1178/2011, Member States may continue to apply national licensing rules that provide access to basic pilot privileges until 8 April 2020. Some Member States have reported to the Commission and the European Union Aviation Safety Agency (&apos;EASA&apos;) that, in that context, continuation of those national licensing rules, whereby student pilots exercise limited privileges without supervision and obtain basic privileges on a step-by-step basis supports the promotion of aerial sports and recreational activities due to easy and more affordable access to flying. Promoting and enabling such easier access to general aviation is in line with the objectives of EASA&apos;s General Aviation Road Map that aims to create a more proportional, flexible and proactive regulatory system<authorialNote placement="bottom" marker="3"><p>https://www.easa.europa.eu/easa-and-you/general-aviation/general-aviation-road-map</p></authorialNote>. For those reasons, Member States should be given the discretion to continue with those national licensing rules in accordance with the principles introduced in Regulation (EU) <authorialNote placement="bottom" marker="4"><p>Commission Regulation (EU) 2019/430 of 18 March 2019 amending Regulation (EU) No 1178/2011 as regards the exercise of limited privileges without supervision before the issuance of a light aircraft pilot licence (OJ L 75 19.3.2019 p. 66).</p></authorialNote> for the purpose of issuing balloon pilot licences (&apos;BPL&apos;). However, Member States should inform the Commission and the EASA whenever they make use of such authorisations. The Member States should also monitor the use of such authorisations in order to maintain an acceptable level of aviation safety.</p></recital><recital xml:id="rec_d261e133"><num>(4)</num><p>In order to ensure a smooth transition, any certificates, authorisations and approvals issued to balloon pilots in accordance with Regulation (EU) No 1178/2011 prior to the date of application of this Regulation should continue to be valid. National balloon pilot licences issued prior to the date of application of this Regulation should be converted into licences issued in accordance with this Regulation, through conversion reports established by the competent authorities of Member States in consultation with the EASA.</p></recital><recital xml:id="rec_d261e139"><num>(5)</num><p>Balloon pilot trainings that commenced in accordance with Annex I (Part-FCL) to Regulation (EU) No 1178/2011 prior to the date of application of this Regulation, should be fully credited because they provide equal or even broader scope of training requirements than those introduced by this Regulation. Training that commenced prior to the date of application of this Regulation in accordance with Annex 1 to the Chicago Convention should be credited on the basis of credit reports established by the Member States.</p></recital><recital xml:id="rec_d261e145"><num>(6)</num><p>Existing training organisations should be given the appropriate time to adapt their training programmes, where necessary, in the context of the simplified training requirements.</p></recital><recital xml:id="rec_d261e151"><num>(7)</num><p>Provisions of Commission Regulation (EU) 2018/395<authorialNote placement="bottom" marker="5"><p>Commission Regulation (EU) 2018/395 of 13 March 2018 laying down detailed rules for the operation of balloons pursuant to Regulation (EC) No 216/2008 of the European Parliament and of the Council (OJ L 71, 14.3.2018, p. 10).</p></authorialNote> should be updated also as regards operations with balloons, to take account of lessons learned since the adoption of that regulation and to clarify certain aspects, such as the submission of declarations for commercial activities.</p></recital><recital xml:id="rec_d261e167"><num>(8)</num><p>The measures provided for in this Regulation are based on Opinion No 01/2019<authorialNote placement="bottom" marker="6"><p>Easier access for GA pilots to IFR flying &amp; Revision of the balloon and sailplane licensing requirements, (Opinion No 01/2019 (A) &amp; (B), 19.02.2019), available at: https://www.easa.europa.eu/document-library/opinions</p></authorialNote> of the EASA in accordance with points (b) and (c) of Article 75(2) and with Article 76(1) of Regulation (EU) 2018/1139.</p></recital><recital xml:id="rec_d261e180"><num>(9)</num><p>The measures provided for in this Regulation are in accordance with the opinion of the committee established by Article 127 of Regulation (EC) No 2018/1139,</p></recital></recitals><formula name="enactingFormula"><p>HAS ADOPTED THIS REGULATION:</p></formula></preamble><body><article xml:id="art_d261e189" leos:compliant="false"><num>Article 1</num><heading/>Regulation (EU) 2018/395 is amended as follows:<paragraph><subparagraph><content><p/></content></subparagraph><list><point><num>(1)</num><alinea><content><p>the title is replaced by the following:</p></content></alinea><alinea><content><p><mod><quotedStructure startQuote="" endQuote=""><alinea><content><p>&apos;Commission Regulation (EU) 2018/395 of 13 March 2018 laying down detailed rules for the operation of balloons as well as for the flight crew licensing for balloons pursuant to Regulation (EU) 2018/1139 of the European Parliament and of the Council&apos;;</p></content></alinea></quotedStructure></mod></p></content></alinea></point><point><num>(2)</num><alinea><content><p>in Article 1, paragraph 1 is replaced by the following:</p></content></alinea><alinea><content><p><mod><quotedStructure startQuote="" endQuote=""><paragraph><num>&apos;1.</num><content><p>This Regulation lays down detailed rules for air operations with balloons as well as for issuing and maintaining pilot licences and associated ratings, privileges and certificates for balloons, where such aircraft meet the conditions laid down in points (b)(i) and (ii) of Article (2)(1) of Regulation (EU) 2018/1139 of the European Parliament and of the Council<authorialNote placement="bottom" marker="7"><p>Regulation (EU) 2018/1139 of the European Parliament and of the Council of 4 July 2018 on common rules in the field of civil aviation and establishing a European Union Aviation Safety Agency, and amending Regulations (EC) No 2111/2005, (EC) No 1008/2008, (EU) No 996/2010, (EU) No 376/2014 and Directives 2014/30/EU and 2014/53/EU of the European Parliament and of the Council, and repealing Regulations (EC) No 552/2004 and (EC) No 216/2008 of the European Parliament and of the Council and Council Regulation (EEC) No 3922/91 (OJ L 212, 22.8.2018, p. 1).&apos;;</p></authorialNote>.</p></content></paragraph></quotedStructure></mod></p></content></alinea></point><point><num>(3)</num><alinea><content><p>Article 2 is amended as follows:</p></content></alinea><list><point><num>(a)</num><alinea><content><p>the introductory sentence is replaced by the following:</p></content></alinea><alinea><content><p><mod><quotedStructure startQuote="" endQuote=""><alinea><content><p>&apos;For the purpose of this Regulation, the following definitions and, unless terms are defined otherwise in this Article, the definitions of Article 2 of Commission Regulation (EU) No 1178/2011<authorialNote placement="bottom" marker="8"><p>Commission Regulation (EU) No 1178/2011 of 3 November 2011 laying down technical requirements and administrative procedures related to civil aviation aircrew pursuant to Regulation (EC) No 216/2008 of the European Parliament and of the Council (OJ L 311, 25.11.2011, p. 1).&apos;;</p></authorialNote> apply:</p></content></alinea></quotedStructure></mod></p></content></alinea></point><point><num>(b)</num><alinea><content><p>the following point (7a) is inserted:</p></content></alinea><alinea><content><p><mod><quotedStructure startQuote="" endQuote=""><list><num>&apos;(7a)</num><content><p>&quot;commercial operation&quot; means any operation of a balloon, in return for remuneration or other valuable consideration, which is available for the public or, when not made available to the public, is performed under a contract between an operator and a customer, where the latter has no control over the operator;&apos;;</p></content></list></quotedStructure></mod></p></content></alinea></point><point><num>(c)</num><alinea><content><p>point (10) is replaced by the following:</p></content></alinea><alinea><content><p><mod><quotedStructure startQuote="" endQuote=""><list><point><num>&apos;(10)</num><content><p>&quot;introductory flight&quot; means any air operation, against remuneration or other valuable consideration, that consists of an air tour of short duration for the purpose of attracting new trainees or new members, performed either by a training organisation referred to in Article 10a of Regulation (EU) No 1178/2011 or by an organisation established with the aim of promoting aerial sport or leisure aviation;&apos;;</p></content></point></list></quotedStructure></mod></p></content></alinea></point><point><num>(d)</num><alinea><content><p>point (12) is replaced by the following:</p></content></alinea><alinea><content><p><mod><quotedStructure startQuote="" endQuote=""><list><point><num>&apos;(12)</num><content><p>&quot;dry lease agreement&quot; means an agreement between undertakings pursuant to which the balloon is operated under the responsibility of the lessee;&apos;;</p></content></point></list></quotedStructure></mod></p></content></alinea></point><point><num>(e)</num><alinea><content><p>the following points (13) to (15) are added:</p></content></alinea><alinea><content><p><mod><quotedStructure startQuote="" endQuote=""><list><point><num>&apos;(13)</num><content><p>&quot;national licence&quot; means a pilot licence issued by a Member State in accordance with national legislation before the date of application of Annex III (Part-BFCL) to this Regulation or of Annex I (Part-FCL) to Regulation (EU) No 1178/2011;</p></content></point><point><num>(14)</num><content><p>&quot;Part-BFCL licence&quot; means a flight crew licence which complies with the requirements of Annex III (Part-BFCL) to this Regulation;</p></content></point><point><num>(15)</num><content><p>&quot;conversion report&quot; means a report on the basis of which a licence may be converted into a Part-BFCL licence.&apos;;</p></content></point></list></quotedStructure></mod></p></content></alinea></point></list></point><point><num>(4)</num><alinea><content><p>paragraph 2 of Article 3 is amended as follows:</p></content></alinea><list><point><num>(a)</num><alinea><content><p>the first subparagraph is replaced by the following:</p></content></alinea><alinea><content><p><mod><quotedStructure startQuote="" endQuote=""><paragraph><num>&apos;2.</num><content><p>Operators of balloons shall engage in commercial operations only after having declared to the competent authority their capacity and means to discharge the responsibilities associated with the operation of the balloon.&apos;;</p></content></paragraph></quotedStructure></mod></p></content></alinea></point><point><num>(b)</num><content><p>the second subparagraph is deleted;</p></content></point><point><num>(c)</num><alinea><content><p>the third subparagraph is amended as follows:</p></content></alinea><list><point><num>(i)</num><alinea><content><p>the introductory sentence is replaced by the following:</p></content></alinea><alinea><content><p><mod><quotedStructure startQuote="" endQuote=""><alinea><content><p>&apos;The first subparagraph shall not apply to the following operations with balloons:&apos;;</p></content></alinea></quotedStructure></mod></p></content></alinea></point><point><num>(ii)</num><alinea><content><p>points (c) and (d) are replaced by the following:</p></content></alinea><alinea><content><p><mod><quotedStructure startQuote="" endQuote=""><list><point><num>&apos;(c)</num><content><p>introductory flights with four individuals or less, including the pilot, and flights for the purposes of parachute dropping, performed either by a training organisation referred to in Article 10a of Regulation (EU) No 1178/2011 that has its principal place of business in a Member State, or by an organisation created for the purposes of promoting aerial sport or leisure aviation, provided that the organisation operates the balloon on the basis of either ownership or a dry lease agreement and provided that the flight does not generate profits distributed outside the organisation and that such flights represent only a marginal activity of the organisation;</p></content></point><point><num>(d)</num><content><p>training flights performed by a training organisation referred to in Article 10a of Regulation (EU) No 1178/2011 that has its principal place of business in a Member State.&apos;;</p></content></point></list></quotedStructure></mod></p></content></alinea></point></list></point></list></point><point><num>(5)</num><alinea><content><p>after Article 3, the following Articles 3a to 3d are inserted:</p></content></alinea><alinea><content><p><mod><quotedStructure startQuote="" endQuote=""><article xml:id="art_d261e455"><num>&apos;Article 3a</num><heading>Pilot licences and medical certification</heading><paragraph><num>1.</num><content><p>Without prejudice to Commission Delegated Regulation (EU)<authorialNote placement="bottom" marker="9"><p>Commission Delegated Regulation (EU) of 4 March 2020 (not yet published in the Official Journal).&apos;;</p></authorialNote>, pilots of aircraft referred to in Article 1(1) of this Regulation shall comply with the technical requirements and administrative procedures laid down in Annex III (Part-BFCL) to this Regulation and in Annex IV (Part-MED) to Regulation (EU) No 1178/2011.</p></content></paragraph><paragraph><num>2.</num><content><p>As an exception to the privileges of the holders of licences as defined in Annex III (Part-BFCL) to this Regulation, holders of such licences may carry out flights referred to in Article 3(2)(a) to (d) without complying with point BFCL.215 of Annex III (Part-BFCL) to this Regulation.</p></content></paragraph><paragraph><num>3.</num><subparagraph><content><p>A Member State may authorise student pilots who follow a balloon pilot licence (&quot;BPL&quot;) training course to exercise limited privileges without supervision before they meet all the requirements that are necessary for the issue of a BPL in accordance with Annex III (Part-BFCL), subject to all of the following conditions:</p></content></subparagraph><list><point><num>(a)</num><content><p>the scope of the privileges granted shall be based on a safety risk assessment carried out by the Member State, taking into account the extent of training necessary for the intended level of pilot competence to be achieved;</p></content></point><point><num>(b)</num><alinea><content><p>the privileges shall be limited to the following:</p></content></alinea><list><point><num>(i)</num><content><p>the whole or part of the national territory of the authorising Member State;</p></content></point><point><num>(ii)</num><content><p>balloons that are registered in the authorising Member State;</p></content></point></list></point><point><num>(c)</num><content><p>the holder of such an authorisation who applies for the issue of a BPL shall receive credits for training conducted under the authorisation on the basis of a recommendation from an approved training organisation (&quot;ATO&quot;) or a declared training organisation (&quot;DTO&quot;);</p></content></point><point><num>(d)</num><content><p>the Member State shall submit reports and safety risk assessments to the Commission and the European Union Aviation Safety Agency every 3 years;</p></content></point><point><num>(e)</num><content><p>the Member State shall monitor the use of authorisations issued under this paragraph to ensure an acceptable level of aviation safety and take appropriate action in case of identifying an increased safety risk or any safety concerns.</p></content></point></list></paragraph></article><article xml:id="art_d261e543"><num>Article 3b</num><heading>Existing pilot licences and national medical certificates</heading><paragraph><num>1.</num><content><p>Part-FCL licences for balloons and associated privileges, ratings and certificates issued by a Member State before the date of application of this Regulation shall be deemed to have been issued in accordance with this Regulation. Member States shall replace those licences with licences that comply with the format laid down in Annex VI (Part-ARA) to Regulation (EU) No 1178/2011 when they reissue licences for administrative reasons or upon a request of licence holders.</p></content></paragraph><paragraph><num>2.</num><subparagraph><content><p>When a Member State reissues licences and associated privileges, ratings and certificates in accordance with paragraph 1 of this Article, the Member State shall, as applicable:</p></content></subparagraph><list><point><num>(a)</num><content><p>transfer all privileges already endorsed in Part-FCL licences to the new licence format;</p></content></point><point><num>(b)</num><content><p>convert the privileges for tethered flight or commercial operation associated with a Part-FCL licence into a tethered flight rating or a commercial operation rating in accordance with the provisions of Point BFCL.200 and BFCL.215 of Annex III (Part-BFCL) to this Regulation;</p></content></point><point><num>(c)</num><content><p>endorse the expiry date of a flight instructor certificate associated with a Part-FCL licence into the pilot&apos;s logbook or issue an equivalent document. After that date, those pilots shall exercise instructor privileges only if they comply with point BFCL.360 of Annex III (Part-BFCL) to this Regulation.</p></content></point></list></paragraph><paragraph><num>3.</num><content><p>Holders of national licences for balloons issued by a Member State before the date of application of Annex III (Part-BFCL) to this Regulation shall be allowed to continue to exercise the privileges of their licences until 8 April 2021. By that date, Member States shall convert those licences into Part-BFCL licences and associated ratings, privileges and certificates in accordance with the elements laid down in a conversion report that complies with the requirements of Article 4(4) and (5) of Regulation (EU) No 1178/2011.</p></content></paragraph><paragraph><num>4.</num><content><p>National pilot medical certificates associated with a licence as specified in paragraph 2 of this Article and issued by a Member State before the date of application of Annex III (Part-BFCL) to this Regulation shall remain valid until the date of their next revalidation or until 8 April 2021, whichever is the earliest. The revalidation of those medical certificates shall comply with the requirements of Annex IV (Part-MED) to Regulation (EU) No 1178/2011.</p></content></paragraph></article><article xml:id="art_d261e595"><num>Article 3c</num><heading>Credit for training that commenced prior to the date of application of this Regulation</heading><paragraph><num>1.</num><subparagraph><content><p>In respect of issuing Part-BFCL licences and associated privileges, ratings or certificates in accordance with Annex III (Part-BFCL) to this Regulation, training that commenced prior to the date of application of this Regulation in accordance with Annex I (Part-FCL) to Regulation (EU) No 1178/2011 shall be deemed to comply with the requirements of this Regulation, provided that the BPL is issued by 8 April 2021 at the latest. In that case, the following shall apply:</p></content></subparagraph><list><point><num>(a)</num><content><p>BPL training commenced on balloons representing the hot-air airship class, including the related testing, may be completed on those balloons;</p></content></point><point><num>(b)</num><content><p>training hours completed in the hot-air balloon class in balloons other than group A of that balloon class shall be fully credited towards the requirement in point BFCL.130(b) of Annex III.</p></content></point></list></paragraph><paragraph><num>2.</num><content><p>Training that commenced prior to the date of application of this Regulation or of Annex I (Part-FCL) to Regulation (EU) No 1178/2011, in accordance with Annex 1 to the Chicago Convention, shall be credited for the purposes of issuing Part-BFCL licences on the basis of a credit report established by the Member State in consultation with the European Union Aviation Safety Agency.</p></content></paragraph><paragraph><num>3.</num><content><p>The credit report referred to in paragraph 2 shall describe the scope of the training, indicate for which requirements of Part-BFCL credit is given and, if applicable, which requirements applicants need to comply with in order to be issued with a Part-BFCL licence. It shall include copies of all the documents necessary to attest the scope of the training, as well as copies of the national regulations and procedures in accordance with which the training was initiated.</p></content></paragraph></article><article xml:id="art_d261e632"><num>Article 3d</num><heading>Training organisations</heading><paragraph><num>1.</num><content><p>Training organisations for pilot licences referred to in Article 1(1) shall comply with the requirements of Article 10a of Regulation (EU) No 1178/2011.</p></content></paragraph><paragraph><num>2.</num><content><p>Training organisations referred to in paragraph 1 of this Article which hold an approval issued in accordance with Annex VII (Part-ORA) to Regulation (EU) No 1178/2011 or have submitted a declaration in accordance with Annex VIII (Part-DTO) to Regulation (EU) No 1178/2011 before the date of application of this Regulation shall adapt their training programmes, where necessary, by 8 April 2021 at the latest.</p></content></paragraph></article></quotedStructure></mod></p></content></alinea></point><point><num>(6)</num><content><p>Annex I (Part-DEF) is amended in accordance with Annex I to this Regulation;</p></content></point><point><num>(7)</num><content><p>Annex II (Part-BOP) is amended in accordance with Annex II to this Regulation;</p></content></point><point><num>(8)</num><content><p>Annex III (Part-BFCL) is added as set out in Annex III to this Regulation.</p></content></point></list></paragraph></article><article xml:id="art_d261e668"><num>Article 2</num><heading/><paragraph><content><p>This Regulation shall enter into force on the twentieth day following that of its publication in the <i>Official Journal of the European Union</i>.</p></content></paragraph><paragraph><content><p>It shall apply from 8 April 2020.</p></content></paragraph></article><clause><content><p>This Regulation shall be binding in its entirety and directly applicable in all Member States.</p></content></clause></body><conclusions><p>Done at Brussels, 4 March 2020.</p><block name="signatory"><signature><organization refersTo="">For the Commission</organization><role refersTo="">The President</role><person refersTo="">Ursula VON DER LEYEN</person></signature></block></conclusions></bill></akomaNtoso>