<?xml version="1.0" encoding="UTF-8"?><akomaNtoso xmlns="http://docs.oasis-open.org/legaldocml/ns/akn/3.0" xmlns:fmx="http://formex.publications.europa.eu/schema/formex-05.21-20110601.xd" xmlns:leos="urn:eu:europa:ec:leos" xmlns:xs="http://www.w3.org/2001/XMLSchema"><bill name=""><meta xmlns:fn="http://www.w3.org/2005/xpath-functions"><identification source="~COM"><FRBRWork><FRBRthis value=""/><FRBRuri value=""/><FRBRdate date="2999-01-01" name=""/><FRBRauthor href=""/><FRBRcountry value=""/></FRBRWork><FRBRExpression><FRBRthis value=""/><FRBRuri value=""/><FRBRdate date="2999-01-01" name=""/><FRBRauthor href=""/><FRBRlanguage language="eng"/></FRBRExpression><FRBRManifestation><FRBRthis value=""/><FRBRuri value=""/><FRBRdate date="2999-01-01" name=""/><FRBRauthor href=""/></FRBRManifestation></identification></meta><preface><longTitle><p><docStage/><docType>COMMISSION DECISION (EU) 2020/109</docType>of 23 January 2020<docPurpose>amending the Annex to the Monetary Agreement between the European Union and the Vatican City State</docPurpose></p></longTitle></preface><preamble><formula name="actingEntity"><p>THE EUROPEAN COMMISSION,</p></formula><citations><citation><p>Having regard to the Treaty on the Functioning of the European Union,</p></citation><citation><p>Having regard to the Monetary Agreement of 17 December 2009 between the European Union and the Vatican City State<authorialNote placement="bottom" marker="1"><p>OJ C 28, 4.2.2010, p. 13.</p></authorialNote>, and in particular Article 8(3) thereof,</p></citation></citations><recitals xml:id="recs_d51e68"><intro><p>Whereas:</p></intro><recital xml:id="rec_d51e71"><num>(1)</num><p>Article 8(1) of the Monetary Agreement between the European Union and the Vatican City State (&apos;the Monetary Agreement&apos;) requires the Vatican City State to implement Union legal acts and rules on euro banknotes and coins, prevention of money laundering, of fraud and counterfeiting of cash and non-cash means of payment; medals and tokens and statistical reporting requirements. Those acts and rules are listed in the Annex to the Monetary Agreement.</p></recital><recital xml:id="rec_d51e81"><num>(2)</num><p>The Annex to the Monetary Agreement needs to be amended by the Commission every year to take into account the new relevant Union legal acts and rules and the amendments to the existing ones.</p></recital><recital xml:id="rec_d51e87"><num>(3)</num><p>Some legal acts and rules of the Union are not relevant anymore and should therefore be deleted from the Annex, while some new relevant legal acts and rules of the Union and some amendments to existing legal acts were adopted and have to be added to the Annex.</p></recital><recital xml:id="rec_d51e93"><num>(4)</num><p>The Annex to the Monetary Agreement should therefore be amended accordingly,</p></recital></recitals><formula name="enactingFormula"><p>HAS ADOPTED THIS DECISION:</p></formula></preamble><body><article xml:id="art_d51e102"><num>Article 1</num><heading/><paragraph><content><p>The Annex to the Monetary Agreement between the European Union and the Vatican City State is replaced by the text in the Annex to this Decision.</p></content></paragraph></article><article xml:id="art_d51e107"><num>Article 2</num><heading/><paragraph><content><p>This Decision shall enter into force on the twentieth day following that of its publication in the <i>Official Journal of the European Union</i>.</p></content></paragraph></article></body><conclusions><p>Done at Brussels, 23 January 2020.</p><block name="signatory"><signature><organization refersTo="">For the Commission</organization><role refersTo="">The President</role><person refersTo="">Ursula VON DER LEYEN</person></signature></block></conclusions></bill></akomaNtoso>