<?xml version="1.0" encoding="UTF-8"?><akomaNtoso xmlns="http://docs.oasis-open.org/legaldocml/ns/akn/3.0" xmlns:fmx="http://formex.publications.europa.eu/schema/formex-05.21-20110601.xd" xmlns:leos="urn:eu:europa:ec:leos" xmlns:xs="http://www.w3.org/2001/XMLSchema"><bill name=""><meta xmlns:fn="http://www.w3.org/2005/xpath-functions"><identification source="~COM"><FRBRWork><FRBRthis value=""/><FRBRuri value=""/><FRBRdate date="2999-01-01" name=""/><FRBRauthor href=""/><FRBRcountry value=""/></FRBRWork><FRBRExpression><FRBRthis value=""/><FRBRuri value=""/><FRBRdate date="2999-01-01" name=""/><FRBRauthor href=""/><FRBRlanguage language="eng"/></FRBRExpression><FRBRManifestation><FRBRthis value=""/><FRBRuri value=""/><FRBRdate date="2999-01-01" name=""/><FRBRauthor href=""/></FRBRManifestation></identification></meta><preface><longTitle><p><docStage/><docType>COMMISSION IMPLEMENTING REGULATION (EU) 2020/146</docType>of 3 February 2020<docPurpose>amending Regulation (EU) No 333/2010, Implementing Regulation (EU) 2017/2312, Implementing Regulation (EU) 2018/1081, Implementing Regulation (EU) 2016/897, Implementing Regulation (EU) 2019/893 and Regulation (EU) No 184/2011 concerning the authorisations of the preparation of Bacillus subtilis C-3102 (DSM 15544) as a feed additive</docPurpose></p></longTitle><container name="EEArelevance"><p>(Text with EEA relevance)</p></container></preface><preamble><formula name="actingEntity"><p>THE EUROPEAN COMMISSION,</p></formula><citations><citation><p>Having regard to the Treaty on the Functioning of the European Union,</p></citation><citation><p>Having regard to Regulation (EC) No 1831/2003 of the European Parliament and of the Council of 22 September 2003 on additives for use in animal nutrition<authorialNote placement="bottom" marker="1"><p>OJ L 268, 18.10.2003, p. 29.</p></authorialNote> and in particular Article 13(3) thereof,</p></citation></citations><recitals xml:id="recs_d142e74"><intro><p>Whereas:</p></intro><recital xml:id="rec_d142e77"><num>(1)</num><p>Regulation (EC) No 1831/2003 provides for the authorisation of additives for use in animal nutrition and for the grounds and procedures for granting such authorisation.</p></recital><recital xml:id="rec_d142e83"><num>(2)</num><p>The preparation of <i>Bacillus subtilis</i> C-3102 (DSM 15544) was authorised as a feed additive for weaned piglets by Commission Regulation (EU) No 333/2010<authorialNote placement="bottom" marker="2"><p>Commission Regulation (EU) No 333/2010 of 22 April 2010 concerning the authorisation of a new use of <i>Bacillus subtilis</i> C-3102 (DSM 15544) as a feed additive for weaned piglets (holder of authorisation Asahi Calpis Wellness Co. Ltd, represented in the European Union by Asahi Calpis Wellness Co. Ltd Europe Representative Office) (OJ L 102, 23.4.2010, p. 19).</p></authorialNote>, for sows, suckling piglets and dogs by Commission Implementing Regulation (EU) 2017/2312<authorialNote placement="bottom" marker="3"><p>Commission Implementing Regulation (EU) 2017/2312 of 13 December 2017 concerning the authorisation of a new use of the preparation of <i>Bacillus subtilis</i> C-3102 (DSM 15544) as a feed additive for sows, suckling piglets and dogs (holder of the authorisation Asahi Calpis Wellness Co. Ltd, represented by Asahi Calpis Wellness Co. Ltd Europe Representative Office) (OJ L 331, 14.12.2017, p. 41).</p></authorialNote>, for pigs for fattening by Commission Implementing Regulation (EU) 2018/1081<authorialNote placement="bottom" marker="4"><p>Commission Implementing Regulation (EU) 2018/1081 of 30 July 2018 concerning the authorisation of the preparation of <i>Bacillus subtilis</i> C-3102 (DSM 15544) as a feed additive for pigs for fattening (holder of the authorisation Asahi Calpis Wellness Co. Ltd, represented by Asahi Calpis Wellness Co. Ltd Europe Representative Office) (OJ L 194, 31.7.2018, p. 137).</p></authorialNote>, for laying hens and ornamental fish by Commission Implementing Regulation (EU) 2016/897<authorialNote placement="bottom" marker="5"><p>Commission Implementing Regulation (EU) 2016/897 of 8 June 2016 concerning the authorisation of a preparation of <i>Bacillus subtilis</i> (C-3102) (DSM 15544) as a feed additive for laying hens and ornamental fish (holder of authorisation Asahi Calpis Wellness Co. Ltd) and amending Regulations (EC) No 1444/2006, (EU) No 333/2010 and (EU) No 184/2011 as regards the holder of the authorisation (OJ L 152, 9.6.2016, p. 7).</p></authorialNote>, for chickens for fattening by Commission Implementing Regulation (EU) 2019/893<authorialNote placement="bottom" marker="6"><p>Commission Implementing Regulation (EU) 2019/893 of 28 May 2019 concerning the renewal of the authorisation of <i>Bacillus subtilis</i> DSM 15544 as a feed additive for chickens for fattening and repealing Regulation (EC) No 1444/2006 (holder of authorisation Asahi Calpis Wellness Co. Ltd, represented in the Union by Asahi Calpis Wellness Co. Ltd Europe Representative Office) (OJ L 142, 29.5.2019, p. 60).</p></authorialNote>, and for chickens reared for laying, turkeys, minor avian species and other ornamental and game birds by Commission Regulation (EU) No 184/2011<authorialNote placement="bottom" marker="7"><p>Commission Regulation (EU) No 184/2011 of 25 February 2011 concerning the authorisation of <i>Bacillus subtilis</i> C-3102 (DSM 15544) as a feed additive for chickens reared for laying, turkeys, minor avian species and other ornamental and game birds (holder of authorisation Asahi Calpis Wellness Co. Ltd, represented in the European Union by Asahi Calpis Wellness Co. Ltd Europe Representative Office) (OJ L 53, 26.2.2011, p. 33).</p></authorialNote>.</p></recital><recital xml:id="rec_d142e171"><num>(3)</num><p>On 31 August 2018, Asahi Calpis Wellness Co. Ltd., represented in the Union by Asahi Calpis Wellness Co. Ltd Europe Representative Office, submitted an application in accordance with Article 13(3) of Regulation (EC) No 1831/2003, proposing to modify the minimum content of the additive for use in chickens for fattening from the authorised concentration of 5 × 10<sup>8</sup> CFU/kg feed to a concentration of 3 × 10<sup>8</sup> CFU/kg feed. The application was accompanied by the relevant supporting data. The Commission forwarded that application to the European Food Safety Authority (&apos;the Authority&apos;).</p></recital><recital xml:id="rec_d142e190"><num>(4)</num><p>The Authority concluded in its opinion of 22 January 2019<authorialNote placement="bottom" marker="8"><p><i>EFSA Journal</i> 2019; 17(3):5605.</p></authorialNote> that the reduced minimum content of the additive with a concentration of 3 × 10<sup>8</sup> CFU/kg feed has the potential to be efficacious in chickens for fattening. The Authority does not consider that there is a need for specific requirements of post-market monitoring. It also verified the report on the method of analysis of the feed additive in feed submitted by the Reference Laboratory set up by Regulation (EC) No 1831/2003.</p></recital><recital xml:id="rec_d142e208"><num>(5)</num><p>On 26 March 2019, Asahi Calpis Wellness Co. Ltd., represented in the Union by Asahi Calpis Wellness Co. Ltd Europe Representative Office, submitted an application in accordance with Article 13(3) of Regulation (EC) No 1831/2003, proposing to amend the name of its representative. The applicant claimed that Pen &amp; Tec Consulting S.L.U. is to be considered its representative in the Union for the additive. The application was accompanied by the relevant supporting data.</p></recital><recital xml:id="rec_d142e217"><num>(6)</num><p>That proposed change of the terms of the authorisation is purely administrative in nature and does not entail a fresh assessment of the additive concerned. The Authority was informed of the application.</p></recital><recital xml:id="rec_d142e223"><num>(7)</num><p>The assessment of the applications shows that the conditions for authorisation, as provided for in Article 5 of Regulation (EC) No 1831/2003, are satisfied.</p></recital><recital xml:id="rec_d142e229"><num>(8)</num><p>Regulation (EU) No 333/2010, Implementing Regulation (EU) 2017/2312, Implementing Regulation (EU) 2018/1081, Implementing Regulation (EU) 2016/897, Implementing Regulation (EU) 2019/893 and Regulation (EU) No 184/2011 should therefore be amended accordingly.</p></recital><recital xml:id="rec_d142e235"><num>(9)</num><p>Since safety reasons do not require the immediate application of the amendments made by this Regulation, it is appropriate to provide for a transitional period during which the existing stocks of the preparation of <i>Bacillus subtilis</i> C-3102 (DSM 15544), which are in conformity with the provisions applying before the date of entry into force of this Regulation, may continue to be placed on the market and used until they are exhausted.</p></recital><recital xml:id="rec_d142e245"><num>(10)</num><p>The measures provided for in this Regulation are in accordance with the opinion of the Standing Committee on Plants, Animals, Food and Feed,</p></recital></recitals><formula name="enactingFormula"><p>HAS ADOPTED THIS REGULATION:</p></formula></preamble><body><article xml:id="art_d142e254"><num>Article 1</num><heading>Amendments to Regulation (EU) No 333/2010</heading><paragraph><subparagraph><content><p>Regulation (EU) No 333/2010 is amended as follows:</p></content></subparagraph><list><point><num>(1)</num><content><p>in the title, the words &apos;Asahi Calpis Wellness Co. Ltd, represented in the European Union by Asahi Calpis Wellness Co. Ltd Europe Representative Office&apos; are replaced by the words &apos;Asahi Calpis Wellness Co. Ltd, represented in the European Union by Pen &amp; Tec Consulting S.L.U.&apos;;</p></content></point><point><num>(2)</num><content><p>in the second column of the Annex, &apos;Name of the holder of authorisation&apos;, the words &apos;Asahi Calpis Wellness Co. Ltd, represented in the European Union by Asahi Calpis Wellness Co. Ltd Europe Representative Office&apos; are replaced by the words &apos;Asahi Calpis Wellness Co. Ltd, represented in the European Union by Pen &amp; Tec Consulting S.L.U.&apos;.</p></content></point></list></paragraph></article><article xml:id="art_d142e296"><num>Article 2</num><heading>Amendments to Regulation (EU) No 184/2011</heading><paragraph><subparagraph><content><p>Regulation (EU) No 184/2011 is amended as follows:</p></content></subparagraph><list><point><num>(1)</num><content><p>in the title, the words &apos;Asahi Calpis Wellness Co. Ltd, represented in the European Union by Asahi Calpis Wellness Co. Ltd Europe Representative Office&apos; are replaced by the words &apos;Asahi Calpis Wellness Co. Ltd, represented in the European Union by Pen &amp; Tec Consulting S.L.U.&apos;;</p></content></point><point><num>(2)</num><content><p>in the second column of the Annex, &apos;Name of the holder of authorisation&apos;, the words &apos;Asahi Calpis Wellness Co. Ltd, represented in the European Union by Asahi Calpis Wellness Co. Ltd Europe Representative Office&apos; are replaced by the words &apos;Asahi Calpis Wellness Co. Ltd, represented in the European Union by Pen &amp; Tec Consulting S.L.U.&apos;.</p></content></point></list></paragraph></article><article xml:id="art_d142e338"><num>Article 3</num><heading>Amendments to Implementing Regulation (EU) 2016/897</heading><paragraph><subparagraph><content><p>Implementing Regulation (EU) 2016/897 is amended as follows:</p></content></subparagraph><list><point><num>(1)</num><content><p>in the title, the words &apos;Asahi Calpis Wellness Co. Ltd&apos; are replaced by the words &apos;Asahi Calpis Wellness Co. Ltd, represented in the European Union by Pen &amp; Tec Consulting S.L.U.&apos;;</p></content></point><point><num>(2)</num><content><p>in the second column of the Annex, &apos;Name of the holder of authorisation&apos;, the words &apos;Asahi Calpis Wellness Co. Ltd, represented in the European Union by Asahi Calpis Wellness Co. Ltd Europe Representative Office&apos; are replaced by the words &apos;Asahi Calpis Wellness Co. Ltd, represented in the European Union by Pen &amp; Tec Consulting S.L.U.&apos;.</p></content></point></list></paragraph></article><article xml:id="art_d142e381"><num>Article 4</num><heading>Amendments to Implementing Regulation (EU) 2017/2312</heading><paragraph><subparagraph><content><p>Implementing Regulation (EU) 2017/2312 is amended as follows:</p></content></subparagraph><list><point><num>(1)</num><content><p>in the title, the words &apos;Asahi Calpis Wellness Co. Ltd, represented by Asahi Calpis Wellness Co. Ltd Europe Representative Office&apos; are replaced by the words &apos;Asahi Calpis Wellness Co. Ltd, represented in the European Union by Pen &amp; Tec Consulting S.L.U.&apos;;</p></content></point><point><num>(2)</num><content><p>in the second column of the Annex, &apos;Name of the holder of authorisation&apos;, the words &apos;Asahi Calpis Wellness Co. Ltd, represented by Asahi Calpis Wellness Co. Ltd Europe Representative Office&apos; are replaced by the words &apos;Asahi Calpis Wellness Co. Ltd, represented in the European Union by Pen &amp; Tec Consulting S.L.U.&apos;.</p></content></point></list></paragraph></article><article xml:id="art_d142e423"><num>Article 5</num><heading>Amendments to Implementing Regulation (EU) 2018/1081</heading><paragraph><subparagraph><content><p>Implementing Regulation (EU) 2018/1081 is amended as follows:</p></content></subparagraph><list><point><num>(1)</num><content><p>in the title, the words &apos;Asahi Calpis Wellness Co. Ltd, represented by Asahi Calpis Wellness Co. Ltd Europe Representative Office&apos; are replaced by the words &apos;Asahi Calpis Wellness Co. Ltd, represented in the European Union by Pen &amp; Tec Consulting S.L.U.&apos;;</p></content></point><point><num>(2)</num><content><p>in the second column of the Annex, &apos;Name of the holder of authorisation&apos;, the words &apos;Asahi Calpis Wellness Co. Ltd, represented in the European Union by Asahi Calpis Wellness Co. Ltd Europe Representative Office&apos; are replaced by the words &apos;Asahi Calpis Wellness Co. Ltd, represented in the European Union by Pen &amp; Tec Consulting S.L.U.&apos;.</p></content></point></list></paragraph></article><article xml:id="art_d142e465"><num>Article 6</num><heading>Amendments to Implementing Regulation (EU) 2019/893</heading><paragraph><subparagraph><content><p>Regulation (EU) 2019/893 is amended as follows:</p></content></subparagraph><list><point><num>(1)</num><content><p>in the title, the words &apos;Asahi Calpis Wellness Co. Ltd, represented in the Union by Asahi Calpis Wellness Co. Ltd Europe Representative Office&apos; are replaced by the words &apos;Asahi Calpis Wellness Co. Ltd, represented in theEuropean Union by Pen &amp; Tec Consulting S.L.U.&apos;;</p></content></point><point><num>(2)</num><content><p>in the second column of the Annex, &apos;Name of the holder of authorisation&apos; the words &apos;Asahi Calpis Wellness Co. Ltd, represented by Asahi Calpis Wellness Co. Ltd Europe Representative Office&apos; are replaced by the words &apos;Asahi Calpis Wellness Co. Ltd, represented in the European Union by Pen &amp; Tec Consulting S.L.U.&apos;.</p></content></point><point><num>(3)</num><content><p>in column 7 &apos;Minimum content&apos;, the word &apos;5 × 10<sup>8</sup>&apos; is replaced by &apos;3 × 10<sup>8</sup>&apos;.</p></content></point></list></paragraph></article><article xml:id="art_d142e530"><num>Article 7</num><heading>Transitional measures</heading><paragraph><content><p><i>Bacillus subtilis</i> C-3102 (DSM 15544), as set out in Regulation (EU) No 333/2010, Implementing Regulation (EU) 2017/2312, Implementing Regulation (EU) 2018/1081, Implementing Regulation (EU) 2016/897, Implementing Regulation (EU) 2019/893 and Regulation (EU) No 184/2011, and premixtures containing that substance and compound feed containing that substance, which are produced and labelled before 24 February 2020 in accordance with the rules applicable before 24 February 2020 may continue to be placed on the market and used until the existing stocks are exhausted.</p></content></paragraph></article><article xml:id="art_d142e545"><num>Article 8</num><heading>Entry into force</heading><paragraph><content><p>This Regulation shall enter into force on the twentieth day following that of its publication in the <i>Official Journal of the European Union</i>.</p></content></paragraph></article><clause><content><p>This Regulation shall be binding in its entirety and directly applicable in all Member States.</p></content></clause></body><conclusions><p>Done at Brussels, 3 February 2020.</p><block name="signatory"><signature><organization refersTo="">For the Commission</organization><role refersTo="">The President</role><person refersTo="">Ursula VON DER LEYEN</person></signature></block></conclusions></bill></akomaNtoso>