<?xml version="1.0" encoding="UTF-8"?><akomaNtoso xmlns="http://docs.oasis-open.org/legaldocml/ns/akn/3.0" xmlns:fmx="http://formex.publications.europa.eu/schema/formex-05.21-20110601.xd" xmlns:leos="urn:eu:europa:ec:leos" xmlns:xs="http://www.w3.org/2001/XMLSchema"><bill name=""><meta xmlns:fn="http://www.w3.org/2005/xpath-functions"><identification source="~COM"><FRBRWork><FRBRthis value=""/><FRBRuri value=""/><FRBRdate date="2999-01-01" name=""/><FRBRauthor href=""/><FRBRcountry value=""/></FRBRWork><FRBRExpression><FRBRthis value=""/><FRBRuri value=""/><FRBRdate date="2999-01-01" name=""/><FRBRauthor href=""/><FRBRlanguage language="eng"/></FRBRExpression><FRBRManifestation><FRBRthis value=""/><FRBRuri value=""/><FRBRdate date="2999-01-01" name=""/><FRBRauthor href=""/></FRBRManifestation></identification></meta><preface><longTitle><p><docStage/><docType>COMMISSION IMPLEMENTING DECISION (EU) 2020/50</docType>of 21 January 2020<docPurpose>amending Implementing Decision (EU) 2019/919 on the harmonised standards for recreational craft and personal watercraft drafted in support of Directive 2013/53/EU of the European Parliament and of the Council as regards small craft identification, coding system, hull construction and scantlings for monohulls</docPurpose></p></longTitle></preface><preamble><formula name="actingEntity"><p>THE EUROPEAN COMMISSION,</p></formula><citations><citation><p>Having regard to the Treaty on the Functioning of the European Union,</p></citation><citation><p>Having regard to Regulation (EU) No 1025/2012 of the European Parliament and of the Council of 25 October 2012 on European standardisation, amending Council Directives 89/686/EEC and 93/15/EEC and Directives 94/9/EC, 94/25/EC, 95/16/EC, 97/23/EC, 98/34/EC, 2004/22/EC, 2007/23/EC, 2009/23/EC and 2009/105/EC of the European Parliament and of the Council and repealing Council Decision 87/95/EEC and Decision No 1673/2006/EC of the European Parliament and of the Council<authorialNote placement="bottom" marker="1"><p>OJ L 316, 14.11.2012, p. 12.</p></authorialNote>, and in particular Article 10(6) thereof,</p></citation></citations><recitals xml:id="recs_d96e68"><intro><p>Whereas:</p></intro><recital xml:id="rec_d96e71"><num>(1)</num><p>In accordance with Article 14 of Directive 2013/53/EU of the European Parliament and of the Council<authorialNote placement="bottom" marker="2"><p>Directive 2013/53/EU of the European Parliament and of the Council of 20 November 2013 on recreational craft and personal watercraft and repealing Directive 94/25/EC (OJ L 354, 28.12.2013, p. 90).</p></authorialNote>, products which are in conformity with harmonised standards or parts thereof the references of which have been published in the <i>Official Journal of the European Union</i>, are presumed to be in conformity with the requirements covered by those standards or parts thereof set out in Article 4(1) of Directive 2013/53/EU and Annex I to that Directive.</p></recital><recital xml:id="rec_d96e90"><num>(2)</num><p>By Commission Implementing Decision C(2015) 8736<authorialNote placement="bottom" marker="3"><p>Commission Implementing Decision C(2015) 8736 of 15 December 2015 on a standardisation request to the European Committee for Standardisation and the European Committee for Electro-technical Standardisation as regards recreational craft and personal watercraft in support of Directive 2013/53/EU of the European Parliament and of the Council of 20 November 2013 on recreational craft and personal watercraft and repealing Directive 94/25/EC.</p></authorialNote>, the Commission made a request to CEN/Cenelec for drafting, revision and completion of the work on harmonised standards in support of Directive 2013/53/EU addressing stricter essential requirements set out in Article 4(1) of Directive 2013/53/EU and Annex I to that Directive in comparison with the repealed Directive 94/25/EC of the European Parliament and of the Council<authorialNote placement="bottom" marker="4"><p>Directive 94/25/EC of the European Parliament and of the Council of 16 June 1994 on the approximation of the laws, regulations and administrative provisions of the Member States relating to recreational craft (OJ L 164, 30.6.1994, p. 15).</p></authorialNote>.</p></recital><recital xml:id="rec_d96e116"><num>(3)</num><p>Specifically, CEN/Cenelec were requested to adopt new standard for watercraft identification for which the essential requirements are set out in point 2.1 of Part A of Annex I to Directive 2013/53/EU. CEN/Cenelec were also requested to duly take into account the items being the subject of implementing acts adopted on the basis of Article 49 of Directive 2013/53/EU so as to avoid an overlap of requirements.</p></recital><recital xml:id="rec_d96e122"><num>(4)</num><p>On the basis of the request set out in Implementing Decision C(2015) 8736, CEN drafted standard EN ISO 10087:2019 Small craft &#45; Craft identification &#45; Coding system.</p></recital><recital xml:id="rec_d96e128"><num>(5)</num><p>The Commission together with CEN has assessed whether the standard EN ISO 10087:2019 drafted by CEN complies with the request set out in Implementing Decision C(2015) 8736 and whether it is consistent with the implementing acts adopted on the basis of Article 49 of Directive 2013/53/EU.</p></recital><recital xml:id="rec_d96e135"><num>(6)</num><p>Commission Implementing Regulation (EU) 2017/1<authorialNote placement="bottom" marker="5"><p>Commission Implementing Regulation (EU) 2017/1 of 3 January 2017 on procedures for watercraft identification under Directive 2013/53/EU of the European Parliament and of the Council on recreational craft and personal watercraft (OJ L 1, 4.1.2017, p. 1).</p></authorialNote>, adopted on basis of Article 49(1)(c) of Directive 2013/53/EU, lays down rules on watercraft identification, in particular the minimum rules regarding the procedure for the assignment and administration of the unique code of the manufacturer.</p></recital><recital xml:id="rec_d96e151"><num>(7)</num><p>The standard EN ISO 10087:2019 sets out the details on the watercraft identification number regarding the size and permanency of marking, location, duplicate of identification number, time of marking and display format. It complements the composition of watercraft identification number set out in Article 3 of Implementing Regulation (EU) 2017/1.</p></recital><recital xml:id="rec_d96e157"><num>(8)</num><p>By Implementing Decision C(2015) 8736 CEN/Cenelec were also requested to revise standards the references of which were published in the <i>Official Journal of the European Union</i> C 87 of 13 March 2015.</p></recital><recital xml:id="rec_d96e169"><num>(9)</num><p>On the basis of the request set out in Implementing Decision C(2015) 8736, CEN drafted standard EN ISO 12215-5:2019 Small craft &#45; Hull construction and scantlings, part 5.</p></recital><recital xml:id="rec_d96e176"><num>(10)</num><p>The Commission together with CEN has assessed whether the standard EN ISO 12215-5:2019 drafted by CEN complies with the request set out in Implementing Decision C(2015) 8736.</p></recital><recital xml:id="rec_d96e182"><num>(11)</num><p>The standard EN ISO 12215-5:2019 addresses the essential requirements set out in point 3.1 of Part A of Annex I to Directive 2013/53/EU and sets out the details on the design pressures for monohull craft, design stresses and scantlings determination.</p></recital><recital xml:id="rec_d96e188"><num>(12)</num><p>The standards EN ISO 10087:2019 and EN ISO 12215-5:2019 satisfy the requirements which they aim to cover and which are set out in Article 4(1) of Directive 2013/53/EU, as well as in points 2.1 and 3.1 of Part A of Annex I to that Directive. It is therefore appropriate to publish the references of those standards in the <i>Official Journal of the European Union</i>.</p></recital><recital xml:id="rec_d96e197"><num>(13)</num><p>Standard EN ISO 12215-5:2019 is to replace standard EN ISO 12215-5:2018. It is therefore necessary to withdraw the reference of standard EN ISO 12215-5:2018 from the <i>Official Journal of the European Union</i>.</p></recital><recital xml:id="rec_d96e206"><num>(14)</num><p>In order to give manufacturers sufficient time to prepare for application of standard EN ISO 12215-5:2019, it is necessary to defer the withdrawal of the reference of the standard that is replaced until 30 June 2021.</p></recital><recital xml:id="rec_d96e215"><num>(15)</num><p>References of harmonised standards drafted in support of Directive 2013/53/EU are published in Commission Implementing Decision (EU) 2019/919<authorialNote placement="bottom" marker="6"><p>Commission Implementing Decision (EU) 2019/919 of 4 June 2019 on the harmonised standards for recreational craft and personal watercraft drafted in support of Directive 2013/53/EU of the European Parliament and of the Council (OJ L 146, 5.6.2019, p. 106).</p></authorialNote>. In order to ensure that the references of harmonised standards drafted in support of Directive 2013/53/EU are listed in the same act, the references of standards EN ISO 10087:2019 and EN ISO 12215-5:2019 should be included in Annex I to that Implementing Decision, and the reference to standard EN ISO 12215-5:2018 should be deleted from that Annex.</p></recital><recital xml:id="rec_d96e231"><num>(16)</num><p>Implementing Decision (EU) 2019/919 should therefore be amended accordingly.</p></recital><recital xml:id="rec_d96e237"><num>(17)</num><p>Compliance with a harmonised standard confers a presumption of conformity with the corresponding essential requirements set out in Union harmonisation legislation from the date of publication of the reference of such standard in the <i>Official Journal of the European Union</i>. This Decision should therefore enter into force on the date of its publication,</p></recital></recitals><formula name="enactingFormula"><p>HAS ADOPTED THIS DECISION:</p></formula></preamble><body><article xml:id="art_d96e249"><num>Article 1</num><heading/><paragraph><content><p>Annex I to Implementing Decision (EU) 2019/919 is amended in accordance with the Annex to this Decision.</p></content></paragraph></article><article xml:id="art_d96e255"><num>Article 2</num><heading/><paragraph><content><p>This Decision shall enter into force on the day of its publication in the <i>Official Journal of the European Union</i>.</p></content></paragraph><paragraph><content><p>Point (1) of the Annex shall apply from 1 July 2021.</p></content></paragraph></article></body><conclusions><p>Done at Brussels, 21 January 2020.</p><block name="signatory"><signature><organization refersTo="">For the Commission</organization><role refersTo="">The President</role><person refersTo="">Ursula VON DER LEYEN</person></signature></block></conclusions></bill></akomaNtoso>