<?xml version="1.0" encoding="UTF-8"?><akomaNtoso xmlns="http://docs.oasis-open.org/legaldocml/ns/akn/3.0" xmlns:fmx="http://formex.publications.europa.eu/schema/formex-05.21-20110601.xd" xmlns:leos="urn:eu:europa:ec:leos" xmlns:xs="http://www.w3.org/2001/XMLSchema"><bill name=""><meta xmlns:fn="http://www.w3.org/2005/xpath-functions"><identification source="~COM"><FRBRWork><FRBRthis value=""/><FRBRuri value=""/><FRBRdate date="2999-01-01" name=""/><FRBRauthor href=""/><FRBRcountry value=""/></FRBRWork><FRBRExpression><FRBRthis value=""/><FRBRuri value=""/><FRBRdate date="2999-01-01" name=""/><FRBRauthor href=""/><FRBRlanguage language="eng"/></FRBRExpression><FRBRManifestation><FRBRthis value=""/><FRBRuri value=""/><FRBRdate date="2999-01-01" name=""/><FRBRauthor href=""/></FRBRManifestation></identification></meta><preface><longTitle><p><docStage/><docType>COMMISSION DECISION (EU) 2020/369</docType>of 4 March 2020<docPurpose>conferring the power to issue an external alert on entities representing consumer and trader interests at a Union level pursuant to Regulation (EU) 2017/2394 of the European Parliament and of the Council</docPurpose></p></longTitle><container name="EEArelevance"><p>(Text with EEA relevance)</p></container></preface><preamble><formula name="actingEntity"><p>THE EUROPEAN COMMISSION,</p></formula><citations><citation><p>Having regard to the Treaty on the Functioning of the European Union,</p></citation><citation><p>Having regard to Regulation (EU) 2017/2394 of the European Parliament and of the Council of 12 December 2017 on cooperation between national authorities responsible for the enforcement of consumer protection laws and repealing Regulation (EC) No 2006/2004<authorialNote placement="bottom" marker="1"><p>OJ L 345, 27.12.2017, p. 1</p></authorialNote>, and in particular Article 27(2) thereof,</p></citation></citations><recitals xml:id="recs_d193e70"><intro><p>Whereas:</p></intro><recital xml:id="rec_d193e73"><num>(1)</num><p>Regulation (EU) 2017/2394 lays down provisions for cooperation between competent authorities designated by Member States as responsible for the enforcement of Union laws that protect consumers&apos; interests.</p></recital><recital xml:id="rec_d193e79"><num>(2)</num><p>Article 27(2) of Regulation (EU) 2017/2394 requires the Commission, to confer the power to issue &apos;external alerts&apos; concerning suspected infringements covered by that Regulation on entities representing consumer, and, where appropriate, trader, interests at a Union level.</p></recital><recital xml:id="rec_d193e89"><num>(3)</num><p>The entities covered by this Decision operate on a Union level and expressed interest in participating in the external alert mechanism. Those entities have signed up to the Transparency Register and thereby to the Code of Conduct contained in Annex III of the Agreement between the European Parliament and the European Commission on the transparency register for organisations and self-employed individuals engaged in EU policy-making and policy implementation<authorialNote placement="bottom" marker="2"><p>OJ L 277, 19.9.2014, p. 11.</p></authorialNote>.</p></recital><recital xml:id="rec_d193e101"><num>(4)</num><p>Regulation (EU) 2017/2394 applies from 17 January 2020. This Decision should therefore apply from the day following that of its publication in the <i>Official Journal of the European Union</i> in order to enable the organisations concerned to participate in the external alert mechanism as soon as possible.</p></recital><recital xml:id="rec_d193e113"><num>(5)</num><p>In line with Article 27(2) of Regulation (EU) 2017/2394 Member States were consulted on the entities covered by this Decision,</p></recital></recitals><formula name="enactingFormula"><p>HAS ADOPTED THIS DECISION:</p></formula></preamble><body><article xml:id="art_d193e122"><num>Article 1</num><heading/><paragraph><subparagraph><content><p>The power to issue an external alert pursuant to Article 27(2) of Regulation (EU) 2017/2394 shall be conferred on the following entities:</p></content></subparagraph><list><point><num>(a)</num><content><p>the European Consumer Organisation (BEUC), Identification number in the Transparency Register: 9505781573-45;</p></content></point><point><num>(b)</num><content><p>the Confederation of Family Organisations in the European Union (COFACE), Identification number in the Transparency Register: 93283396780-85;</p></content></point><point><num>(c)</num><content><p>the European Community of Consumer Co-operatives (EURO COOP), Identification number in the Transparency Register: 3819438251-87.</p></content></point></list></paragraph></article><article xml:id="art_d193e148"><num>Article 2</num><heading/><paragraph><content><p>This Decision shall enter into force on the day following that of its publication in the <i>Official Journal of the European Union</i>.</p></content></paragraph></article></body><conclusions><p>Done at Brussels, 4 March 2020.</p><block name="signatory"><signature><organization refersTo="">For the Commission</organization><role refersTo="">The President</role><person refersTo="">Ursula VON DER LEYEN</person></signature></block></conclusions></bill></akomaNtoso>