<?xml version="1.0" encoding="UTF-8"?>L0312020EN1010120191009EN0004101101<p xmlns="http://docs.oasis-open.org/legaldocml/ns/akn/3.0">Corrigendum to Commission Implementing Regulation (EU) 2019/1776 of 9 October 2019 amending Annex I to Council Regulation (EEC) No 2658/87 on the tariff and statistical nomenclature and on the Common Customs Tariff</p><p xmlns="http://docs.oasis-open.org/legaldocml/ns/akn/3.0">(Official Journal of the European Union L 280 of 31 October 2019)</p><p xmlns="http://docs.oasis-open.org/legaldocml/ns/akn/3.0"><!--default P | TXT -->On page 1030, the entry for Switzerland, in third column, is replaced with the following:</p><mod xmlns="http://docs.oasis-open.org/legaldocml/ns/akn/3.0"><quotedStructure startQuote="" endQuote=""><p><!--default P | TXT -->&apos;Eidgenössische Zollverwaltung EZV &#45; Sektion Tabak- und Biersteuer</p><p><!--default P | TXT -->Administration fédérale des douanes AFD &#45; Section Impôts sur le tabac et sur la bière</p><p><!--default P | TXT -->Amministrazione federale delle dogane AFD &#45; Sezione imposte sul tabacco e sulla birra</p><p><!--default P | TXT -->Federal Customs Administration FCA &#45; Section Tobacco and Beer Tax&apos;.</p></quotedStructure></mod>