<?xml version="1.0" encoding="UTF-8"?><akomaNtoso xmlns="http://docs.oasis-open.org/legaldocml/ns/akn/3.0" xmlns:fmx="http://formex.publications.europa.eu/schema/formex-05.21-20110601.xd" xmlns:leos="urn:eu:europa:ec:leos" xmlns:xs="http://www.w3.org/2001/XMLSchema"><bill name=""><meta xmlns:fn="http://www.w3.org/2005/xpath-functions"><identification source="~COM"><FRBRWork><FRBRthis value=""/><FRBRuri value=""/><FRBRdate date="2999-01-01" name=""/><FRBRauthor href=""/><FRBRcountry value=""/></FRBRWork><FRBRExpression><FRBRthis value=""/><FRBRuri value=""/><FRBRdate date="2999-01-01" name=""/><FRBRauthor href=""/><FRBRlanguage language="eng"/></FRBRExpression><FRBRManifestation><FRBRthis value=""/><FRBRuri value=""/><FRBRdate date="2999-01-01" name=""/><FRBRauthor href=""/></FRBRManifestation></identification></meta><preface><longTitle><p><docStage/><docType>COUNCIL IMPLEMENTING REGULATION (EU) 2020/510</docType>of 7 April 2020<docPurpose>implementing Regulation (EU) No 359/2011 concerning restrictive measures directed against certain persons, entities and bodies in view of the situation in Iran</docPurpose></p></longTitle></preface><preamble><formula name="actingEntity"><p>THE COUNCIL OF THE EUROPEAN UNION,</p></formula><citations><citation><p>Having regard to the Treaty on the Functioning of the European Union,</p></citation><citation><p>Having regard to Council Regulation (EU) No 359/2011 of 12 April 2011 concerning restrictive measures directed against certain persons, entities and bodies in view of the situation in Iran<authorialNote placement="bottom" marker="1"><p>OJ L 100, 14.4.2011, p. 1.</p></authorialNote>, and in particular Article 12(1) thereof,</p></citation><citation><p>Having regard to the proposal of the High Representative of the Union for Foreign Affairs and Security Policy,</p></citation></citations><recitals xml:id="recs_d168e70"><intro><p>Whereas:</p></intro><recital xml:id="rec_d168e73"><num>(1)</num><p>On 12 April 2011, the Council adopted Regulation (EU) No 359/2011.</p></recital><recital xml:id="rec_d168e82"><num>(2)</num><p>On the basis of a review of Council Decision 2011/235/CFSP<authorialNote placement="bottom" marker="2"><p>Council Decision 2011/235/CFSP of 12 April 2011 concerning restrictive measures directed against certain persons and entities in view of the situation in Iran (OJ L 100, 14.4.2011, p. 51).</p></authorialNote>, the Council has decided that the restrictive measures set out therein are to be renewed until 13 April 2021.</p></recital><recital xml:id="rec_d168e101"><num>(3)</num><p>The Council has also concluded that the entries concerning 82 persons included in Annex I to Regulation (EU) No 359/2011 should be updated.</p></recital><recital xml:id="rec_d168e107"><num>(4)</num><p>Annex I to Regulation (EU) No 359/2011 should therefore be amended accordingly,</p></recital></recitals><formula name="enactingFormula"><p>HAS ADOPTED THIS REGULATION:</p></formula></preamble><body><article xml:id="art_d168e116"><num>Article 1</num><heading/><paragraph><content><p>Annex I to Regulation (EU) No 359/2011 is amended as set out in the Annex to this Regulation.</p></content></paragraph></article><article xml:id="art_d168e121"><num>Article 2</num><heading/><paragraph><content><p>This Regulation shall enter into force on the date of its publication in the <i>Official Journal of the European Union</i>.</p></content></paragraph></article><clause><content><p>This Regulation shall be binding in its entirety and directly applicable in all Member States.</p></content></clause></body><conclusions><p>Done at Brussels, 7 April 2020.</p><block name="signatory"><signature><organization refersTo="">For the Council</organization><role refersTo="">The President</role><person refersTo="">G. GRLIĆ RADMAN</person></signature></block></conclusions></bill></akomaNtoso>