<?xml version="1.0" encoding="UTF-8"?>L0092020EN7310120191217EN0006731742<p xmlns="http://docs.oasis-open.org/legaldocml/ns/akn/3.0">Corrigendum to Commission Implementing Decision (EU) 2019/2193 of 17 December 2019 laying down rules for the calculation, verification and reporting of data and establishing data formats for the purposes of Directive 2012/19/EU of the European Parliament and of the Council on waste electrical and electronic equipment (WEEE)</p><p xmlns="http://docs.oasis-open.org/legaldocml/ns/akn/3.0">(Official Journal of the European Union L 330 of 20 December 2019)</p>On page 77, in Annex II, Table 1 should read as follows:<mod xmlns="http://docs.oasis-open.org/legaldocml/ns/akn/3.0"><quotedStructure startQuote="" endQuote=""><alinea><content><table class="TBL"><caption>&apos;Table 1<eol/>Electrical and electronic equipment (EEE) placed on the market, waste electrical and electronic equipment (WEEE) generated and collected and WEEE collection rate</caption><authorialNote placement="bottom" marker="1"><p>For the purposes of reporting, category 4 of large equipment shall be divided into sub-category &quot;4a: Large equipment excluding photovoltaic panels&quot; and sub-category &quot;4b: Photovoltaic panels&quot;. Member States shall report data under the sub-categories 4a and 4b and keep the aggregate line for category 4 empty. If a Member State is not able to distinguish data under sub-categories 4a and 4b, it shall complete the cells in the different columns in aggregate line for category 4 only.</p></authorialNote><p>Notes:</p><num>&#45;</num><p>Light grey boxes mean that reporting of the related data is voluntary.</p><num>&#45;</num><p>Dark grey boxes mean that reporting of the related data may be obligatory or voluntary, pursuant to Article 2(6) of Commission Implementing Decision (EU) 2019/2193 of 17 December 2019 laying down rules for the calculation, verification and reporting of data and establishing data formats for the purposes of Directive 2012/19/EU of the European Parliament and of the Council on waste electrical and electronic equipment (WEEE) (OJ L 330, 20.12.2019, p. 72).</p><num>&#45;</num><p>Member States shall distinguish between real zeros (0 tonnes) and missing values/unknown amounts. They shall enter &quot;0&quot; to report zero tonnes and &quot;M&quot; where data is unknown.&apos;</p><tr><th><p/></th><th><p>1</p></th><th><p>2</p></th><th><p>3</p></th><th><p>4</p></th><th><p>5</p></th><th><p>6</p></th></tr><tr><th><p>Product category</p></th><th><p>EEE placed on the market (POM)</p></th><th><p>WEEE Generated</p></th><th><p>WEEE collected from private households</p></th><th><p>WEEE collected from</p><p>users other than private households</p></th><th><p>Total</p><p>WEEE collected</p></th><th><p>WEEE collection rate (%)</p></th></tr><tr><th><p>Methodology</p></th></tr><tr><th><p>Total weight (tonnes)</p></th><th><p>Total weight (tonnes)</p></th><th><p>Total weight (tonnes)</p></th><th><p>Total weight</p><p>(tonnes)</p></th><th><p>Total weight (tonnes)</p></th><th><p>A. based on POM</p><p>(%)</p></th><th><p>B. based on WEEE generated (%)</p></th></tr><tr><td><blockList><item><num>1.</num><p>Temperature exchange equipment</p></item></blockList></td><td><p/></td><td><p/></td><td><p/></td><td><p/></td><td><p/></td><td><p/></td><td><p/></td></tr><tr><td><blockList><item><num>2.</num><p>Screens, monitors, and equipment containing screens having a surface greater than 100 cm<sup>2</sup></p></item></blockList></td><td><p/></td><td><p/></td><td><p/></td><td><p/></td><td><p/></td><td><p/></td><td><p/></td></tr><tr><td><blockList><item><num>3.</num><p>Lamps</p></item></blockList></td><td><p/></td><td><p/></td><td><p/></td><td><p/></td><td><p/></td><td><p/></td><td><p/></td></tr><tr><td><blockList><item><num>4.</num><p>Large equipment<authorialNote placement="bottom" marker="2"/></p><p><!--default P | TXT -->(any external dimension more than 50 cm)</p></item></blockList></td><td><p/></td><td><p/></td><td><p/></td><td><p/></td><td><p/></td><td><p/></td><td><p/></td></tr><tr><td><blockList><num>4a.</num><p>Large equipment excluding photovoltaic panels<authorialNote placement="bottom" marker="3"/></p></blockList></td><td><p/></td><td><p/></td><td><p/></td><td><p/></td><td><p/></td><td><p/></td><td><p/></td></tr><tr><td><blockList><num>4b.</num><p>Photovoltaic panels<authorialNote placement="bottom" marker="4"/></p></blockList></td><td><p/></td><td><p/></td><td><p/></td><td><p/></td><td><p/></td><td><p/></td><td><p/></td></tr><tr><td><blockList><item><num>5.</num><p>Small equipment</p><p><!--default P | TXT -->(no external dimension more than 50 cm)</p></item></blockList></td><td><p/></td><td><p/></td><td><p/></td><td><p/></td><td><p/></td><td><p/></td><td><p/></td></tr><tr><td><blockList><item><num>6.</num><p>Small IT and telecommunication equipment</p><p><!--default P | TXT -->(no external dimension more than 50 cm)</p></item></blockList></td><td><p/></td><td><p/></td><td><p/></td><td><p/></td><td><p/></td><td><p/></td><td><p/></td></tr><tr><td><p>Total</p></td><td><p/></td><td><p/></td><td><p/></td><td><p/></td><td><p/></td><td><p/></td><td><p/></td></tr></table></content></alinea></quotedStructure></mod>