<?xml version="1.0" encoding="UTF-8"?><akomaNtoso xmlns="http://docs.oasis-open.org/legaldocml/ns/akn/3.0" xmlns:fmx="http://formex.publications.europa.eu/schema/formex-05.21-20110601.xd" xmlns:leos="urn:eu:europa:ec:leos" xmlns:xs="http://www.w3.org/2001/XMLSchema"><bill name=""><meta xmlns:fn="http://www.w3.org/2005/xpath-functions"><identification source="~COM"><FRBRWork><FRBRthis value=""/><FRBRuri value=""/><FRBRdate date="2999-01-01" name=""/><FRBRauthor href=""/><FRBRcountry value=""/></FRBRWork><FRBRExpression><FRBRthis value=""/><FRBRuri value=""/><FRBRdate date="2999-01-01" name=""/><FRBRauthor href=""/><FRBRlanguage language="eng"/></FRBRExpression><FRBRManifestation><FRBRthis value=""/><FRBRuri value=""/><FRBRdate date="2999-01-01" name=""/><FRBRauthor href=""/></FRBRManifestation></identification></meta><preface><longTitle><p><docStage/><docType>COUNCIL IMPLEMENTING REGULATION (EU) 2020/211</docType>of 17 February 2020<docPurpose>implementing Regulation (EU) No 36/2012 concerning restrictive measures in view of the situation in Syria</docPurpose></p></longTitle></preface><preamble><formula name="actingEntity"><p>THE COUNCIL OF THE EUROPEAN UNION,</p></formula><citations><citation><p>Having regard to the Treaty on the Functioning of the European Union,</p></citation><citation><p>Having regard to Council Regulation (EU) No 36/2012 of 18 January 2012 concerning restrictive measures in view of the situation in Syria and repealing Regulation (EU) No 442/2011<authorialNote placement="bottom" marker="1"><p>OJ L 16, 19.1.2012, p. 1.</p></authorialNote>, and in particular Article 32(1) thereof,</p></citation><citation><p>Having regard to the proposal from the High Representative of the Union for Foreign Affairs and Security Policy,</p></citation></citations><recitals xml:id="recs_d291e70"><intro><p>Whereas:</p></intro><recital xml:id="rec_d291e73"><num>(1)</num><p>On 18 January 2012, the Council adopted Regulation (EU) No 36/2012.</p></recital><recital xml:id="rec_d291e82"><num>(2)</num><p>In view of the fact that prominent businesspersons are making large profits through their ties with the Assad regime and are helping to finance that regime in return, including through the joint ventures formed by certain prominent businesspersons and entities with State-backed companies to develop expropriated land, those businesspersons and entities are supporting and benefiting from the Assad regime including through the use of expropriated property.</p></recital><recital xml:id="rec_d291e88"><num>(3)</num><p>Furthermore, the expropriation of land by the Assad regime from persons displaced by the conflict in Syria prevents those persons from being able to return to their homes.</p></recital><recital xml:id="rec_d291e94"><num>(4)</num><p>Eight natural persons and two entities should be added to the list of natural and legal persons, entities or bodies subject to restrictive measures in Annex II to Regulation (EU) No 36/2012.</p></recital><recital xml:id="rec_d291e100"><num>(5)</num><p>Regulation (EU) No 36/2012 should therefore be amended accordingly,</p></recital></recitals><formula name="enactingFormula"><p>HAS ADOPTED THIS REGULATION:</p></formula></preamble><body><article xml:id="art_d291e109"><num>Article 1</num><heading/><paragraph><content><p>Annex II to Regulation (EU) No 36/2012 is amended as set out in the Annex to this Regulation.</p></content></paragraph></article><article xml:id="art_d291e114"><num>Article 2</num><heading/><paragraph><content><p>This Regulation shall enter into force on the date of its publication in the <i>Official Journal of the European Union.</i></p></content></paragraph></article><clause><content><p>This Regulation shall be binding in its entirety and directly applicable in all Member States.</p></content></clause></body><conclusions><p>Done at Brussels, 17 February 2020.</p><block name="signatory"><signature><organization refersTo="">For the Council</organization><role refersTo="">The President</role><person refersTo="">J. BORRELL FONTELLES</person></signature></block></conclusions></bill></akomaNtoso>