<?xml version="1.0" encoding="UTF-8"?><akomaNtoso xmlns="http://docs.oasis-open.org/legaldocml/ns/akn/3.0" xmlns:fmx="http://formex.publications.europa.eu/schema/formex-05.21-20110601.xd" xmlns:leos="urn:eu:europa:ec:leos" xmlns:xs="http://www.w3.org/2001/XMLSchema"><bill name=""><meta xmlns:fn="http://www.w3.org/2005/xpath-functions"><identification source="~COM"><FRBRWork><FRBRthis value=""/><FRBRuri value=""/><FRBRdate date="2999-01-01" name=""/><FRBRauthor href=""/><FRBRcountry value=""/></FRBRWork><FRBRExpression><FRBRthis value=""/><FRBRuri value=""/><FRBRdate date="2999-01-01" name=""/><FRBRauthor href=""/><FRBRlanguage language="eng"/></FRBRExpression><FRBRManifestation><FRBRthis value=""/><FRBRuri value=""/><FRBRdate date="2999-01-01" name=""/><FRBRauthor href=""/></FRBRManifestation></identification></meta><preface><longTitle><p><docStage/><docType>REGULATION (EU) 2020/460 OF THE EUROPEAN PARLIAMENT AND OF THE COUNCIL</docType>of 30 March 2020<docPurpose>amending Regulations (EU) No 1301/2013, (EU) No 1303/2013 and (EU) No 508/2014 as regards specific measures to mobilise investments in the healthcare systems of Member States and in other sectors of their economies in response to the COVID-19 outbreak (Coronavirus Response Investment Initiative)</docPurpose></p></longTitle></preface><preamble><formula name="actingEntity"><p>THE EUROPEAN PARLIAMENT AND THE COUNCIL OF THE EUROPEAN UNION,</p></formula><citations><citation><p>Having regard to the Treaty on the Functioning of the European Union, and in particular Articles 43(2), 177 and 178 thereof,</p></citation><citation><p>Having regard to the proposal from the European Commission,</p></citation><citation><p>After transmission of the draft legislative act to the national parliaments,</p></citation><citation><p>After consulting the European Economic and Social Committee,</p></citation><citation><p>After consulting the Committee of the Regions,</p></citation><citation><p>Acting in accordance with the ordinary legislative procedure<authorialNote placement="bottom" marker="1"><p>Position of the European Parliament of 26 March 2020 (not yet published in the Official Journal) and decision of the Council of 30 March 2020.</p></authorialNote>,</p></citation></citations><recitals xml:id="recs_d210e79"><intro><p>Whereas:</p></intro><recital xml:id="rec_d210e82"><num>(1)</num><p>Member States have been affected by the consequences of the COVID-19 outbreak in a unique manner. The current public health crisis hampers growth in Member States, which in turn aggravates the serious liquidity shortages due to the sudden and significant increase in public investments needed in their healthcare systems and other sectors of their economies. That has created an exceptional situation which needs to be addressed with specific measures.</p></recital><recital xml:id="rec_d210e88"><num>(2)</num><p>It is vital that the lack of liquidity and of public funds in Member States does not hinder investments under programmes supported by the European Regional Development Fund (the &quot;ERDF&quot;), the European Social Fund (the &quot;ESF&quot;) and the Cohesion Fund (the &quot;CF&quot;) (collectively &quot;the Funds&quot;) and the European Maritime and Fisheries Fund (the &quot;EMFF&quot;) needed to fight the COVID-19 outbreak.</p></recital><recital xml:id="rec_d210e115"><num>(3)</num><p>In order to respond to the impact of the public health crisis, the ERDF should support the financing of working capital in small and medium-sized entreprises (&quot;SMEs&quot;) where necessary as a temporary measure to provide an effective response to the public health crisis.</p></recital><recital xml:id="rec_d210e125"><num>(4)</num><p>In order to respond to the impact of the public health crisis, the ERDF investment priority to strengthen research, technological development and innovation should cover investment in products and services necessary for fostering crisis response capacities in health services.</p></recital><recital xml:id="rec_d210e131"><num>(5)</num><p>In order to provide more flexibility in addressing the COVID-19 outbreak, more flexibility should be provided to Member States in programme implementation, and a simplified procedure not requiring a Commission decision should be provided for changes to operational programmes. The information to be submitted to the Commission about such changes should be clarified.</p></recital><recital xml:id="rec_d210e137"><num>(6)</num><p>In order to respond to the impact of the public health crisis, financial instruments that are financed by the Funds should also provide support in the form of working capital to SMEs if necessary as a temporary measure to provide an effective response to the public health crisis.</p></recital><recital xml:id="rec_d210e143"><num>(7)</num><p>In order to provide an immediate response to the impact of the public health crisis, expenditure for operations for fostering crisis response capacities should be eligible as of 1 February 2020.</p></recital><recital xml:id="rec_d210e153"><num>(8)</num><p>In order to ensure that Member States have sufficient financial means to make the investments needed without delay, it is appropriate for the Commission not to issue recovery orders for amounts recoverable from Member States for the annual accounts submitted in 2020. Member States should use the amounts not recovered to accelerate investments related to the COVID-19 outbreak and eligible under Regulation (EU) No 1303/2013 of the European Parliament and of the Council<authorialNote placement="bottom" marker="2"><p>Regulation (EU) No 1303/2013 of the European Parliament and of the Council of 17 December 2013 laying down common provisions on the European Regional Development Fund, the European Social Fund, the Cohesion Fund, the European Agricultural Fund for Rural Development and the European Maritime and Fisheries Fund and laying down general provisions on the European Regional Development Fund, the European Social Fund, the Cohesion Fund and the European Maritime and Fisheries Fund and repealing Council Regulation (EC) No 1083/2006 (OJ L 347, 20.12.2013, p. 320).</p></authorialNote> and the Fund-specific rules.</p></recital><recital xml:id="rec_d210e169"><num>(9)</num><p>The amounts not recovered in 2020 should be cleared or subject to recovery orders at the closure of the programmes.</p></recital><recital xml:id="rec_d210e176"><num>(10)</num><p>In order to respond to the impact of the public health crisis, the EMFF should support mutual funds and stock insurance to safeguard the income of fishermen and aquaculture farmers affected by the public health crisis.</p></recital><recital xml:id="rec_d210e182"><num>(11)</num><p>Since the objective of this Regulation, namely to respond to the impact of the public health crisis, cannot be sufficiently achieved by the Member States but can rather, by reason of the scale and effects of the proposed action, be better achieved at Union level, the Union may adopt measures, in accordance with the principle of subsidiarity as set out in Article 5 of the Treaty on European Union (&quot;TEU&quot;). In accordance with the principle of proportionality, as set out in that Article, this Regulation does not go beyond what is necessary to achieve that objective.</p></recital><recital xml:id="rec_d210e192"><num>(12)</num><p>Given the urgency of the support needed, this Regulation should enter into force on the day following that of its publication in the <i>Official Journal of the European Union</i>.</p></recital><recital xml:id="rec_d210e201"><num>(13)</num><p>In view of the COVID-19 outbreak and the urgency to address the associated public health crisis, it was considered to be appropriate to provide for an exception to the eight-week period referred to in Article 4 of Protocol No 1 on the role of national Parliaments in the European Union, annexed to the TEU, to the Treaty on the Functioning of the European Union and to the Treaty establishing the European Atomic Energy Community.</p></recital><recital xml:id="rec_d210e207"><num>(14)</num><p>Regulations (EU) No 1301/2013<authorialNote placement="bottom" marker="3"><p>Regulation (EU) No 1301/2013 of the European Parliament and of the Council of 17 December 2013 on the European Regional Development Fund and on specific provisions concerning the Investment for growth and jobs goal and repealing Regulation (EC) No 1080/2006 (OJ L 347, 20.12.2013, p. 289).</p></authorialNote>, (EU) No 1303/2013 and (EU) No 508/2014<authorialNote placement="bottom" marker="4"><p>Regulation (EU) No 508/2014 of the European Parliament and of the Council of 15 May 2014 on the European Maritime and Fisheries Fund and repealing Council Regulations (EC) No 2328/2003, (EC) No 861/2006, (EC) No 1198/2006 and (EC) No 791/2007 and Regulation (EU) No 1255/2011 of the European Parliament and of the Council (OJ L 149, 20.5.2014, p. 1).</p></authorialNote> of the European Parliament and of the Council should therefore be amended accordingly,</p></recital></recitals><formula name="enactingFormula"><p>HAVE ADOPTED THIS REGULATION:</p></formula></preamble><body><article xml:id="art_d210e236" leos:compliant="false"><num>Article 1</num><heading>Amendments to Regulation (EU) No 1301/2013</heading><paragraph><subparagraph><content><p>Regulation (EU) No 1301/2013 is amended as follows:</p></content></subparagraph><list><point><num>(1)</num><alinea><content><p>in Article 3(1), the following subparagraph is added:</p></content></alinea><alinea><content><p><mod><quotedStructure startQuote="" endQuote=""><alinea><content><p>&quot;In addition, the ERDF may support the financing of working capital in SMEs where necessary as a temporary measure to provide an effective response to a public health crisis.&quot;;</p></content></alinea></quotedStructure></mod></p></content></alinea></point><point><num>(2)</num><alinea><content><p>in Article 5, point (1)(b) is replaced by the following:</p></content></alinea><alinea><content><p><mod><quotedStructure startQuote="" endQuote=""><list><point><num>&quot;(b)</num><content><p>promoting business investment in R&amp;I, developing links and synergies between enterprises, research and development centres and the higher education sector, in particular promoting investment in product and service development, technology transfer, social innovation, eco-innovation, public service applications, demand stimulation, networking, clusters and open innovation through smart specialisation, and supporting technological and applied research, pilot lines, early product validation actions, advanced manufacturing capabilities and first production, in particular in key enabling technologies and diffusion of general purpose technologies as well as fostering investment necessary for strengthening the crisis response capacities in health services;&quot;.</p></content></point></list></quotedStructure></mod></p></content></alinea></point></list></paragraph></article><article xml:id="art_d210e277" leos:compliant="false"><num>Article 2</num><heading>Amendments to Regulation (EU) No 1303/2013</heading><paragraph><subparagraph><content><p>Regulation (EU) No 1303/2013 is amended as follows:</p></content></subparagraph><list><point><num>(1)</num><alinea><content><p>in Article 30, the following paragraph is added:</p></content></alinea><alinea><content><p><mod><quotedStructure startQuote="" endQuote=""><paragraph><num>&quot;5.</num><subparagraph><content><p>By way of derogation from paragraphs 1 and 2, for the programmes supported by the ERDF, Cohesion Fund and ESF, the Member State may transfer during the programming period an amount of up to 8 % of the allocation as of 1 February 2020 of a priority and no more than 4 % of the programme budget to another priority of the same Fund of the same programme.</p></content></subparagraph><subparagraph><content><p>Such transfers shall not affect previous years. They shall be considered to be not substantial and shall not require a decision of the Commission amending the programme. They shall however comply with all regulatory requirements and shall be approved by the monitoring committee in advance. The Member State shall notify the revised financial tables to the Commission.&quot;;</p></content></subparagraph></paragraph></quotedStructure></mod></p></content></alinea></point><point><num>(2)</num><alinea><content><p>in Article 37(4), the following subparagraph is added:</p></content></alinea><alinea><content><p><mod><quotedStructure startQuote="" endQuote=""><alinea><content><p>&quot;Financial instruments may also provide support in the form of working capital to SMEs, if necessary as a temporary measure, to provide an effective response to a public health crisis.&quot;;</p></content></alinea></quotedStructure></mod></p></content></alinea></point><point><num>(3)</num><alinea><content><p>in Article 65 (10), the following subparagraph is added:</p></content></alinea><alinea><content><p><mod><quotedStructure startQuote="" endQuote=""><alinea><content><p>&quot;By way of derogation from paragraph 9, expenditure for operations for fostering crisis response capacities in the context of the COVID-19 outbreak shall be eligible as of 1 February 2020.&quot;;</p></content></alinea></quotedStructure></mod></p></content></alinea></point><point><num>(4)</num><alinea><content><p>in Article 96, paragraph 10 is replaced by the following:</p></content></alinea><alinea><content><p><mod><quotedStructure startQuote="" endQuote=""><paragraph><num>&quot;10.</num><content><p>Without prejudice to Article 30(5), the Commission shall adopt a decision, by means of implementing acts, approving all the elements, including any of its future amendments, of the operational programme falling under this Article, except those falling under points (b)(vi), (c)(v) and (e) of the first subparagraph of paragraph 2, paragraphs 4 and 5, points (a) and (c) of paragraph 6 and paragraph 7, which remain under the responsibility of the Member States.&quot;;</p></content></paragraph></quotedStructure></mod></p></content></alinea></point><point><num>(5)</num><alinea><content><p>in Article 139 (7), the following subparagraphs are added:</p></content></alinea><alinea><content><p><mod><quotedStructure startQuote="" endQuote=""><alinea><content><p>&quot;By way of derogation from the first subparagraph, the Commission shall not issue a recovery order for amounts recoverable from the Member State for the accounts submitted in 2020. Amounts not recovered shall be used to accelerate investments related to the COVID-19 outbreak and eligible under this Regulation and Fund-specific rules.</p></content></alinea><alinea><content><p>The amounts not recovered shall be cleared or recovered at closure.&quot;.</p></content></alinea></quotedStructure></mod></p></content></alinea></point></list></paragraph></article><article xml:id="art_d210e367" leos:compliant="false"><num>Article 3</num><heading>Amendments to Regulation (EU) No 508/2014</heading><paragraph><subparagraph><content><p>Regulation (EU) No 508/2014 is amended as follows:</p></content></subparagraph><list><point><num>(1)</num><alinea><content><p>Article 35 is amended as follows:</p></content></alinea><list><point><num>(a)</num><alinea><content><p>the title is replaced by the following:</p></content></alinea><alinea><content><p><mod><quotedStructure startQuote="" endQuote=""><alinea><content><p>&quot;Mutual funds for public health crises, adverse climatic events and environmental incidents&quot;;</p></content></alinea></quotedStructure></mod></p></content></alinea></point><point><num>(b)</num><alinea><content><p>paragraph 1 is replaced by the following:</p></content></alinea><alinea><content><p><mod><quotedStructure startQuote="" endQuote=""><paragraph><num>&quot;1.</num><content><p>The EMFF may contribute to mutual funds which pay financial compensation to fishermen for economic losses caused by public health crises, adverse climatic events or by environmental incidents or for the rescue costs for fishermen or fishing vessels in the case of accidents at sea during their fishing activities.&quot;;</p></content></paragraph></quotedStructure></mod></p></content></alinea></point><point><num>(c)</num><alinea><content><p>paragraphs 5 and 6 are replaced by the following:</p></content></alinea><alinea><content><p><mod><quotedStructure startQuote="" endQuote=""><paragraph><num>&quot;5.</num><content><p>Member States shall define the rules for the establishment and management of the mutual funds, in particular for the granting of compensation payments and the eligibility of fishermen for such compensation in the event of public health crises, adverse climatic events, environmental incidents or accidents at sea as referred to in paragraph 1, as well as for the administration and monitoring of compliance with those rules. Member States shall ensure that the fund arrangements provide for penalties in the case of negligence on the part of the fisherman.</p></content></paragraph><paragraph><num>6.</num><content><p>Public health crises, adverse climatic events, environmental incidents or accidents at sea as referred to in paragraph 1 shall be those that are formally recognised by the competent authority of the Member State concerned as having occurred.&quot;;</p></content></paragraph></quotedStructure></mod></p></content></alinea></point><point><num>(d)</num><alinea><content><p>paragraph 8 is replaced by the following:</p></content></alinea><alinea><content><p><mod><quotedStructure startQuote="" endQuote=""><paragraph><num>&quot;8.</num><content><p>The contributions referred to in paragraph 1 shall only be granted to cover losses caused by public health crises, adverse climatic events, environmental incidents or accidents at sea which amount to more than 30 % of the annual turnover of the business concerned, calculated on the basis of the average turnover of that business over the preceding three calendar years.&quot;;</p></content></paragraph></quotedStructure></mod></p></content></alinea></point></list></point><point><num>(2)</num><alinea><content><p>in Article 57(1), the following point is added:</p></content></alinea><alinea><content><p><mod><quotedStructure startQuote="" endQuote=""><list><point><num>&quot;(e)</num><content><p>public health crises.&quot;.</p></content></point></list></quotedStructure></mod></p></content></alinea></point></list></paragraph></article><article xml:id="art_d210e469"><num>Article 4</num><heading/><paragraph><content><p>This Regulation shall enter into force on the day following that of its publication in the <i>Official Journal of the European Union</i>.</p></content></paragraph></article><clause><content><p>This Regulation shall be binding in its entirety and directly applicable in all Member States.</p></content></clause></body><conclusions><p>Done at Brussels, 30 March 2020.</p><block name="signatory"><signature><organization refersTo="">For the European Parliament</organization><role refersTo="">The President</role><person refersTo="">D. M. SASSOLI</person></signature><signature><organization refersTo="">For the Council</organization><role refersTo="">The President</role><person refersTo="">G. GRLIĆ RADMAN</person></signature></block></conclusions></bill></akomaNtoso>