<?xml version="1.0" encoding="UTF-8"?><akomaNtoso xmlns="http://docs.oasis-open.org/legaldocml/ns/akn/3.0" xmlns:fmx="http://formex.publications.europa.eu/schema/formex-05.21-20110601.xd" xmlns:leos="urn:eu:europa:ec:leos" xmlns:xs="http://www.w3.org/2001/XMLSchema"><bill name=""><meta xmlns:fn="http://www.w3.org/2005/xpath-functions"><identification source="~COM"><FRBRWork><FRBRthis value=""/><FRBRuri value=""/><FRBRdate date="2999-01-01" name=""/><FRBRauthor href=""/><FRBRcountry value=""/></FRBRWork><FRBRExpression><FRBRthis value=""/><FRBRuri value=""/><FRBRdate date="2999-01-01" name=""/><FRBRauthor href=""/><FRBRlanguage language="eng"/></FRBRExpression><FRBRManifestation><FRBRthis value=""/><FRBRuri value=""/><FRBRdate date="2999-01-01" name=""/><FRBRauthor href=""/></FRBRManifestation></identification></meta><preface><longTitle><p><docStage/><docType>COMMISSION IMPLEMENTING REGULATION (EU) 2020/130</docType>of 28 January 2020<docPurpose>on amending Council Regulation (EC) No 2368/2002 implementing the Kimberley Process certification scheme for the international trade in rough diamonds</docPurpose></p></longTitle></preface><preamble><formula name="actingEntity"><p>THE EUROPEAN COMMISSION,</p></formula><citations><citation><p>Having regard to the Treaty on the Functioning of the European Union,</p></citation><citation><p>Having regard to Council Regulation (EC) No 2368/2002 of 20 December 2002 implementing the Kimberley Process certification scheme for international trade in rough diamonds<authorialNote placement="bottom" marker="1"><p>OJ L 358, 31.12.2002, p. 28.</p></authorialNote>, and in particular Article 20 thereof,</p></citation></citations><recitals xml:id="recs_d87e68"><intro><p>Whereas:</p></intro><recital xml:id="rec_d87e71"><num>(1)</num><p>Annex II to Regulation (EC) No 2368/2002 lists the participants in the Kimberley Process certification scheme and their duly appointed competent authorities.</p></recital><recital xml:id="rec_d87e77"><num>(2)</num><p>The addresses of the competent authorities of several participants in the Kimberley Process require an update.</p></recital><recital xml:id="rec_d87e83"><num>(3)</num><p>In September 2019, Kimberley Process participants received a notification from the People&apos;s Republic of China that Macao Special Administrative Region of the People&apos;s Republic of China will formally implement the Kimberley Process certification scheme as of 1 October 2019.</p></recital><recital xml:id="rec_d87e92"><num>(4)</num><p>Annex II to Regulation (EC) No 2368/2002 should therefore be amended accordingly. In order for Macao Special Administrative Region of the People&apos;s Republic of China to implement the Kimberley Process certification scheme in relation to the Union as soon as possible, this Regulation should enter into force as a matter of urgency on the day following that of its publication in the <i>Official Journal of the European Union,</i></p></recital></recitals><formula name="enactingFormula"><p>HAS ADOPTED THIS REGULATION:</p></formula></preamble><body><article xml:id="art_d87e103"><num>Article 1</num><heading/><paragraph><content><p>Annex II to Regulation (EC) No 2368/2002 is replaced by the text set out in the Annex to this Regulation.</p></content></paragraph></article><article xml:id="art_d87e108"><num>Article 2</num><heading/><paragraph><content><p>This Regulation shall enter into force on the day following that of its publication in the <i>Official Journal of the European Union</i>.</p></content></paragraph></article><clause><content><p>This Regulation shall be binding in its entirety and directly applicable in all Member States.</p></content></clause></body><conclusions><p>Done at Brussels, 28 January 2020.</p><block name="signatory"><signature><organization refersTo="">For the Commission</organization><role refersTo="">Vice President</role><person refersTo="">Josep BORRELL FONTELLES</person></signature></block></conclusions></bill></akomaNtoso>