<?xml version="1.0" encoding="UTF-8"?><akomaNtoso xmlns="http://docs.oasis-open.org/legaldocml/ns/akn/3.0" xmlns:fmx="http://formex.publications.europa.eu/schema/formex-05.21-20110601.xd" xmlns:leos="urn:eu:europa:ec:leos" xmlns:xs="http://www.w3.org/2001/XMLSchema"><bill name=""><meta xmlns:fn="http://www.w3.org/2005/xpath-functions"><identification source="~COM"><FRBRWork><FRBRthis value=""/><FRBRuri value=""/><FRBRdate date="2999-01-01" name=""/><FRBRauthor href=""/><FRBRcountry value=""/></FRBRWork><FRBRExpression><FRBRthis value=""/><FRBRuri value=""/><FRBRdate date="2999-01-01" name=""/><FRBRauthor href=""/><FRBRlanguage language="eng"/></FRBRExpression><FRBRManifestation><FRBRthis value=""/><FRBRuri value=""/><FRBRdate date="2999-01-01" name=""/><FRBRauthor href=""/></FRBRManifestation></identification></meta><preface><longTitle><p><docStage/><docType>COMMISSION IMPLEMENTING REGULATION (EU) 2020/386</docType>of 9 March 2020<docPurpose>amending Annex II to Decision 2007/777/EC as regards the list of third countries or parts thereof from which the introduction into the Union of meat products and treated stomachs, bladders and intestines is authorised, and amending Annex II to Regulation (EU) No 206/2010 as regards the list of third countries, territories or parts thereof from which the introduction into the Union of fresh meat is authorised</docPurpose></p></longTitle><container name="EEArelevance"><p>(Text with EEA relevance)</p></container></preface><preamble><formula name="actingEntity"><p>THE EUROPEAN COMMISSION,</p></formula><citations><citation><p>Having regard to the Treaty on the Functioning of the European Union,</p></citation><citation><p>Having regard to Council Directive 2002/99/EC of 16 December 2002 laying down the animal health rules governing the production, processing, distribution and introduction of products of animal origin for human consumption<authorialNote placement="bottom" marker="1"><p>OJ L 18, 23.1.2003, p. 11.</p></authorialNote>, and in particular the introductory phrase of Article 8, the first subparagraph of point (1) of Article 8, point (4) of Article 8, and Article 9(4)(c) thereof,</p></citation><citation><p>Having regard to Regulation (EC) No 854/2004 of the European Parliament and of the Council of 29 April 2004 laying down specific rules for the organisation of official controls on products of animal origin intended for human consumption<authorialNote placement="bottom" marker="2"><p>OJ L 139, 30.4.2004, p. 206.</p></authorialNote>, and in particular Article 11(1) thereof,</p></citation></citations><recitals xml:id="recs_d280e82"><intro><p>Whereas:</p></intro><recital xml:id="rec_d280e85"><num>(1)</num><p>Commission Decision 2007/777/EC<authorialNote placement="bottom" marker="3"><p>Commission Decision 2007/777/EC of 29 November 2007 laying down the animal and public health conditions and model certificates for imports of certain meat products and treated stomachs, bladders and intestines for human consumption from third countries and repealing Decision 2005/432/EC (OJ L 312, 30.11.2007, p. 49).</p></authorialNote> lays down, inter alia, the animal and public health rules for imports into the Union, and the transit and storage in the Union, of consignments of certain meat products and of treated stomachs, bladders and intestines which have undergone one of the treatments set out in Part 4 of Annex II thereto (&apos;the commodities&apos;). In addition, Part 3 of Annex II to Decision 2007/777/EC sets out a list of third countries or parts thereof which are authorised for imports into the Union of biltong/jerky and pasteurised meat products, provided that they have undergone one of the treatments referred to in Part 4 of that Annex.</p></recital><recital xml:id="rec_d280e105"><num>(2)</num><p>Commission Regulation (EU) No 206/2010<authorialNote placement="bottom" marker="4"><p>Commission Regulation (EU) No 206/2010 of 12 March 2010 laying down lists of third countries, territories or parts thereof authorised for the introduction into the European Union of certain animals and fresh meat and the veterinary certification requirements (OJ L 73, 20.3.2010, p. 1).</p></authorialNote> lays down, inter alia, the veterinary certification requirements for the introduction into the Union of consignments of fresh meat of ungulates. Part 1 of Annex II to that Regulation establishes a list of third countries, territories or parts thereof from which such consignments may be imported into the Union, as well as the specific conditions for the introduction of those consignments from certain third countries.</p></recital><recital xml:id="rec_d280e122"><num>(3)</num><p>Certain parts of South Africa are listed in Parts 1 and 3 of Annex II to Decision 2007/777/EC as authorised for imports into the Union of the commodities and of biltong respectively.</p></recital><recital xml:id="rec_d280e128"><num>(4)</num><p>Certain parts of South Africa are also listed in Part 1 of Annex II to Regulation (EU) No 206/2010 as authorised for imports into the Union of consignments of fresh meat of certain domestic and wild ungulates, other than equine animals. However, imports of fresh meat from those species are suspended since 2011 due to the foot-and-mouth situation in the zone.</p></recital><recital xml:id="rec_d280e134"><num>(5)</num><p>Decision 2007/777/EC and Regulation (EU) No 206/2010 recognise regionalisation of third countries. The description of part of the territory of South Africa, by the code &apos;ZA-1&apos;, as amended by the South African authorities following an outbreak of foot-and-mouth disease in 2011, which is referred to in those two acts, is no longer accurate.</p></recital><recital xml:id="rec_d280e144"><num>(6)</num><p>The Annex to Commission Decision 2011/163/EU<authorialNote placement="bottom" marker="5"><p>Commission Decision 2011/163/EU of 16 March 2011 on the approval of plans submitted by third countries in accordance with Article 29 of Council Directive 96/23/EC (OJ L 70, 17.3.2011, p. 40).</p></authorialNote> sets out a list of third countries whose plans for the monitoring of groups of residues and substances in animals and animal products intended for human consumption have been approved by the Commission. Imports into the Union from South Africa of meat products from all species of animals, with the exception of wild game meat products, are not permitted under that Decision, as South Africa does not have an approved plan.</p></recital><recital xml:id="rec_d280e160"><num>(7)</num><p>In February 2017, a Commission audit was carried out in South Africa in order to evaluate the animal health control system in place in that third country, in particular as regards the controls concerning foot-and-mouth disease (&apos;the 2017 Commission audit&apos;). The Commission found that, although the control system governing the production of commodities covered by the audit could, in principle, provide adequate guarantees that they are produced in accordance with relevant Union requirements, its effectiveness is weakened by the problems noted in its implementation, in particular concerning the performance of the official controls and staffing difficulties. Also, certification rules and principles offer, overall, guarantees equivalent to those laid down in Union law, but the shortcomings observed in their implementation compromise their reliability and the guarantees concerning some of the statements signed in the certificates for import into the Union.</p></recital><recital xml:id="rec_d280e170"><num>(8)</num><p>As imports of fresh meat and meat products of ungulates from South Africa are not permitted under Decision 2011/163/EU, and taking into account the findings of the 2017 Commission audit, and in particular the lack of guarantees about the official controls for foot-and-mouth disease, and to maintain clarity and consistency of Union legislation, the entry &apos;ZA-1&apos; covering part of the territory of South Africa should be deleted from the entry of South Africa in Parts 1 and 3 of Annex II to Decision 2007/777/EC and from the list of third countries authorised for import of fresh meat of ungulates in Part 1 of Annex II to Regulation (EU) No 206/2010.</p></recital><recital xml:id="rec_d280e180"><num>(9)</num><p>Following United Nations (UN) facilitation, Athens and Skopje reached a bilateral agreement (&apos;Prespa agreement&apos;) in June 2018, to change the UN provisional reference for the former Yugoslav Republic of Macedonia. This agreement has now been ratified by both countries and the Republic of North Macedonia has formally notified the EU about its entry into force.</p></recital><recital xml:id="rec_d280e191"><num>(10)</num><p>Annex II to Decision 2007/777/EC and Annex II to Regulation (EU) No 206/2010 should therefore be amended accordingly.</p></recital><recital xml:id="rec_d280e197"><num>(11)</num><p>The measures provided for in this Regulation are in accordance with the opinion of the Standing Committee on Plants, Animals, Food and Feed,</p></recital></recitals><formula name="enactingFormula"><p>HAS ADOPTED THIS REGULATION:</p></formula></preamble><body><article xml:id="art_d280e207"><num>Article 1</num><heading/><paragraph><content><p>Annex II to Decision 2007/777/EC is amended in accordance with Annex I to this Regulation.</p></content></paragraph></article><article xml:id="art_d280e212"><num>Article 2</num><heading/><paragraph><content><p>Annex II to Regulation (EU) No 206/2010 is amended in accordance with Annex II to this Regulation.</p></content></paragraph></article><article xml:id="art_d280e217"><num>Article 3</num><heading/><paragraph><content><p>This Regulation shall enter into force on the twentieth day following that of its publication in the <i>Official Journal of the European Union</i>.</p></content></paragraph></article><clause><content><p>This Regulation shall be binding in its entirety and directly applicable in all Member States.</p></content></clause></body><conclusions><p>Done at Brussels, 9 March 2020.</p><block name="signatory"><signature><organization refersTo="">For the Commission</organization><role refersTo="">The President</role><person refersTo="">Ursula VON DER LEYEN</person></signature></block></conclusions></bill></akomaNtoso>