<?xml version="1.0" encoding="UTF-8"?><akomaNtoso xmlns="http://docs.oasis-open.org/legaldocml/ns/akn/3.0" xmlns:fmx="http://formex.publications.europa.eu/schema/formex-05.21-20110601.xd" xmlns:leos="urn:eu:europa:ec:leos" xmlns:xs="http://www.w3.org/2001/XMLSchema"><bill name=""><meta xmlns:fn="http://www.w3.org/2005/xpath-functions"><identification source="~COM"><FRBRWork><FRBRthis value=""/><FRBRuri value=""/><FRBRdate date="2999-01-01" name=""/><FRBRauthor href=""/><FRBRcountry value=""/></FRBRWork><FRBRExpression><FRBRthis value=""/><FRBRuri value=""/><FRBRdate date="2999-01-01" name=""/><FRBRauthor href=""/><FRBRlanguage language="eng"/></FRBRExpression><FRBRManifestation><FRBRthis value=""/><FRBRuri value=""/><FRBRdate date="2999-01-01" name=""/><FRBRauthor href=""/></FRBRManifestation></identification></meta><preface><longTitle><p><docStage/><docType>COUNCIL DECISION (CFSP) 2020/250</docType>of 25 February 2020<docPurpose>amending Decision (CFSP) 2018/1248 appointing the European Union Special Representative for the Middle East Peace Process</docPurpose></p></longTitle></preface><preamble><formula name="actingEntity"><p>THE COUNCIL OF THE EUROPEAN UNION,</p></formula><citations><citation><p>Having regard to the Treaty on European Union, and in particular Article 33 and Article 31(2) thereof,</p></citation><citation><p>Having regard to the proposal from the High Representative of the Union for Foreign Affairs and Security Policy,</p></citation></citations><recitals xml:id="recs_d207e59"><intro><p>Whereas:</p></intro><recital xml:id="rec_d207e62"><num>(1)</num><p>On 18 September 2018, the Council adopted Decision (CFSP) 2018/1248<authorialNote placement="bottom" marker="1"><p>Council Decision (CFSP) 2018/1248 of 18 September 2018 appointing the European Union Special Representative for the Middle East Peace Process (OJ L 235, 19.9.2018, p. 9).</p></authorialNote> appointing Ms Susanna TERSTAL as the European Union Special Representative (EUSR) for the Middle East Peace Process (MEPP). The EUSR&apos;s mandate is to expire on 29 February 2020.</p></recital><recital xml:id="rec_d207e84"><num>(2)</num><p>The mandate of the EUSR for the MEPP should be extended for a further period of 12 months and a new financial reference amount for the period from 1 March 2020 to 28 February 2021 should be established.</p></recital><recital xml:id="rec_d207e96"><num>(3)</num><p>The EUSR for the MEPP will implement the mandate in the context of a situation which may deteriorate and could impede the achievement of the objectives of the Union&apos;s external action as set out in Article 21 of the Treaty,</p></recital></recitals><formula name="enactingFormula"><p>HAS ADOPTED THIS DECISION:</p></formula></preamble><body><article xml:id="art_d207e105" leos:compliant="false"><num>Article 1</num><heading/><paragraph><subparagraph><content><p>Decision (CFSP) 2018/1248 is amended as follows:</p></content></subparagraph><list><point><num>(1)</num><alinea><content><p>Article 1 is replaced by the following:</p></content></alinea><alinea><content><p><mod><quotedStructure startQuote="" endQuote=""><article xml:id="art_d207e120"><num>&apos;Article 1</num><heading>European Union Special Representative</heading><paragraph><content><p>The mandate of Ms Susanna TERSTAL as the European Union Special Representative (EUSR) for the Middle East Peace Process (MEPP) is extended until 28 February 2021. The Council may decide that the mandate of the EUSR be terminated earlier, based on an assessment by the Political and Security Committee (PSC) and a proposal from the High Representative of the Union for Foreign Affairs and Security Policy (HR).&apos;;</p></content></paragraph></article></quotedStructure></mod></p></content></alinea></point><point><num>(2)</num><alinea><content><p>in Article 5(1), the following subparagraph is added:</p></content></alinea><alinea><content><p><mod><quotedStructure startQuote="" endQuote=""><alinea><content><p>&apos;The financial reference amount intended to cover the expenditure related to the EUSR&apos;s mandate for the period from 1 March 2020 to 28 February 2021 shall be EUR 1182524,33.&apos;;</p></content></alinea></quotedStructure></mod></p></content></alinea></point><point><num>(3)</num><alinea><content><p>in Article 14, the following subparagraph is added:</p></content></alinea><alinea><content><p><mod><quotedStructure startQuote="" endQuote=""><alinea><content><p>&apos;The final comprehensive mandate implementation report of the EUSR shall be presented by 30 November 2020.&apos;.</p></content></alinea></quotedStructure></mod></p></content></alinea></point></list></paragraph></article><article xml:id="art_d207e172"><num>Article 2</num><heading/><paragraph><content><p>This Decision shall enter into force on the date of its adoption. It shall apply from 1 March 2020.</p></content></paragraph></article></body><conclusions><p>Done at Brussels, 25 February 2020.</p><block name="signatory"><signature><organization refersTo="">For the Council</organization><role refersTo="">The President</role><person refersTo="">A. METELKO-ZGOMBIĆ</person></signature></block></conclusions></bill></akomaNtoso>