<?xml version="1.0" encoding="UTF-8"?><akomaNtoso xmlns="http://docs.oasis-open.org/legaldocml/ns/akn/3.0" xmlns:fmx="http://formex.publications.europa.eu/schema/formex-05.21-20110601.xd" xmlns:leos="urn:eu:europa:ec:leos" xmlns:xs="http://www.w3.org/2001/XMLSchema"><bill name=""><meta xmlns:fn="http://www.w3.org/2005/xpath-functions"><identification source="~COM"><FRBRWork><FRBRthis value=""/><FRBRuri value=""/><FRBRdate date="2999-01-01" name=""/><FRBRauthor href=""/><FRBRcountry value=""/></FRBRWork><FRBRExpression><FRBRthis value=""/><FRBRuri value=""/><FRBRdate date="2999-01-01" name=""/><FRBRauthor href=""/><FRBRlanguage language="eng"/></FRBRExpression><FRBRManifestation><FRBRthis value=""/><FRBRuri value=""/><FRBRdate date="2999-01-01" name=""/><FRBRauthor href=""/></FRBRManifestation></identification></meta><preface><longTitle><p><docStage/><docType>DECISION (EU) 2020/136 OF THE EUROPEAN CENTRAL BANK</docType>of 22 January 2020<docPurpose>on the paying-up of the European Central Bank&apos;s capital by the non-euro area national central banks and repealing Decision (EU) 2019/48 (ECB/2020/2)</docPurpose></p></longTitle></preface><preamble><formula name="actingEntity"><p>THE GENERAL COUNCIL OF THE EUROPEAN CENTRAL BANK,</p></formula><citations><citation><p>Having regard to the Treaty on the Functioning of the European Union,</p></citation><citation><p>Having regard to the Statute of the European System of Central Banks and of the European Central Bank, and in particular Article 47 thereof,</p></citation></citations><recitals xml:id="recs_d48e61"><intro><p>Whereas:</p></intro><recital xml:id="rec_d48e64"><num>(1)</num><p>Article 47 of the Statute of the European System of Central Banks and of the European Central Bank (hereinafter the &apos;Statute of the ESCB&apos;) provides that national central banks of Member States with a derogation (hereinafter &apos;non-euro area NCBs&apos;) do not need to pay up their subscribed capital unless the General Council of the European Central Bank (ECB), acting by a majority representing at least two thirds of the subscribed capital of the ECB and at least half of the shareholders, decides that a minimal percentage has to be paid up as a contribution to the ECB&apos;s operational costs.</p></recital><recital xml:id="rec_d48e78"><num>(2)</num><p>Article 1 of Decision (EU) 2019/48 of the European Central Bank (ECB/2018/32)<authorialNote placement="bottom" marker="1"><p>Decision (EU) 2019/48 of the European Central Bank of 30 November 2018 on the paying-up of the European Central Bank&apos;s capital by the non-euro area national central banks and repealing Decision ECB/2013/31 (ECB/2018/32) (OJ L 9, 11.1.2019, p. 196).</p></authorialNote> provides that each non-euro area NCB shall pay up 3,75 % of its share in the ECB&apos;s subscribed capital with effect from 1 January 2019.</p></recital><recital xml:id="rec_d48e97"><num>(3)</num><p>On 29 March 2017, the United Kingdom of Great Britain and Northern Ireland (the &apos;United Kingdom&apos;) submitted the notification of its intention to withdraw from the European Union pursuant to Article 50 of the Treaty on European Union. The Treaty on European Union and the Treaty on the Functioning of the European Union will cease to apply to the United Kingdom from the date following the date referred to in Article 1(1) of Decision (EU) 2019/1810 of the European Council<authorialNote placement="bottom" marker="2"><p>European Council Decision (EU) 2019/1810 taken in agreement with the United Kingdom of 29 October 2019 extending the period under Article 50(3)TEU (OJ L 278I, 30.10.2019, p. 1).</p></authorialNote>. Upon the withdrawal of the United Kingdom from the European Union, the Bank of England (BoE) ceases to be a national central bank of a Member State and therefore of the European System of Central Banks. Decision (EU) 2020/137 of the European Central Bank (ECB/2020/3)<authorialNote placement="bottom" marker="3"><p>Decision (EU) 2020/137 of the European Central Bank of 22 January 2020 on the national central banks&apos; percentage shares in the key for subscription to the European Central Bank&apos;s capital and repealing Decision (EU) 2019/43 (ECB/2020/3) (see page 4 of this Official Journal).</p></authorialNote> provides for the adjustment of the key for subscription to the ECB&apos;s capital (hereinafter the &apos;capital key&apos;) in accordance with Article 29.3 and Article 29.4 of the Statute of the ESCB and establishes with effect from 1 February 2020 the new weightings assigned to the national central banks in the adjusted capital key (hereinafter the &apos;capital key weightings&apos;).</p></recital><recital xml:id="rec_d48e140"><num>(4)</num><p>The adjustment of the ECB&apos;s capital key triggered by the BoE ceasing to be a national central bank of a Member State requires the adoption of a new ECB decision, which, from the date of its application, repeals Decision (EU) 2019/48 (ECB/2018/32) and determines the percentage of the ECB&apos;s subscribed capital which the non-euro area NCBs are under an obligation to pay up with effect from 1 February 2020,</p></recital></recitals><formula name="enactingFormula"><p>HAS ADOPTED THIS DECISION:</p></formula></preamble><body><article xml:id="art_d48e152"><num>Article 1</num><heading>Extent and form of subscribed and paid-up capital</heading><paragraph><content><p>Each non-euro area NCB shall pay up 3,75 % of its share in the ECB&apos;s subscribed capital with effect from 1 February 2020. Taking into account the new capital key weightings laid down in Article 2 of Decision (EU) 2020/137 (ECB/2020/3), each non-euro area NCB shall have a total subscribed and paid-up capital of the amounts shown next to its name in the following table:</p></content></paragraph><paragraph><content><table class="TBL"><tr><td><p><i>(in EUR)</i></p></td></tr><tr><th><p>Non-euro area NCB</p></th><th><p>Subscribed capital as at 1 February 2020</p></th><th><p>Paid-up capital as at 1 February 2020</p></th></tr><tr><td><p>Българска народна банка</p><p>(Bulgarian National Bank)</p></td><td><p>106431469,51</p></td><td><p>3991180,11</p></td></tr><tr><td><p>Česká národní banka</p></td><td><p>203445182,87</p></td><td><p>7629194,36</p></td></tr><tr><td><p>Danmarks Nationalbank</p></td><td><p>190422699,36</p></td><td><p>7140851,23</p></td></tr><tr><td><p>Hrvatska narodna banka</p></td><td><p>71390921,62</p></td><td><p>2677159,56</p></td></tr><tr><td><p>Magyar Nemzeti Bank</p></td><td><p>167657709,49</p></td><td><p>6287164,11</p></td></tr><tr><td><p>Narodowy Bank Polski</p></td><td><p>653126801,54</p></td><td><p>24492255,06</p></td></tr><tr><td><p>Banca Naţională a României</p></td><td><p>306228624,99</p></td><td><p>11483573,44</p></td></tr><tr><td><p>Sveriges Riksbank</p></td><td><p>322476960,60</p></td><td><p>12092886,02</p></td></tr></table></content></paragraph></article><article xml:id="art_d48e255"><num>Article 2</num><heading>Adjustment of the paid-up capital</heading><paragraph><num>1.</num><content><p>Given that each non-euro area NCB has already paid up 3,75 % of its share in the ECB&apos;s subscribed capital as applicable on 31 January 2020 under Decision (EU) 2019/48 (ECB/2018/32), each of them shall transfer an additional amount to the ECB, in order to arrive at the amounts shown in the third column of the table in Article 1.</p></content></paragraph><paragraph><num>2.</num><content><p>All transfers pursuant to this Article shall be made in accordance with Decision (EU) 2020/139 of the European Central Bank (ECB/2020/5)<authorialNote placement="bottom" marker="4"><p>Decision (EU) 2020/139 of the European Central Bank of 22 January 2020 laying down the terms and conditions for transfers of the European Central Bank&apos;s capital shares between the national central banks and for the adjustment of the paid-up capital and repealing Decision (EU) 2019/45 (ECB/2020/5) (see page 9 of this Official Journal).</p></authorialNote>.</p></content></paragraph></article><article xml:id="art_d48e281"><num>Article 3</num><heading>Entry into force and repeal</heading><paragraph><num>1.</num><content><p>This Decision shall enter into force on 1 February 2020.</p></content></paragraph><paragraph><num>2.</num><content><p>Decision (EU) 2019/48 (ECB/2018/32) is repealed with effect from 1 February 2020.</p></content></paragraph><paragraph><num>3.</num><content><p>References to Decision (EU) 2019/48 (ECB/2018/32) shall be construed as references to this Decision.</p></content></paragraph></article></body><conclusions><p>Done at Frankfurt am Main, 22 January 2020.</p><block name="signatory"><signature><organization refersTo="">The President of the ECB</organization><role refersTo="">Christine LAGARDE</role></signature></block></conclusions></bill></akomaNtoso>