<?xml version="1.0" encoding="UTF-8"?><akomaNtoso xmlns="http://docs.oasis-open.org/legaldocml/ns/akn/3.0" xmlns:fmx="http://formex.publications.europa.eu/schema/formex-05.21-20110601.xd" xmlns:leos="urn:eu:europa:ec:leos" xmlns:xs="http://www.w3.org/2001/XMLSchema"><bill name=""><meta xmlns:fn="http://www.w3.org/2005/xpath-functions"><identification source="~COM"><FRBRWork><FRBRthis value=""/><FRBRuri value=""/><FRBRdate date="2999-01-01" name=""/><FRBRauthor href=""/><FRBRcountry value=""/></FRBRWork><FRBRExpression><FRBRthis value=""/><FRBRuri value=""/><FRBRdate date="2999-01-01" name=""/><FRBRauthor href=""/><FRBRlanguage language="eng"/></FRBRExpression><FRBRManifestation><FRBRthis value=""/><FRBRuri value=""/><FRBRdate date="2999-01-01" name=""/><FRBRauthor href=""/></FRBRManifestation></identification></meta><preface><longTitle><p><docStage/><docType>COMMISSION IMPLEMENTING REGULATION (EU) 2020/208</docType>of 14 February 2020<docPurpose>amending Regulation (EC) No 29/2009 laying down requirements on data link services for the single European sky</docPurpose></p></longTitle><container name="EEArelevance"><p>(Text with EEA relevance)</p></container></preface><preamble><formula name="actingEntity"><p>THE EUROPEAN COMMISSION,</p></formula><citations><citation><p>Having regard to the Treaty on the Functioning of the European Union,</p></citation><citation><p>Having regard to Regulation (EU) 2018/1139 of the European Parliament and of the Council of 4 July 2018 on common rules in the field of civil aviation and establishing a European Union Aviation Safety Agency, and amending Regulations (EC) No 2111/2005, (EC) No 1008/2008, (EU) No 996/2010, (EU) No 376/2014 and Directives 2014/30/EU and 2014/53/EU of the European Parliament and of the Council, and repealing Regulations (EC) No 552/2004 and (EC) No 216/2008 of the European Parliament and of the Council and Council Regulation (EEC) No 3922/91<authorialNote placement="bottom" marker="1"><p>OJ L 212, 22.8.2018, p. 1.</p></authorialNote>, and in particular point (a) of Article 44(1) thereof,</p></citation></citations><recitals xml:id="recs_d297e71"><intro><p>Whereas:</p></intro><recital xml:id="rec_d297e74"><num>(1)</num><p>Commission Regulation (EC) No 29/2009<authorialNote placement="bottom" marker="2"><p>Commission Regulation (EC) No 29/2009 of 16 January 2009 laying down requirements on data link services for the single European sky (OJ L 13, 17.1.2009, p. 3).</p></authorialNote> laying down requirements on data link services for the single European sky requires the use of specific operational methods related to the exchange of data between airborne and ground equipment. Such operational methods have to be implemented in a uniform way to ensure interoperability and seamless operations.</p></recital><recital xml:id="rec_d297e90"><num>(2)</num><p>EUROCAE ED-120 &apos;Safety and Performance Requirements Standard for Air Traffic Data Link Services in Continental Airspace&apos; was recently revised to remove any reference to Downlink Message (DM) 89 &apos;MONITORING [unit name] [frequency]&apos; as being required to support data link operations. The current reference to ED-120 included in Regulation (EC) No 29/2009 is no longer appropriate to reflect the evolution of standards and operational principles, and to support the data link operation of certified aircraft with increased ATM functionalities.</p></recital><recital xml:id="rec_d297e104"><num>(3)</num><p>Therefore, the minimum technical standards laid down in Regulation (EC) No 29/2009, to which aircraft operators are to comply, should be amended accordingly.</p></recital><recital xml:id="rec_d297e110"><num>(4)</num><p>The measures provided for in this Regulation are in accordance with the opinion of the Committee established by Article 127(1) of Regulation (EU) 2018/1139,</p></recital></recitals><formula name="enactingFormula"><p>HAS ADOPTED THIS REGULATION:</p></formula></preamble><body><article xml:id="art_d297e119"><num>Article 1</num><heading/><paragraph><content><p>Annex III to Regulation (EC) No 29/2009 is amended in accordance with the Annex to this Regulation.</p></content></paragraph></article><article xml:id="art_d297e124"><num>Article 2</num><heading/><paragraph><content><p>This Regulation shall enter into force on the twentieth day following that of its publication in the <i>Official Journal of the European Union</i>.</p></content></paragraph></article><clause><content><p>This Regulation shall be binding in its entirety and directly applicable in all Member States.</p></content></clause></body><conclusions><p>Done at Brussels, 14 February 2020.</p><block name="signatory"><signature><organization refersTo="">For the Commission</organization><role refersTo="">The President</role><person refersTo="">Ursula VON DER LEYEN</person></signature></block></conclusions></bill></akomaNtoso>