<?xml version="1.0" encoding="UTF-8"?><akomaNtoso xmlns="http://docs.oasis-open.org/legaldocml/ns/akn/3.0" xmlns:fmx="http://formex.publications.europa.eu/schema/formex-05.21-20110601.xd" xmlns:leos="urn:eu:europa:ec:leos" xmlns:xs="http://www.w3.org/2001/XMLSchema"><bill name=""><meta xmlns:fn="http://www.w3.org/2005/xpath-functions"><identification source="~COM"><FRBRWork><FRBRthis value=""/><FRBRuri value=""/><FRBRdate date="2999-01-01" name=""/><FRBRauthor href=""/><FRBRcountry value=""/></FRBRWork><FRBRExpression><FRBRthis value=""/><FRBRuri value=""/><FRBRdate date="2999-01-01" name=""/><FRBRauthor href=""/><FRBRlanguage language="eng"/></FRBRExpression><FRBRManifestation><FRBRthis value=""/><FRBRuri value=""/><FRBRdate date="2999-01-01" name=""/><FRBRauthor href=""/></FRBRManifestation></identification></meta><preface><longTitle><p><docStage/><docType>COMMISSION IMPLEMENTING REGULATION (EU) 2020/159</docType>of 5 February 2020<docPurpose>concerning the renewal of the authorisation of Enterococcus faecium DSM 7134 as a feed additive for weaned piglets and pigs for fattening and repealing Regulation (EC) No 538/2007 (holder of authorisation Lactosan Starterkulturen GmbH &amp; Co)</docPurpose></p></longTitle><container name="EEArelevance"><p>(Text with EEA relevance)</p></container></preface><preamble><formula name="actingEntity"><p>THE EUROPEAN COMMISSION,</p></formula><citations><citation><p>Having regard to the Treaty on the Functioning of the European Union,</p></citation><citation><p>Having regard to Regulation (EC) No 1831/2003 of the European Parliament and of the Council of 22 September 2003 on additives for use in animal nutrition<authorialNote placement="bottom" marker="1"><p>OJ L 268, 18.10.2003, p. 29.</p></authorialNote>, and in particular Article 9(2) thereof,</p></citation></citations><recitals xml:id="recs_d237e74"><intro><p>Whereas:</p></intro><recital xml:id="rec_d237e77"><num>(1)</num><p>Regulation (EC) No 1831/2003 provides for the authorisation of additives for use in animal nutrition and for the grounds and procedures for granting and renewing such authorisation.</p></recital><recital xml:id="rec_d237e83"><num>(2)</num><p><i>Enterococcus faecium</i> DSM 7134 was authorised for 10 years as a feed additive for weaned piglets and pigs for fattening by Commission Regulation (EC) No 538/2007<authorialNote placement="bottom" marker="2"><p>Commission Regulation (EC) No 538/2007 of 15 May 2007 concerning the authorisation of a new use of <i>Enterococcus faecium</i> DSM 7134 (Bonvital) as a feed additive (OJ L 128, 16.5.2007, p. 16).</p></authorialNote>.</p></recital><recital xml:id="rec_d237e104"><num>(3)</num><p>In accordance with Article 14(1) of Regulation (EC) No 1831/2003, an application was submitted by the holder of that authorisation for the renewal of the authorisation of <i>Enterococcus faecium</i> DSM 7134 as a feed additive for weaned piglets and pigs for fattening, requesting that additive to be classified in the additive category &apos;zootechnical additives&apos;. That application was accompanied by the particulars and documents required under Article 14(2) of Regulation (EC) No 1831/2003.</p></recital><recital xml:id="rec_d237e117"><num>(4)</num><p>The European Food Safety Authority (&apos;the Authority&apos;) concluded in its opinion of 27 February 2019<authorialNote placement="bottom" marker="3"><p><i>EFSA Journal</i> 2019; 17(3):5650.</p></authorialNote> that the applicant has provided data demonstrating that the additive complies with the conditions of authorisation. The Authority concluded that <i>Enterococcus faecium</i> DSM 7134 remains safe under the authorised conditions of use for the target animals, consumers, users and the environment. The Authority also concluded that the additive is considered a potential skin and respiratory sensitiser. Therefore the Commission considers that appropriate protective measures should be taken to prevent adverse effects on human health, in particular as regards the users of the additive.</p></recital><recital xml:id="rec_d237e138"><num>(5)</num><p>The assessment of <i>Enterococcus faecium</i> DSM 7134 shows that the conditions for authorisation, as provided for in Article 5 of Regulation (EC) No 1831/2003, are satisfied. Accordingly, the authorisation of that additive should be renewed as specified in the Annex to this Regulation.</p></recital><recital xml:id="rec_d237e147"><num>(6)</num><p>As a consequence of the renewal of the authorisation of <i>Enterococcus faecium</i> DSM 7134 as a feed additive under the conditions laid down in the Annex to this Regulation, Regulation (EC) No 538/2007 should be repealed.</p></recital><recital xml:id="rec_d237e156"><num>(7)</num><p>The measures provided for in this Regulation are in accordance with the opinion of the Standing Committee on Plants, Animals, Food and Feed,</p></recital></recitals><formula name="enactingFormula"><p>HAS ADOPTED THIS REGULATION:</p></formula></preamble><body><article xml:id="art_d237e166"><num>Article 1</num><heading/><paragraph><content><p>The authorisation of the additive specified in the Annex, belonging to the additive category &apos;zootechnical additives&apos; and to the functional group &apos;gut flora stabilisers&apos;, is renewed subject to the conditions laid down in that Annex.</p></content></paragraph></article><article xml:id="art_d237e179"><num>Article 2</num><heading/><paragraph><content><p>Regulation (EC) No 538/2007 is repealed.</p></content></paragraph></article><article xml:id="art_d237e184"><num>Article 3</num><heading/><paragraph><content><p>This Regulation shall enter into force on the twentieth day following that of its publication in the <i>Official Journal of the European Union</i>.</p></content></paragraph></article><clause><content><p>This Regulation shall be binding in its entirety and directly applicable in all Member States.</p></content></clause></body><conclusions><p>Done at Brussels, 5 February 2020.</p><block name="signatory"><signature><organization refersTo="">For the Commission</organization><role refersTo="">The President</role><person refersTo="">Ursula VON DER LEYEN</person></signature></block></conclusions></bill></akomaNtoso>