<?xml version="1.0" encoding="UTF-8"?><akomaNtoso xmlns="http://docs.oasis-open.org/legaldocml/ns/akn/3.0" xmlns:fmx="http://formex.publications.europa.eu/schema/formex-05.21-20110601.xd" xmlns:leos="urn:eu:europa:ec:leos" xmlns:xs="http://www.w3.org/2001/XMLSchema"><bill name=""><meta xmlns:fn="http://www.w3.org/2005/xpath-functions"><identification source="~COM"><FRBRWork><FRBRthis value=""/><FRBRuri value=""/><FRBRdate date="2999-01-01" name=""/><FRBRauthor href=""/><FRBRcountry value=""/></FRBRWork><FRBRExpression><FRBRthis value=""/><FRBRuri value=""/><FRBRdate date="2999-01-01" name=""/><FRBRauthor href=""/><FRBRlanguage language="eng"/></FRBRExpression><FRBRManifestation><FRBRthis value=""/><FRBRuri value=""/><FRBRdate date="2999-01-01" name=""/><FRBRauthor href=""/></FRBRManifestation></identification></meta><preface><longTitle><p><docStage/><docType>DECISION (EU) 2020/400 OF THE REPRESENTATIVES OF THE GOVERNMENTS OF THE MEMBER STATES</docType>of 11 March 2020<docPurpose>appointing an Advocate-General to the Court of Justice</docPurpose></p></longTitle></preface><preamble><formula name="actingEntity"><p>THE REPRESENTATIVES OF THE GOVERNMENTS OF THE MEMBER STATES OF THE EUROPEAN UNION,</p></formula><citations><citation><p>Having regard to the Treaty on European Union, and in particular Article 19 thereof,</p></citation><citation><p>Having regard to the Treaty on the Functioning of the European Union, and in particular Articles 253 and 255 thereof,</p></citation></citations><recitals xml:id="recs_d137e61"><intro><p>Whereas:</p></intro><recital xml:id="rec_d137e64"><num>(1)</num><p>Pursuant to Articles 7 and 8 of the Protocol (No 3) on the Statute of the Court of Justice of the European Union, and following the death of Mr Yves BOT, an Advocate‐General should be appointed to the Court of Justice for the remainder of the term of office of Mr Yves BOT, which ends on 6 October 2024.</p></recital><recital xml:id="rec_d137e73"><num>(2)</num><p>Mr Jean RICHARD DE LA TOUR has been nominated for the vacant post.</p></recital><recital xml:id="rec_d137e79"><num>(3)</num><p>The panel set up by Article 255 of the Treaty on the Functioning of the European Union has given an opinion on the suitability of Mr Jean RICHARD DE LA TOUR to perform the duties of Advocate‐General of the Court of Justice,</p></recital></recitals><formula name="enactingFormula"><p>HAVE ADOPTED THIS DECISION:</p></formula></preamble><body><article xml:id="art_d137e88"><num>Article 1</num><heading/><paragraph><content><p>Mr Jean RICHARD DE LA TOUR is hereby appointed Advocate‐General of the Court of Justice for the period from 23 March 2020 to 6 October 2024.</p></content></paragraph></article><article xml:id="art_d137e99"><num>Article 2</num><heading/><paragraph><content><p>This Decision shall enter into force on the date of its publication in the <i>Official Journal of the European Union</i>.</p></content></paragraph></article></body><conclusions><p>Done at Brussels, 11 March 2020.</p><block name="signatory"><signature><organization refersTo="">The President</organization><role refersTo="">M. CLAUSS</role></signature></block></conclusions></bill></akomaNtoso>