<?xml version="1.0" encoding="UTF-8"?><akomaNtoso xmlns="http://docs.oasis-open.org/legaldocml/ns/akn/3.0" xmlns:fmx="http://formex.publications.europa.eu/schema/formex-05.21-20110601.xd" xmlns:leos="urn:eu:europa:ec:leos" xmlns:xs="http://www.w3.org/2001/XMLSchema"><bill name=""><meta xmlns:fn="http://www.w3.org/2005/xpath-functions"><identification source="~COM"><FRBRWork><FRBRthis value=""/><FRBRuri value=""/><FRBRdate date="2999-01-01" name=""/><FRBRauthor href=""/><FRBRcountry value=""/></FRBRWork><FRBRExpression><FRBRthis value=""/><FRBRuri value=""/><FRBRdate date="2999-01-01" name=""/><FRBRauthor href=""/><FRBRlanguage language="eng"/></FRBRExpression><FRBRManifestation><FRBRthis value=""/><FRBRuri value=""/><FRBRdate date="2999-01-01" name=""/><FRBRauthor href=""/></FRBRManifestation></identification></meta><preface><longTitle><p><docStage/><docType>COMMISSION IMPLEMENTING DECISION (EU) 2020/113</docType>of 23 January 2020<docPurpose>amending Decision 2009/11/EC authorising methods for grading pig carcasses in Spain</docPurpose></p></longTitle><container name="EEArelevance"><p>(notified under document C(2020) 232)</p></container></preface><preamble><formula name="actingEntity"><p>THE EUROPEAN COMMISSION,</p></formula><citations><citation><p>Having regard to the Treaty on the Functioning of the European Union,</p></citation><citation><p>Having regard to Regulation (EU) No 1308/2013 of the European Parliament and of the Council of 17 December 2013 establishing a common organisation of the markets in agricultural products and repealing Council Regulations (EEC) No 922/72, (EEC) No 234/79, (EC) No 1037/2001 and (EC) No 1234/2007<authorialNote placement="bottom" marker="1"><p>OJ L 347, 20.12.2013, p. 671.</p></authorialNote>, and in particular Article 20(p) and (t) thereof,</p></citation></citations><recitals xml:id="recs_d5e74"><intro><p>Whereas:</p></intro><recital xml:id="rec_d5e77"><num>(1)</num><p>Point 1 of Section B.IV of Annex IV to Regulation (EU) No 1308/2013 provides that, for the classification of pig carcasses, the lean-meat content has to be assessed by means of grading methods authorised by the Commission and only statistically proven assessment methods based on the physical measurement of one or more anatomical parts of the pig carcass may be authorised. The authorisation of grading methods should be subject to compliance with a maximum tolerance for statistical error in assessment. That tolerance is defined in Part A of Annex V to Commission Delegated Regulation (EU) 2017/1182<authorialNote placement="bottom" marker="2"><p>Commission Delegated Regulation (EU) 2017/1182 of 20 April 2017 supplementing Regulation (EU) No 1308/2013 of the European Parliament and of the Council as regards the Union scales for the classification of beef, pig and sheep carcasses and as regards the reporting of market prices of certain categories of carcasses and live animals (OJ L 171, 4.7.2017, p. 74).</p></authorialNote>.</p></recital><recital xml:id="rec_d5e93"><num>(2)</num><p>By Commission Decision 2009/11/EC<authorialNote placement="bottom" marker="3"><p>Commission Decision 2009/11/EC of 19 December 2008 authorising methods for grading pig carcases in Spain (OJ L 6, 10.1.2009, p. 79).</p></authorialNote>, the use of nine methods for grading pig carcasses in Spain was authorised.</p></recital><recital xml:id="rec_d5e109"><num>(3)</num><p>Modifications of the apparatus or grading methods should not be allowed unless they are explicitly authorised by Commission Implementing Decision.</p></recital><recital xml:id="rec_d5e115"><num>(4)</num><p>Spain has requested the Commission to withdraw authorisation of the method &apos;Ultrafom 300&apos; from the list of methods authorised to grading pig carcasses on its territory, since the method is no longer in use on its territory.</p></recital><recital xml:id="rec_d5e125"><num>(5)</num><p>Spain has requested the Commission to authorise one new method and updating formulas for three methods for grading pig carcasses on its territory and has presented a detailed description of the dissection trial, indicating the principles on which these methods are based, the results of its dissection trial and the equations used for assessing the percentage of lean meat in the protocol provided for in Article 11(3) of Delegated Regulation (EU) 2017/1182.</p></recital><recital xml:id="rec_d5e131"><num>(6)</num><p>Examination of that request has revealed that the conditions for authorising these grading methods are fulfilled. These grading methods should therefore be authorised in Spain.</p></recital><recital xml:id="rec_d5e137"><num>(7)</num><p>Decision 2009/11/EC should therefore be amended accordingly.</p></recital><recital xml:id="rec_d5e143"><num>(8)</num><p>The measures provided for in this Decision are in accordance with the opinion of the Committee for the Common Organisation of the Agricultural Markets,</p></recital></recitals><formula name="enactingFormula"><p>HAS ADOPTED THIS DECISION:</p></formula></preamble><body><article xml:id="art_d5e153" leos:compliant="false"><num>Article 1</num><heading/><paragraph><subparagraph><content><p>Decision 2009/11/EC is amended as follows:</p></content></subparagraph><list><point><num>(1)</num><alinea><content><p>Article 1 is amended as follows:</p></content></alinea><list><point><num>(a)</num><alinea><content><p>the first paragraph is amended as follows:</p></content></alinea><list><point><num>(i)</num><content><p>point (c) is deleted;</p></content></point><point><num>(ii)</num><alinea><content><p>point (i) is replaced by the following:</p></content></alinea><alinea><content><p><mod><quotedStructure startQuote="" endQuote=""><list><num>&apos;(i)</num><content><p>the &quot;gmSCAN&quot; apparatus and the assessment methods related thereto, details of which are given in Part 9 of the Annex;&apos;;</p></content></list></quotedStructure></mod></p></content></alinea></point><point><num>(iii)</num><alinea><content><p>the following point (j) is added:</p></content></alinea><alinea><content><p><mod><quotedStructure startQuote="" endQuote=""><list><num>&apos;(j)</num><content><p>the &quot;OptiScan TP&quot; apparatus and the assessment methods related thereto, details of which are given in Part 10 of the Annex.&apos;;</p></content></list></quotedStructure></mod></p></content></alinea></point></list></point><point><num>(b)</num><alinea><content><p>the second paragraph is replaced by the following:</p></content></alinea><alinea><content><p><mod><quotedStructure startQuote="" endQuote=""><alinea><content><p>&apos;The manual method ZP with a ruler, referred to in point (g) of the first paragraph, shall only be authorised for abattoirs:</p></content></alinea><list><point><num>(a)</num><content><p>where the number of slaughters does not exceed 700 pigs per week on yearly average basis; and</p></content></point><point><num>(b)</num><content><p>having a slaughter line with a capacity to process no more than 50 pigs per hour.&apos;;</p></content></point></list></quotedStructure></mod></p></content></alinea></point></list></point><point><num>(2)</num><content><p>the Annex is amended in accordance with the Annex to this Decision.</p></content></point></list></paragraph></article><article xml:id="art_d5e258"><num>Article 2</num><heading/><paragraph><content><p>This Decision is addressed to the Kingdom of Spain.</p></content></paragraph></article></body><conclusions><p>Done at Brussels, 23 January 2020.</p><block name="signatory"><signature><organization refersTo="">For the Commission</organization><role refersTo="">Janusz WOJCIECHOWSKI</role><person refersTo="">Member of the Commission</person></signature></block></conclusions></bill></akomaNtoso>