<?xml version="1.0" encoding="UTF-8"?><akomaNtoso xmlns="http://docs.oasis-open.org/legaldocml/ns/akn/3.0" xmlns:fmx="http://formex.publications.europa.eu/schema/formex-05.21-20110601.xd" xmlns:leos="urn:eu:europa:ec:leos" xmlns:xs="http://www.w3.org/2001/XMLSchema"><bill name=""><meta xmlns:fn="http://www.w3.org/2005/xpath-functions"><identification source="~COM"><FRBRWork><FRBRthis value=""/><FRBRuri value=""/><FRBRdate date="2999-01-01" name=""/><FRBRauthor href=""/><FRBRcountry value=""/></FRBRWork><FRBRExpression><FRBRthis value=""/><FRBRuri value=""/><FRBRdate date="2999-01-01" name=""/><FRBRauthor href=""/><FRBRlanguage language="eng"/></FRBRExpression><FRBRManifestation><FRBRthis value=""/><FRBRuri value=""/><FRBRdate date="2999-01-01" name=""/><FRBRauthor href=""/></FRBRManifestation></identification></meta><preface><longTitle><p><docStage/><docType>COMMISSION IMPLEMENTING REGULATION (EU) 2020/126</docType>of 29 January 2020<docPurpose>fixing the maximum amount of aid for private storage of olive oil within the tendering procedure opened by Implementing Regulation (EU) 2019/1882</docPurpose></p></longTitle></preface><preamble><formula name="actingEntity"><p>THE EUROPEAN COMMISSION,</p></formula><citations><citation><p>Having regard to the Treaty on the Functioning of the European Union,</p></citation><citation><p>Having regard to Council Regulation (EU) No 1370/2013 of 16 December 2013 determining measures on fixing certain aids and refunds related to the common organisation of the markets in agricultural products<authorialNote placement="bottom" marker="1"><p>OJ L 346, 20.12.2013, p. 12.</p></authorialNote>, and in particular point (a) of the first subparagraph of Article 4(2) thereof,</p></citation><citation><p>Having regard to Regulation (EU) No 1308/2013 of the European Parliament and of the Council of 17 December 2013 establishing a common organisation of the markets in agricultural products and repealing Council Regulations (EEC) No 922/72, (EEC) No 234/79, (EC) No 1037/2001 and (EC) No 1234/2007<authorialNote placement="bottom" marker="2"><p>OJ L 347, 20.12.2013, p. 671.</p></authorialNote>, and in particular Article 18(2) thereof,</p></citation></citations><recitals xml:id="recs_d85e79"><intro><p>Whereas:</p></intro><recital xml:id="rec_d85e82"><num>(1)</num><p>Commission Implementing Regulation (EU) 2019/1882<authorialNote placement="bottom" marker="3"><p>Commission Implementing Regulation (EU) 2019/1882 of 8 November 2019 (OJ L 290, 11.11.2019, p. 12).</p></authorialNote> opened a tendering procedure for private storage of olive oil.</p></recital><recital xml:id="rec_d85e98"><num>(2)</num><p>On the basis of the tenders received during the submission sub-period ending on 27 January 2020, the maximum global quantity to be stored, the estimated costs of the storage and other relevant market information, it is appropriate to fix the maximum amount of aid for the storage of 150521,66 tonnes of olive oil for a period of 180 days in order to alleviate the difficult market situation.</p></recital><recital xml:id="rec_d85e110"><num>(3)</num><p>In order to ensure efficient management of the measure, this Regulation should enter into force on the day of its publication in the <i>Official Journal of the European Union</i>.</p></recital><recital xml:id="rec_d85e119"><num>(4)</num><p>The Committee for the Common Organisation of Agricultural Markets has not delivered an opinion within the time limit set by its Chair,</p></recital></recitals><formula name="enactingFormula"><p>HAS ADOPTED THIS REGULATION:</p></formula></preamble><body><article xml:id="art_d85e128"><num>Article 1</num><heading/><paragraph><subparagraph><content><p>For the tenders submitted within the tendering procedure opened by Implementing Regulation (EU) 2019/1882 during the sub-period ending on 27 January 2020, the maximum amount of aid for private storage of olive oil shall be:</p></content></subparagraph><list><point><num>(a)</num><content><p>EUR 0,88 per tonne per day of extra virgin olive oil;</p></content></point><point><num>(b)</num><content><p>EUR 0,88 per tonne per day of virgin olive oil;</p></content></point><point><num>(c)</num><content><p>EUR 0,88 per tonne per day of lampante olive oil.</p></content></point></list></paragraph></article><article xml:id="art_d85e156"><num>Article 2</num><heading/><paragraph><content><p>This Regulation shall enter into force on the day of its publication in the <i>Official Journal of the European Union</i>.</p></content></paragraph></article><clause><content><p>This Regulation shall be binding in its entirety and directly applicable in all Member States.</p></content></clause></body><conclusions><p>Done at Brussels, 29 January 2020.</p><block name="signatory"><signature><organization refersTo="">For the Commission,</organization><role refersTo="">On behalf of the President,</role><person refersTo="">María Ángeles BENÍTEZ SALAS</person><!-- <leos:unknown><P xmlns="" xmlns:xsi="http://www.w3.org/2001/XMLSchema-instance"><HT TYPE="ITALIC">Acting Director-General</HT></P></leo:unknown> --><!-- <leos:unknown><P xmlns="" xmlns:xsi="http://www.w3.org/2001/XMLSchema-instance"><HT TYPE="ITALIC">Directorate-General for Agriculture and Rural Development</HT></P></leo:unknown> --></signature></block></conclusions></bill></akomaNtoso>