<?xml version="1.0" encoding="UTF-8"?><akomaNtoso xmlns="http://docs.oasis-open.org/legaldocml/ns/akn/3.0" xmlns:fmx="http://formex.publications.europa.eu/schema/formex-05.21-20110601.xd" xmlns:leos="urn:eu:europa:ec:leos" xmlns:xs="http://www.w3.org/2001/XMLSchema"><bill name=""><meta xmlns:fn="http://www.w3.org/2005/xpath-functions"><identification source="~COM"><FRBRWork><FRBRthis value=""/><FRBRuri value=""/><FRBRdate date="2999-01-01" name=""/><FRBRauthor href=""/><FRBRcountry value=""/></FRBRWork><FRBRExpression><FRBRthis value=""/><FRBRuri value=""/><FRBRdate date="2999-01-01" name=""/><FRBRauthor href=""/><FRBRlanguage language="eng"/></FRBRExpression><FRBRManifestation><FRBRthis value=""/><FRBRuri value=""/><FRBRdate date="2999-01-01" name=""/><FRBRauthor href=""/></FRBRManifestation></identification></meta><preface><longTitle><p><docStage/><docType>COMMISSION IMPLEMENTING REGULATION (EU) 2020/207</docType>of 14 February 2020<docPurpose>amending Regulation (EU) No 142/2011 as regards imports of petfood from Saudi Arabia</docPurpose></p></longTitle><container name="EEArelevance"><p>(Text with EEA relevance)</p></container></preface><preamble><formula name="actingEntity"><p>THE EUROPEAN COMMISSION,</p></formula><citations><citation><p>Having regard to the Treaty on the Functioning of the European Union,</p></citation><citation><p>Having regard to Regulation (EC) No 1069/2009 of the European Parliament and of the Council of 21 October 2009 laying down health rules as regards animal by-products and derived products not intended for human consumption and repealing Regulation (EC) No 1774/2002<authorialNote placement="bottom" marker="1"><p>OJ L 300, 14.11.2009, p. 1.</p></authorialNote>, and in particular Article 41(4), thereof,</p></citation></citations><recitals xml:id="recs_d296e71"><intro><p>Whereas:</p></intro><recital xml:id="rec_d296e74"><num>(1)</num><p>Commission Regulation (EU) No 142/2011<authorialNote placement="bottom" marker="2"><p>Commission Regulation (EU) No 142/2011 of 25 February 2011 implementing Regulation (EC) No 1069/2009 of the European Parliament and of the Council laying down health rules as regards animal by-products and derived products not intended for human consumption and implementing Council Directive 97/78/EC as regards certain samples and items exempt from veterinary checks at the border under that Directive (OJ L 54, 26.2.2011, p. 1).</p></authorialNote> lays down rules implementing Regulation (EC) No 1069/2009 including public and animal health conditions for imports of petfood.</p></recital><recital xml:id="rec_d296e90"><num>(2)</num><p>The requirements for the importation into and transit through the Union of petfood including dogchews are set out in Section 1 of Chapter II of Annex XIV to Regulation (EU) No 142/2011, including the list of third countries in row 12 of Table 2 thereof.</p></recital><recital xml:id="rec_d296e96"><num>(3)</num><p>The competent authorities of the Kingdom of Saudi Arabia provided the Commission with assurances that the Kingdom of Saudi Arabia can comply with the relevant health conditions and sufficient guarantees for the controls they carry out on the production of petfood obtained from poultry. It is therefore justified to add Saudi Arabia to the list of third countries from where processed petfood of poultry origin may be imported into and transit through the Union.</p></recital><recital xml:id="rec_d296e102"><num>(4)</num><p>Table 2 of Section 1 of Chapter II of Annex XIV to Regulation (EU) No 142/2011 should therefore be amended accordingly.</p></recital><recital xml:id="rec_d296e108"><num>(5)</num><p>The measures provided for in this Regulation are in accordance with the opinion of the Standing Committee on Plants, Animals, Food and Feed,</p></recital></recitals><formula name="enactingFormula"><p>HAS ADOPTED THIS REGULATION:</p></formula></preamble><body><article xml:id="art_d296e117"><num>Article 1</num><heading/><paragraph><content><p>Table 2 of Section 1 of Chapter II of Annex XIV to Regulation (EU) No 142/2011 is amended in accordance with the text set out in the Annex to this Regulation.</p></content></paragraph></article><article xml:id="art_d296e123"><num>Article 2</num><heading/><paragraph><content><p>This Regulation shall enter into force on the twentieth day following that of its publication in the <i>Official Journal of the European Union</i>.</p></content></paragraph></article><clause><content><p>This Regulation shall be binding in its entirety and directly applicable in all Member States.</p></content></clause></body><conclusions><p>Done at Brussels, 14 February 2020.</p><block name="signatory"><signature><organization refersTo="">For the Commission</organization><role refersTo="">The President</role><person refersTo="">Ursula VON DER LEYEN</person></signature></block></conclusions></bill></akomaNtoso>