<?xml version="1.0" encoding="UTF-8"?>L0302020EN110120191024EN00011111<p xmlns="http://docs.oasis-open.org/legaldocml/ns/akn/3.0">Corrigendum to Council Decision (EU) 2019/1815 of 24 October 2019 appointing two members and three alternate members, proposed by the Republic of Slovenia, of the Committee of the Regions</p><p xmlns="http://docs.oasis-open.org/legaldocml/ns/akn/3.0">(Official Journal of the European Union L 278 of 30 October 2019)</p>On page 12, in Article 1, point (b), first indent:<p xmlns="http://docs.oasis-open.org/legaldocml/ns/akn/3.0"><!--default P | TXT -->for:</p><mod xmlns="http://docs.oasis-open.org/legaldocml/ns/akn/3.0"><quotedStructure startQuote="" endQuote=""><list><num>&apos;&#45;</num><p>Mr Aleksander Saša ARESNOVIČ, župan Mestne občine Maribor,&apos;,</p></list></quotedStructure></mod><p xmlns="http://docs.oasis-open.org/legaldocml/ns/akn/3.0"><!--default P | TXT -->read:</p><mod xmlns="http://docs.oasis-open.org/legaldocml/ns/akn/3.0"><quotedStructure startQuote="" endQuote=""><list><num>&apos;&#45;</num><p>Mr Aleksander Saša ARSENOVIČ, župan Mestne občine Maribor,&apos;.</p></list></quotedStructure></mod>