<?xml version="1.0" encoding="UTF-8"?>L0092020EN7210120190715EN0005721721<p xmlns="http://docs.oasis-open.org/legaldocml/ns/akn/3.0">Corrigendum to Council Decision (EU) 2019/1355 of 15 July 2019 on the position to be taken on behalf of the European Union in the EPA Committee established under the stepping stone Economic Partnership Agreement between Côte d&apos;Ivoire, of the one part, and the European Community and its Member States, of the other part, as regards the adoption of Protocol 1 concerning the definition of the concept of &apos;originating products&apos; and methods of administrative cooperation</p><p xmlns="http://docs.oasis-open.org/legaldocml/ns/akn/3.0">(Official Journal of the European Union L 222 of 26 August 2019)</p><num xmlns="http://docs.oasis-open.org/legaldocml/ns/akn/3.0">(1)</num><p xmlns="http://docs.oasis-open.org/legaldocml/ns/akn/3.0">On page 12, draft Decision No …/2019 of the EPA Committee, Annex, Article 7(3), point (b):</p><p xmlns="http://docs.oasis-open.org/legaldocml/ns/akn/3.0"><!--default P | TXT -->for:</p><mod xmlns="http://docs.oasis-open.org/legaldocml/ns/akn/3.0"><quotedStructure startQuote="" endQuote=""><list><num>&apos;(b)</num><p>Côte d&apos;Ivoire and the European Union provide each other, through the European Commission and the Economic Community of the West African States (ECOWAS) Commission, with the details of agreements …&apos;,</p></list></quotedStructure></mod><p xmlns="http://docs.oasis-open.org/legaldocml/ns/akn/3.0"><!--default P | TXT -->read:</p><mod xmlns="http://docs.oasis-open.org/legaldocml/ns/akn/3.0"><quotedStructure startQuote="" endQuote=""><list><num>&apos;(b)</num><p>Côte d&apos;Ivoire and the European Union provide each other, through the European Commission and the EPA National Commission, with the details of agreements …&apos;;</p></list></quotedStructure></mod><num xmlns="http://docs.oasis-open.org/legaldocml/ns/akn/3.0">(2)</num><p xmlns="http://docs.oasis-open.org/legaldocml/ns/akn/3.0">on page 25, draft Decision No …/2019 of the EPA Committee, Annex, Article 33(1):</p><p xmlns="http://docs.oasis-open.org/legaldocml/ns/akn/3.0"><!--default P | TXT -->for:</p><mod xmlns="http://docs.oasis-open.org/legaldocml/ns/akn/3.0"><quotedStructure startQuote="" endQuote=""><paragraph><num>&apos;1.</num><subparagraph><content><p>Côte d&apos;Ivoire and the Member States of the European shall provide each other, via the European Commission and the ECOWAS Commission, with the addresses of the customs authorities competent to issue and verify movement certificates EUR.1, origin declarations and supplier&apos;s declarations, and with specimens of the stamps used in the customs offices for the issue of those certificates.</p></content></subparagraph><subparagraph><content><p>Movement certificates EUR.1 and origin declarations or supplier&apos;s declarations shall be accepted for the purpose of applying preferential treatment from the date the information is received by the European Commission and the ECOWAS Commission.&apos;,</p></content></subparagraph></paragraph></quotedStructure></mod><p xmlns="http://docs.oasis-open.org/legaldocml/ns/akn/3.0"><!--default P | TXT -->read:</p><mod xmlns="http://docs.oasis-open.org/legaldocml/ns/akn/3.0"><quotedStructure startQuote="" endQuote=""><paragraph><num>&apos;1.</num><subparagraph><content><p>Côte d&apos;Ivoire and the Member States of the European shall provide each other, via the European Commission and the EPA National Commission, with the addresses of the customs authorities competent to issue and verify movement certificates EUR.1, origin declarations and supplier&apos;s declarations, and with specimens of the stamps used in the customs offices for the issue of those certificates.</p></content></subparagraph><subparagraph><content><p>Movement certificates EUR.1 and origin declarations or supplier&apos;s declarations shall be accepted for the purpose of applying preferential treatment from the date the information is received by the European Commission and the EPA National Commission.&apos;.</p></content></subparagraph></paragraph></quotedStructure></mod>