<?xml version="1.0" encoding="UTF-8"?><akomaNtoso xmlns="http://docs.oasis-open.org/legaldocml/ns/akn/3.0" xmlns:fmx="http://formex.publications.europa.eu/schema/formex-05.21-20110601.xd" xmlns:leos="urn:eu:europa:ec:leos" xmlns:xs="http://www.w3.org/2001/XMLSchema"><bill name=""><meta xmlns:fn="http://www.w3.org/2005/xpath-functions"><identification source="~COM"><FRBRWork><FRBRthis value=""/><FRBRuri value=""/><FRBRdate date="2999-01-01" name=""/><FRBRauthor href=""/><FRBRcountry value=""/></FRBRWork><FRBRExpression><FRBRthis value=""/><FRBRuri value=""/><FRBRdate date="2999-01-01" name=""/><FRBRauthor href=""/><FRBRlanguage language="eng"/></FRBRExpression><FRBRManifestation><FRBRthis value=""/><FRBRuri value=""/><FRBRdate date="2999-01-01" name=""/><FRBRauthor href=""/></FRBRManifestation></identification></meta><preface><longTitle><p><docStage/><docType>POLITICAL AND SECURITY COMMITTEE DECISION (CFSP) 2020/401</docType>of 12 March 2020<docPurpose>on the appointment of the EU Force Commander for the European Union military operation to contribute to the deterrence, prevention and repression of acts of piracy and armed robbery off the Somali coast (Atalanta) and repealing Decision (CFSP) 2019/1988 (ATALANTA/1/2020)</docPurpose></p></longTitle></preface><preamble><formula name="actingEntity"><p>THE POLITICAL AND SECURITY COMMITTEE,</p></formula><citations><citation><p>Having regard to the Treaty on European Union, and in particular Article 38 thereof,</p></citation><citation><p>Having regard to Council Joint Action 2008/851/CFSP of 10 November 2008 on a European Union military operation to contribute to the deterrence, prevention and repression of acts of piracy and armed robbery off the Somali coast<authorialNote placement="bottom" marker="1"><p>OJ L 301, 12.11.2008, p. 33.</p></authorialNote>, and in particular Article 6(1) thereof,</p></citation></citations><recitals xml:id="recs_d152e68"><intro><p>Whereas:</p></intro><recital xml:id="rec_d152e71"><num>(1)</num><p>Pursuant to Article 6(1) of Joint Action 2008/851/CFSP, the Council authorised the Political and Security Committee (PSC) to take the relevant decisions on the appointment of the EU Force Commander for the European Union military operation to contribute to the deterrence, prevention and repression of acts of piracy and armed robbery off the Somali coast (&apos;EU Force Commander&apos;).</p></recital><recital xml:id="rec_d152e81"><num>(2)</num><p>On 26 November 2019, the PSC adopted Decision (CFSP) 2019/1988<authorialNote placement="bottom" marker="2"><p>Political and Security Committee Decision (CFSP) 2019/1988 of 26 November 2019 on the appointment of the EU Force Commander for the European Union military operation to contribute to the deterrence, prevention and repression of acts of piracy and armed robbery off the Somali coast (Atalanta) and repealing Decision (CFSP) 2019/1245 (ATALANTA/4/2019) (OJ L 308, 29.11.2019, p. 98).</p></authorialNote> appointing Commodore José VIZINHA MIRONES as EU Force Commander.</p></recital><recital xml:id="rec_d152e100"><num>(3)</num><p>The EU Operation Commander has recommended the appointment of Rear Admiral Ignacio VILLANUEVA SERRANO as the new EU Force Commander as from 17 March 2020.</p></recital><recital xml:id="rec_d152e109"><num>(4)</num><p>On 21 February 2020, the EU Military Committee supported that recommendation.</p></recital><recital xml:id="rec_d152e118"><num>(5)</num><p>Decision (CFSP) 2019/1988 should therefore be repealed.</p></recital><recital xml:id="rec_d152e124"><num>(6)</num><p>In accordance with Article 5 of Protocol No 22 on the position of Denmark, annexed to the Treaty on European Union and to the Treaty on the Functioning of the European Union, Denmark does not participate in the elaboration and the implementation of decisions and actions of the Union which have defence implications,</p></recital></recitals><formula name="enactingFormula"><p>HAS ADOPTED THIS DECISION:</p></formula></preamble><body><article xml:id="art_d152e133"><num>Article 1</num><heading/><paragraph><content><p>Rear Admiral Ignacio VILLANUEVA SERRANO is hereby appointed EU Force Commander for the European Union military operation to contribute to the deterrence, prevention and repression of acts of piracy and armed robbery off the Somali coast (Atalanta) as from 17 March 2020.</p></content></paragraph></article><article xml:id="art_d152e141"><num>Article 2</num><heading/><paragraph><content><p>Decision (CFSP) 2019/1988 is repealed.</p></content></paragraph></article><article xml:id="art_d152e147"><num>Article 3</num><heading/><paragraph><content><p>This Decision shall enter into force on 17 March 2020.</p></content></paragraph></article></body><conclusions><p>Done at Brussels, 12 March 2020.</p><block name="signatory"><signature><organization refersTo="">For the Political and Security Committee</organization><role refersTo="">The Chairperson</role><person refersTo="">S. FROM-EMMESBERGER</person></signature></block></conclusions></bill></akomaNtoso>