<?xml version="1.0" encoding="UTF-8"?><akomaNtoso xmlns="http://docs.oasis-open.org/legaldocml/ns/akn/3.0" xmlns:fmx="http://formex.publications.europa.eu/schema/formex-05.21-20110601.xd" xmlns:leos="urn:eu:europa:ec:leos" xmlns:xs="http://www.w3.org/2001/XMLSchema"><bill name=""><meta xmlns:fn="http://www.w3.org/2005/xpath-functions"><identification source="~COM"><FRBRWork><FRBRthis value=""/><FRBRuri value=""/><FRBRdate date="2999-01-01" name=""/><FRBRauthor href=""/><FRBRcountry value=""/></FRBRWork><FRBRExpression><FRBRthis value=""/><FRBRuri value=""/><FRBRdate date="2999-01-01" name=""/><FRBRauthor href=""/><FRBRlanguage language="eng"/></FRBRExpression><FRBRManifestation><FRBRthis value=""/><FRBRuri value=""/><FRBRdate date="2999-01-01" name=""/><FRBRauthor href=""/></FRBRManifestation></identification></meta><preface><longTitle><p><docStage/><docType>COMMISSION IMPLEMENTING REGULATION (EU) 2020/30</docType>of 14 January 2020<docPurpose>amending Implementing Regulation (EU) No 404/2011 as regards detailed rules for the direct electronic exchange of information enacted under the rules of the Common Fisheries Policy</docPurpose></p></longTitle></preface><preamble><formula name="actingEntity"><p>THE EUROPEAN COMMISSION,</p></formula><citations><citation><p>Having regard to the Treaty on the Functioning of the European Union,</p></citation><citation><p>Having regard to Council Regulation (EC) No 1224/2009 of 20 November 2009 establishing a Union control system for ensuring compliance with the rules of the common fisheries policy, amending Regulations (EC) No 847/96, (EC) No 2371/2002, (EC) No 811/2004, (EC) No 768/2005, (EC) No 2115/2005, (EC) No 2166/2005, (EC) No 388/2006, (EC) No 509/2007, (EC) No 676/2007, (EC) No 1098/2007, (EC) No 1300/2008, (EC) No 1342/2008 and repealing Regulations (EEC) No 2847/93, (EC) No 1627/94 and (EC) No 1966/2006<authorialNote placement="bottom" marker="1"><p>OJ L 343, 22.12.2009, p. 1.</p></authorialNote>, and in particular Articles 71, 76 and 111 thereof,</p></citation></citations><recitals xml:id="recs_d22e68"><intro><p>Whereas:</p></intro><recital xml:id="rec_d22e71"><num>(1)</num><p>Rules governing the exchange of data in electronic format between Member States, and between Member States and the Commission or the body designated by it were established in Regulation (EC) No 1224/2009 (&apos;the Control Regulation&apos;). Articles 71, 76 and 83 of that Regulation specifically concern the exchange of inspection and surveillance reports.</p></recital><recital xml:id="rec_d22e81"><num>(2)</num><p>The Commission has developed a new format for the transmission of inspection and surveillance report data that should be used for all future electronic data exchanges referred to in Articles 71, 76 and 83 of the Control Regulation.</p></recital><recital xml:id="rec_d22e87"><num>(3)</num><p>Chapter Ia of Title IX of Commission Implementing Regulation (EU) No 404/2011<authorialNote placement="bottom" marker="2"><p>Commission Implementing Regulation (EU) No 404/2011 of 8 April 2011 laying down detailed rules for the implementation of Council Regulation (EC) No 1224/2009 establishing a Community control system for ensuring compliance with the rules of the Common Fisheries Policy (OJ L 112, 30.4.2011, p. 1).</p></authorialNote> lays down the rules governing the exchange of data between Member States, and between Member States and the Commission or the body designated by it. These rules need to be modified in order to take account of the new format developed by the Commission for inspection and surveillance data as well as new technologies and international standards.</p></recital><recital xml:id="rec_d22e103"><num>(4)</num><p>Since Council Regulation (EC) No 1006/2008<authorialNote placement="bottom" marker="3"><p>Council Regulation (EC) No 1006/2008 of 29 September 2008 concerning authorisations for fishing activities of Community fishing vessels outside Community waters and the access of third country vessels to Community waters, amending Regulations (EEC) No 2847/93 and (EC) No 1627/94 and repealing Regulation (EC) No 3317/94 (OJ L 286, 29.10.2008, p. 33).</p></authorialNote> has been repealed by Regulation (EU) 2017/2403 of the European Parliament and of the Council<authorialNote placement="bottom" marker="4"><p>Regulation (EU) 2017/2403 of the European Parliament and of the Council of 12 December 2017 on the sustainable management of external fishing fleets, and repealing Council Regulation (EC) No 1006/2008 (OJ L 347, 28.12.2017, p. 81).</p></authorialNote>, references to this Regulation in Chapter Ia of Title IX of Implementing Regulation (EU) No 404/2011 should be removed.</p></recital><recital xml:id="rec_d22e129"><num>(5)</num><p>Implementing Regulation (EU) No 404/2011 should therefore be amended accordingly.</p></recital><recital xml:id="rec_d22e135"><num>(6)</num><p>The measures provided for in this Regulation are in accordance with the opinion of the Committee for Fisheries and Aquaculture,</p></recital></recitals><formula name="enactingFormula"><p>HAS ADOPTED THIS REGULATION:</p></formula></preamble><body><article xml:id="art_d22e145" leos:compliant="false"><num>Article 1</num><heading>Amendments to Implementing Regulation (EU) No 404/2011</heading><paragraph><subparagraph><content><p>Implementing Regulation (EU) No 404/2011 is amended as follows:</p></content></subparagraph><list><point><num>(a)</num><alinea><content><p>Article 146a is replaced by the following:</p></content></alinea><alinea><content><p><mod><quotedStructure startQuote="" endQuote=""><article xml:id="art_d22e162"><num>&apos;Article 146a</num><heading/><paragraph><content><p>This Chapter lays down detailed rules for the exchange of data as referred to in Articles 111 and 116 of the Control Regulation, the exchange of inspection and surveillance report data as referred to in Articles 71, 76 and 83 of the Control Regulation, as well as for the notification of catch data as referred to in Article 33(2) and (4) of the Control Regulation.&apos;</p></content></paragraph></article></quotedStructure></mod></p></content></alinea></point><point><num>(b)</num><alinea><content><p>In Article 146i, paragraph 1 is replaced by the following:</p></content></alinea><alinea><content><p><mod><quotedStructure startQuote="" endQuote=""><paragraph><num>&apos;1.</num><content><p>Flag Member States shall use the XML Schema Definition based on the UN/CEFACT P1000-12 as format to transmit to the Commission the aggregated catch data referred to in Article 33(2) and (4) of the Control Regulation.&apos;</p></content></paragraph></quotedStructure></mod></p></content></alinea></point><point><num>(c)</num><alinea><content><p>In Article 146i, paragraph 3 is replaced by the following:</p></content></alinea><alinea><content><p><mod><quotedStructure startQuote="" endQuote=""><paragraph><num>&apos;3.</num><content><p>The catch report quantities shall be based on the quantities landed. If catches are not yet landed, an estimate catch report shall be provided, with the indication &apos;retained on board&apos;. A correction with the exact weight and landing place shall be transmitted before the 15th of the month following the landing.&apos;</p></content></paragraph></quotedStructure></mod></p></content></alinea></point><point><num>(d)</num><alinea><content><p>In Article 146j, paragraph 1 is replaced by the following:</p></content></alinea><alinea><content><p><mod><quotedStructure startQuote="" endQuote=""><paragraph><num>&apos;1.</num><content><p>Amendments to XML formats and implementation documents to be used for all electronic data exchanges between Member States, and between Member States, the Commission or the body designated by it, including the amendments resulting from Articles 146f, 146g, 146h and 146k, shall be decided by the Commission in concert with Member States.&apos;</p></content></paragraph></quotedStructure></mod></p></content></alinea></point><point><num>(e)</num><alinea><content><p>The following Article 146k is added:</p></content></alinea><alinea><content><p><mod><quotedStructure startQuote="" endQuote=""><article xml:id="art_d22e226"><num>&apos;Article 146k</num><heading>Exchange of inspection and surveillance related data</heading><paragraph><num>1.</num><content><p>The format to be used to exchange inspection and surveillance report data, referred to in Articles 71, 76 and 83 of the Control Regulation, between Member States, as well as between Member States and the Commission or the body designated by it, shall be the Inspection and Surveillance Domain XML Schema Definition based on the UN/CEFACT P1000-8.</p></content></paragraph><paragraph><num>2.</num><content><p>As from a date established in concert with Member States in accordance with Article 146j(2), Member State systems shall be capable of sending inspection and surveillance messages and of replying to requests for inspection and surveillance data in accordance with the Inspection and Surveillance Domain XML Schema Definition based on the UN/CEFACT P1000-8.&apos;</p></content></paragraph></article></quotedStructure></mod></p></content></alinea></point><point><num>(f)</num><content><p>In Annex XII, under &apos;P1000 &#45; 7; Vessel Position domain&apos;, the following line is inserted:</p></content></point></list></paragraph><paragraph><content><p>&apos;P1000 &#45; 8; Inspection and Surveillance domain&apos;.</p></content></paragraph></article><article xml:id="art_d22e259"><num>Article 2</num><heading>Entry into force</heading><paragraph><content><p>This Regulation shall enter into force on the twentieth day following that of its publication in the <i>Official Journal of the European Union</i>.</p></content></paragraph></article><clause><content><p>This Regulation shall be binding in its entirety and directly applicable in all Member States.</p></content></clause></body><conclusions><p>Done at Brussels, 14 January 2020.</p><block name="signatory"><signature><organization refersTo="">For the Commission</organization><role refersTo="">The President</role><person refersTo="">Ursula VON DER LEYEN</person></signature></block></conclusions></bill></akomaNtoso>