<?xml version="1.0" encoding="UTF-8"?><akomaNtoso xmlns="http://docs.oasis-open.org/legaldocml/ns/akn/3.0" xmlns:fmx="http://formex.publications.europa.eu/schema/formex-05.21-20110601.xd" xmlns:leos="urn:eu:europa:ec:leos" xmlns:xs="http://www.w3.org/2001/XMLSchema"><bill name=""><meta xmlns:fn="http://www.w3.org/2005/xpath-functions"><identification source="~COM"><FRBRWork><FRBRthis value=""/><FRBRuri value=""/><FRBRdate date="2999-01-01" name=""/><FRBRauthor href=""/><FRBRcountry value=""/></FRBRWork><FRBRExpression><FRBRthis value=""/><FRBRuri value=""/><FRBRdate date="2999-01-01" name=""/><FRBRauthor href=""/><FRBRlanguage language="eng"/></FRBRExpression><FRBRManifestation><FRBRthis value=""/><FRBRuri value=""/><FRBRdate date="2999-01-01" name=""/><FRBRauthor href=""/></FRBRManifestation></identification></meta><preface><longTitle><p><docStage/><docType>COMMISSION IMPLEMENTING REGULATION (EU) 2020/156</docType>of 23 January 2020<docPurpose>registering a geographical indication of a spirit drink under Article 30(2) of Regulation (EU) 2019/787 of the European Parliament and of the Council &apos;Norsk Akevitt&apos;/&apos;Norsk Aquavit&apos;/&apos;Norsk Akvavit&apos;/&apos;Norwegian Aquavit&apos;</docPurpose></p></longTitle></preface><preamble><formula name="actingEntity"><p>THE EUROPEAN COMMISSION,</p></formula><citations><citation><p>Having regard to the Treaty on the Functioning of the European Union,</p></citation><citation><p>Having regard to Regulation (EU) 2019/787 of the European Parliament and of the Council of 17 April 2019 on the definition, description, presentation and labelling of spirit drinks, the use of the names of spirit drinks in the presentation and labelling of other foodstuffs, the protection of geographical indications for spirit drinks, the use of ethyl alcohol and distillates of agricultural origin in alcoholic beverages, and repealing Regulation (EC) No 110/2008<authorialNote placement="bottom" marker="1"><p>OJ L 130, 17.5.2019, p. 1.</p></authorialNote>, and in particular Article 30(2) thereof,</p></citation></citations><recitals xml:id="recs_d191e84"><intro><p>Whereas:</p></intro><recital xml:id="rec_d191e87"><num>(1)</num><p>The Commission examined Norway&apos;s application of 25 November 2016 for registration of the geographical indication &apos;Norsk Akevitt&apos;/&apos;Norsk Aquavit&apos;/&apos;Norsk Akvavit&apos;/&apos;Norwegian Aquavit&apos; pursuant to Article 17(5) of Regulation (EC) No 110/2008 of the European Parliament and of the Council<authorialNote placement="bottom" marker="2"><p>Regulation (EC) No 110/2008 of the European Parliament and of the Council of 15 January 2008 on the definition, description, presentation, labelling and the protection of geographical indications of spirit drinks and repealing Council Regulation (EEC) No 1576/89 (OJ L 39, 13.2.2008, p. 16).</p></authorialNote>.</p></recital><recital xml:id="rec_d191e123"><num>(2)</num><p>Regulation (EU) 2019/787, which replaces Regulation (EC) No 110/2008, entered into force on 25 May 2019. Under Article 49(1) of that Regulation, Chapter III of Regulation (EC) No 110/2008 on geographical indications was repealed with effect from 8 June 2019.</p></recital><recital xml:id="rec_d191e135"><num>(3)</num><p>After concluding that the application complied with Regulation (EC) No 110/2008, the Commission published the main specifications of the technical file in the <i>Official Journal of the European Union</i><authorialNote placement="bottom" marker="3"><p>OJ C 239, 16.7.2019, p. 9.</p></authorialNote> as required by Article 17(6) of that Regulation, in accordance with the first subparagraph of Article 50(4) of Regulation (EU) 2019/787.</p></recital><recital xml:id="rec_d191e149"><num>(4)</num><p>No notice of opposition has been received by the Commission under Article 27(1) of Regulation (EU) 2019/787.</p></recital><recital xml:id="rec_d191e155"><num>(5)</num><p>The indication &apos;Norsk Akevitt&apos;/&apos;Norsk Aquavit&apos;/&apos;Norsk Akvavit&apos;/&apos;Norwegian Aquavit&apos; should therefore be registered as a geographical indication,</p></recital></recitals><formula name="enactingFormula"><p>HAS ADOPTED THIS REGULATION:</p></formula></preamble><body><article xml:id="art_d191e181"><num>Article 1</num><heading/><paragraph><content><p>The geographical indication &apos;Norsk Akevitt&apos;/&apos;Norsk Aquavit&apos;/&apos;Norsk Akvavit&apos;/&apos;Norwegian Aquavit&apos; is hereby registered. This Regulation grants the name &apos;Norsk Akevitt&apos;/&apos;Norsk Aquavit&apos;/&apos;Norsk Akvavit&apos;/&apos;Norwegian Aquavit&apos; the protection referred to in Article 21 of Regulation (EU) 2019/787 in accordance with Article 30(4) of that Regulation.</p></content></paragraph></article><article xml:id="art_d191e220"><num>Article 2</num><heading/><paragraph><content><p>This Regulation shall enter into force on the twentieth day following that of its publication in the <i>Official Journal of the European Union</i>.</p></content></paragraph></article><clause><content><p>This Regulation shall be binding in its entirety and directly applicable in all Member States.</p></content></clause></body><conclusions><p>Done at Brussels, 23 January 2020.</p><block name="signatory"><signature><organization refersTo="">For the Commission,</organization><role refersTo="">On behalf of the President,</role><person refersTo="">Janusz WOJCIECHOWSKI</person><!-- <leos:unknown><P xmlns="" xmlns:xsi="http://www.w3.org/2001/XMLSchema-instance"><HT TYPE="ITALIC">Member of the Commission</HT></P></leo:unknown> --></signature></block></conclusions></bill></akomaNtoso>