<?xml version="1.0" encoding="UTF-8"?><akomaNtoso xmlns="http://docs.oasis-open.org/legaldocml/ns/akn/3.0" xmlns:fmx="http://formex.publications.europa.eu/schema/formex-05.21-20110601.xd" xmlns:leos="urn:eu:europa:ec:leos" xmlns:xs="http://www.w3.org/2001/XMLSchema"><bill name=""><meta xmlns:fn="http://www.w3.org/2005/xpath-functions"><identification source="~COM"><FRBRWork><FRBRthis value=""/><FRBRuri value=""/><FRBRdate date="2999-01-01" name=""/><FRBRauthor href=""/><FRBRcountry value=""/></FRBRWork><FRBRExpression><FRBRthis value=""/><FRBRuri value=""/><FRBRdate date="2999-01-01" name=""/><FRBRauthor href=""/><FRBRlanguage language="eng"/></FRBRExpression><FRBRManifestation><FRBRthis value=""/><FRBRuri value=""/><FRBRdate date="2999-01-01" name=""/><FRBRauthor href=""/></FRBRManifestation></identification></meta><preface><longTitle><p><docStage/><docType>COUNCIL DECISION (CFSP) 2020/434</docType>of 23 March 2020<docPurpose>amending Decision 2013/34/CFSP on a European Union military mission to contribute to the training of the Malian Armed Forces (EUTM Mali)</docPurpose></p></longTitle></preface><preamble><formula name="actingEntity"><p>THE COUNCIL OF THE EUROPEAN UNION,</p></formula><citations><citation><p>Having regard to the Treaty on European Union, and in particular Article 42(4) and Article 43(2) thereof,</p></citation><citation><p>Having regard to the proposal from the High Representative of the Union for Foreign Affairs and Security Policy,</p></citation></citations><recitals xml:id="recs_d226e59"><intro><p>Whereas:</p></intro><recital xml:id="rec_d226e62"><num>(1)</num><p>On 17 January 2013, the Council adopted Decision 2013/34/CFSP<authorialNote placement="bottom" marker="1"><p>Council Decision 2013/34/CFSP of 17 January 2013 on a European Union military mission to contribute to the training of the Malian Armed Forces (EUTM Mali) (OJ L 14, 18.1.2013, p. 19).</p></authorialNote> concerning a European Union military mission to contribute to the training of the Malian Armed Forces (EUTM Mali).</p></recital><recital xml:id="rec_d226e81"><num>(2)</num><p>On 14 May 2018, the Council adopted Decision (CFSP) 2018/716<authorialNote placement="bottom" marker="2"><p>Council Decision (CFSP) 2018/716 of 14 May 2018 amending and extending Decision 2013/34/CFSP on a European Union military mission to contribute to the training of the Malian Armed Forces (EUTM Mali) (OJ L 120, 16.5.2018, p. 8).</p></authorialNote> by which it adapted and extended the mandate of EUTM Mali and laid down a financial reference amount for the period from 19 May 2018 to 18 May 2020.</p></recital><recital xml:id="rec_d226e106"><num>(3)</num><p>In its Resolutions 2391 (2017) and 2480 (2019), the UN Security Council affirmed its strong commitment to the sovereignty, independence, unity and territorial integrity of the countries of the Group of Five for the Sahel (G5 Sahel), namely Burkina Faso, Chad, Mali, Mauritania and Niger, commended the contribution of bilateral and multilateral partners to strengthen security capacities in the Sahel region, notably the role of the European Union missions (EUTM Mali, EUCAP Sahel Mali and EUCAP Sahel Niger) in providing training and strategic advice to national security forces in the Sahel region, welcomed the efforts of the French forces to support the operations of the G5 Sahel Joint Force, and called for adequate coordination, exchange of information and, when applicable, support between MINUSMA, the Malian Armed Forces, the G5 Sahel Joint force, the French Forces and the European Union missions in Mali.</p></recital><recital xml:id="rec_d226e112"><num>(4)</num><p>Following the Strategic Review of the Mission, the Political and Security Committee recommended that the mandate of EUTM Mali be amended and extended until 18 May 2024 and that an Interim Strategic Review be carried out at the latest after two years.</p></recital><recital xml:id="rec_d226e121"><num>(5)</num><p>It is also necessary to lay down the financial reference amount intended to cover the expenditure related to EUTM Mali for the period from 19 May 2020 until 18 May 2024.</p></recital><recital xml:id="rec_d226e133"><num>(6)</num><p>Decision 2013/34/CFSP should be amended accordingly,</p></recital></recitals><formula name="enactingFormula"><p>HAS ADOPTED THIS DECISION:</p></formula></preamble><body><article xml:id="art_d226e143" leos:compliant="false"><num>Article 1</num><heading/><paragraph><subparagraph><content><p>Council Decision 2013/34/CFSP is amended as follows:</p></content></subparagraph><list><point><num>(1)</num><alinea><content><p>Article 1 is replaced by the following:</p></content></alinea><alinea><content><p><mod><quotedStructure startQuote="" endQuote=""><article xml:id="art_d226e158"><num>&apos;Article 1</num><heading>Mission</heading><paragraph><num>1.</num><content><p>The Union shall conduct a military training mission in Mali (EUTM Mali) in order to assist the Malian Armed Forces (MAF) in restoring their military capacity with a view to enabling them to conduct military operations aiming at restoring Malian territorial integrity and reducing the threat posed by terrorist groups, and to provide military assistance to the G5 Sahel Joint Force as well as national armed forces in the G5 Sahel countries. EUTM Mali shall not be involved in combat operations.</p></content></paragraph><paragraph><num>2.</num><subparagraph><content><p>The strategic objectives of EUTM Mali shall be to:</p></content></subparagraph><list><point><num>(a)</num><content><p>contribute to improving the operational capacity of the MAF under the control of Mali&apos;s legitimate civilian authorities;</p></content></point><point><num>(b)</num><content><p>support the G5 Sahel through making the G5 Sahel Joint Force and the national armed forces in the G5 Sahel countries operational.</p></content></point></list></paragraph><paragraph><num>3.</num><content><p>For the purpose of the objective referred to in point (a) of paragraph 2, EUTM Mali shall provide the MAF with military advice, training, including pre-deployment training, education and mentoring, through non-executive accompaniment up to the tactical level, in order for EUTM Mali to be able to follow up on the activities of the MAF and to monitor its performance and behaviour, including with regard to the respect for human rights and international humanitarian law.</p></content></paragraph><paragraph><num>4.</num><content><p>For the purpose of the objective referred to in point (b) of paragraph 2, EUTM Mali shall provide the G5 Sahel Joint Force and national armed forces in the G5 Sahel countries with military advice, training and mentoring, through non-executive accompaniment up to the tactical level.</p></content></paragraph><paragraph><num>5.</num><content><p>EUTM Mali shall follow a gradual and modular approach for activities outside Mali in support of the G5 Sahel.</p></content></paragraph><paragraph><num>6.</num><content><p>The activities of EUTM Mali shall be conducted in close coordination and cooperation between Member States and Union institutions and bodies, in line with the EU&apos;s Integrated Approach, and with other actors involved in the support to the MAF, in particular the United Nations (UN), the Barkhane operation and the Economic Community of West African States (ECOWAS) to enhance coherence of actions, ensure deconfliction and suitably optimise resources to best effect, with due respect for the Union institutional framework. Those activities shall be supported by the Regional Advisory and Coordination Cell (RACC) in EUCAP Sahel Mali.&apos;;</p></content></paragraph></article></quotedStructure></mod></p></content></alinea></point><point><num>(2)</num><alinea><content><p>in Article 10, the following paragraph is added:</p></content></alinea><alinea><content><p><mod><quotedStructure startQuote="" endQuote=""><paragraph><num>&apos;3.</num><content><p>The financial reference amount for the common costs of EUTM Mali for the period from 19 May 2020 to 18 May 2024 shall be EUR 133711059. The percentage of the reference amount referred to in Article 25(1) of Decision (CFSP) 2015/528 shall be 15 % for commitments and 0 % for payments.&apos;;</p></content></paragraph></quotedStructure></mod></p></content></alinea></point><point><num>(3)</num><alinea><content><p>in Article 12, paragraph 2 is replaced by the following:</p></content></alinea><alinea><content><p><mod><quotedStructure startQuote="" endQuote=""><paragraph><num>&apos;2.</num><content><p>The mandate of EUTM Mali shall end on 18 May 2024.&apos;.</p></content></paragraph></quotedStructure></mod></p></content></alinea></point></list></paragraph></article><article xml:id="art_d226e255"><num>Article 2</num><heading/><paragraph><content><p>This Decision shall enter into force on the date of its adoption.</p></content></paragraph></article></body><conclusions><p>Done at Brussels, 23 March 2020.</p><block name="signatory"><signature><organization refersTo="">For the Council</organization><role refersTo="">The President</role><person refersTo="">A. METELKO-ZGOMBIĆ</person></signature></block></conclusions></bill></akomaNtoso>