<?xml version="1.0" encoding="UTF-8"?><akomaNtoso xmlns="http://docs.oasis-open.org/legaldocml/ns/akn/3.0" xmlns:fmx="http://formex.publications.europa.eu/schema/formex-05.21-20110601.xd" xmlns:leos="urn:eu:europa:ec:leos" xmlns:xs="http://www.w3.org/2001/XMLSchema"><bill name=""><meta xmlns:fn="http://www.w3.org/2005/xpath-functions"><identification source="~COM"><FRBRWork><FRBRthis value=""/><FRBRuri value=""/><FRBRdate date="2999-01-01" name=""/><FRBRauthor href=""/><FRBRcountry value=""/></FRBRWork><FRBRExpression><FRBRthis value=""/><FRBRuri value=""/><FRBRdate date="2999-01-01" name=""/><FRBRauthor href=""/><FRBRlanguage language="eng"/></FRBRExpression><FRBRManifestation><FRBRthis value=""/><FRBRuri value=""/><FRBRdate date="2999-01-01" name=""/><FRBRauthor href=""/></FRBRManifestation></identification></meta><preface><longTitle><p><docStage/><docType>COUNCIL DECISION (EU, Euratom) 2020/266</docType>of 25 February 2020<docPurpose>authorising the opening of negotiations with the United Kingdom of Great Britain and Northern Ireland for a new partnership agreement</docPurpose></p></longTitle></preface><preamble><formula name="actingEntity"><p>THE COUNCIL OF THE EUROPEAN UNION,</p></formula><citations><citation><p>Having regard to the Treaty on the Functioning of the European Union, in particular Article 217, in conjunction with Article 218(3) and (4) thereof,</p></citation><citation><p>Having regard to the Treaty establishing the European Atomic Energy Community, in particular Article 101 thereof,</p></citation><citation><p>Having regard to the recommendation from the European Commission,</p></citation></citations><recitals xml:id="recs_d127e61"><intro><p>Whereas:</p></intro><recital xml:id="rec_d127e64"><num>(1)</num><p>On 1 February 2020, the United Kingdom of Great Britain and Northern Ireland (&apos;the United Kingdom&apos;) withdrew from the European Union.</p></recital><recital xml:id="rec_d127e77"><num>(2)</num><p>The arrangements for the withdrawal are set out in the Agreement on the withdrawal of the United Kingdom of Great Britain and Northern Ireland from the European Union and the European Atomic Energy Community<authorialNote placement="bottom" marker="1"><p>OJ L 29, 31.1.2020, p. 7.</p></authorialNote> (&apos;the Withdrawal Agreement&apos;) negotiated and concluded in accordance with Article 50 of the Treaty on European Union.</p></recital><recital xml:id="rec_d127e93"><num>(3)</num><p>The Withdrawal Agreement entered into force on 1 February 2020 and provides for a transition period during which Union law applies to and in the United Kingdom in accordance with that Agreement. That period will end on 31 December 2020, unless the Joint Committee established by the Withdrawal Agreement adopts, before 1 July 2020, a single decision extending the transition period for up to 1 or 2 years.</p></recital><recital xml:id="rec_d127e108"><num>(4)</num><p>In the guidelines of 23 March 2018, the European Council restated the Union&apos;s determination to have as close as possible a partnership with the United Kingdom in the future. According to those guidelines, such a partnership should cover trade and economic cooperation, and also other areas, in particular the fight against terrorism and international crime, as well as security, defence and foreign policy. The European Council set those guidelines with a view to the opening of negotiations on the overall understanding of the framework for the future relationship that was to be elaborated in a political declaration accompanying and referred to in the Withdrawal Agreement.</p></recital><recital xml:id="rec_d127e117"><num>(5)</num><p>The political declaration that accompanied the Withdrawal Agreement sets out the framework for the future relationship between the European Union and the United Kingdom<authorialNote placement="bottom" marker="2"><p>OJ C 34, 31.1.2020, p. 1.</p></authorialNote> (the &apos;Political Declaration&apos;). It establishes the parameters of an ambitious, broad, deep and flexible partnership across trade and economic cooperation with a comprehensive and balanced Free Trade Agreement at its core, law enforcement and criminal justice, foreign policy, security and defence and wider areas of cooperation.</p></recital><recital xml:id="rec_d127e133"><num>(6)</num><p>Article 184 of the Withdrawal Agreement provides that the Union and the United Kingdom are to use their best endeavours, in good faith and in full respect of their respective legal orders, to take the necessary steps to negotiate expeditiously the agreements governing their future relationship referred to in the Political Declaration and to conduct the relevant procedures for the ratification or conclusion of those agreements, with a view to ensuring that those agreements apply, to the extent possible, as from the end of the transition period.</p></recital><recital xml:id="rec_d127e140"><num>(7)</num><p>In its conclusions of 13 December 2019, the European Council reconfirmed its desire to establish as close as possible a future relationship with the United Kingdom in line with the Political Declaration and respecting the previously agreed guidelines of the European Council, as well as statements and declarations, notably those of 25 November 2018. The European Council reiterated in particular that the future relationship with the United Kingdom will have to be based on a balance of rights and obligations and ensure a level playing field. The European Council welcomed the Commission&apos;s decision to reappoint Mr Michel BARNIER for the negotiations on the future relationship and invited the Commission to submit to the Council a draft comprehensive mandate for a future relationship with the United Kingdom immediately after its withdrawal. The European Council stated that it would follow the negotiations closely and provide further general political directions as necessary.</p></recital><recital xml:id="rec_d127e152"><num>(8)</num><p>Negotiations should therefore be opened with a view to concluding a new partnership agreement with the United Kingdom. The Commission should be nominated as the Union negotiator. For Common Foreign and Security Policy matters, the Commission will conduct negotiations in agreement with the High Representative of the Union for Foreign Affairs and Security Policy,</p></recital></recitals><formula name="enactingFormula"><p>HAS ADOPTED THIS DECISION:</p></formula></preamble><body><article xml:id="art_d127e161"><num>Article 1</num><heading/><paragraph><content><p>The Commission is hereby authorised to open negotiations for a new partnership agreement with the United Kingdom of Great Britain and Northern Ireland.</p></content></paragraph></article><article xml:id="art_d127e166"><num>Article 2</num><heading/><paragraph><content><p>The Commission is hereby nominated as the Union negotiator.</p></content></paragraph></article><article xml:id="art_d127e171"><num>Article 3</num><heading/><paragraph><content><p>The negotiations shall be conducted in consultation with the Working Party on the United Kingdom and in accordance with the directives contained in the addendum, subject to any directives which the Council may subsequently issue to the Commission.</p></content></paragraph></article><article xml:id="art_d127e176"><num>Article 4</num><heading/><paragraph><content><p>This Decision is addressed to the Commission.</p></content></paragraph></article></body><conclusions><p>Done at Brussels, 25 February 2020.</p><block name="signatory"><signature><organization refersTo="">For the Council</organization><role refersTo="">The President</role><person refersTo="">A. METELKO-ZGOMBIĆ</person></signature></block></conclusions></bill></akomaNtoso>