<?xml version="1.0" encoding="UTF-8"?><akomaNtoso xmlns="http://docs.oasis-open.org/legaldocml/ns/akn/3.0" xmlns:fmx="http://formex.publications.europa.eu/schema/formex-05.21-20110601.xd" xmlns:leos="urn:eu:europa:ec:leos" xmlns:xs="http://www.w3.org/2001/XMLSchema"><bill name=""><meta xmlns:fn="http://www.w3.org/2005/xpath-functions"><identification source="~COM"><FRBRWork><FRBRthis value=""/><FRBRuri value=""/><FRBRdate date="2999-01-01" name=""/><FRBRauthor href=""/><FRBRcountry value=""/></FRBRWork><FRBRExpression><FRBRthis value=""/><FRBRuri value=""/><FRBRdate date="2999-01-01" name=""/><FRBRauthor href=""/><FRBRlanguage language="eng"/></FRBRExpression><FRBRManifestation><FRBRthis value=""/><FRBRuri value=""/><FRBRdate date="2999-01-01" name=""/><FRBRauthor href=""/></FRBRManifestation></identification></meta><preface><longTitle><p><docStage/><docType>COMMISSION IMPLEMENTING REGULATION (EU) 2020/147</docType>of 3 February 2020<docPurpose>concerning the authorisation of the preparation of Saccharomyces cerevisiae CNCM I-4407 as a feed additive for weaned piglets, sows (in order to have a benefit for suckling piglets) and dairy cows and amending Regulations (EC) No 2148/2004, (EC) No 1288/2004 and (EC) No 1811/2005 (holder of authorisation S.I. Lesaffre)</docPurpose></p></longTitle><container name="EEArelevance"><p>(Text with EEA relevance)</p></container></preface><preamble><formula name="actingEntity"><p>THE EUROPEAN COMMISSION,</p></formula><citations><citation><p>Having regard to the Treaty on the Functioning of the European Union,</p></citation><citation><p>Having regard to Regulation (EC) No 1831/2003 of the European Parliament and of the Council of 22 September 2003 on additives for use in animal nutrition<authorialNote placement="bottom" marker="1"><p>OJ L 268, 18.10.2003, p. 29.</p></authorialNote>, and in particular Article 9(2) thereof,</p></citation></citations><recitals xml:id="recs_d217e74"><intro><p>Whereas:</p></intro><recital xml:id="rec_d217e77"><num>(1)</num><p>Regulation (EC) No 1831/2003 provides for the authorisation of additives for use in animal nutrition and for the grounds and procedures for granting such authorisation.</p></recital><recital xml:id="rec_d217e83"><num>(2)</num><p>Article 10(2) of Regulation (EC) No 1831/2003 provides for the re-evaluation of additives authorised pursuant to Council Directive 70/524/EEC<authorialNote placement="bottom" marker="2"><p>Council Directive 70/524/EEC of 23 November 1970 concerning additives in feedingstuffs (OJ L 270, 14.12.1970, p. 1).</p></authorialNote>.</p></recital><recital xml:id="rec_d217e99"><num>(3)</num><p>The preparation of <i>Saccharomyces cerevisiae</i> CNCM I-4407 (former <i>Saccharomyces cerevisiae</i> NCYC Sc 47) was authorised, without a time limit, in accordance with Directive 70/524/EEC as a feed additive for weaned piglets by Commission Regulation (EC) No 2148/2004<authorialNote placement="bottom" marker="3"><p>Commission Regulation (EC) No 2148/2004 of 16 December 2004 concerning the permanent and provisional authorisations of certain additives and the authorisation of new uses of an additive already authorised in feedingstuffs (OJ L 370, 17.12.2004, p. 24).</p></authorialNote>, for sows by Commission Regulation (EC) No 1288/2004<authorialNote placement="bottom" marker="4"><p>Commission Regulation (EC) No 1288/2004 of 14 July 2004 concerning the permanent authorisation of certain additives and the provisional authorisation of a new use of an additive already authorised in feedingstuffs (OJ L 243, 15.7.2004, p. 10).</p></authorialNote> and for dairy cows by Commission Regulation (EC) No 1811/2005<authorialNote placement="bottom" marker="5"><p>Commission Regulation (EC) No 1811/2005 of 4 November 2005 concerning the provisional and permanent authorisations of certain additives in feedingstuffs and the provisional authorisation of a new use of an additive already authorised in feedingstuffs (OJ L 291, 5.11.2005, p. 12).</p></authorialNote>. That preparation was subsequently entered in the Register of feed additives as an existing product, in accordance with Article 10(1) of Regulation (EC) No 1831/2003.</p></recital><recital xml:id="rec_d217e141"><num>(4)</num><p>In accordance with Article 10(2) of Regulation (EC) No 1831/2003, an application was submitted for the re-evaluation of the preparation of <i>Saccharomyces cerevisiae</i> CNCM I-4407 (former <i>Saccharomyces cerevisiae</i> NCYC Sc 47) as a feed additive for weaned piglets, sows and dairy cows. The applicant requested that additive to be classified in the additive category &apos;zootechnical additives&apos;. That application was accompanied by the particulars and documents required under Article 7(3) of Regulation (EC) No 1831/2003.</p></recital><recital xml:id="rec_d217e157"><num>(5)</num><p>The European Food Safety Authority (&apos;the Authority&apos;) concluded in its opinion of 22 January 2019<authorialNote placement="bottom" marker="6"><p>EFSA Journal 2019; 17(3):5600.</p></authorialNote> that, under the proposed conditions of use, the preparation <i>Saccharomyces cerevisiae</i> CNCM I-4407 does not have an adverse effect on animal health, human health or the environment. The Authority considered that the additive has the potential to improve performance parameters in weaned piglets and sows in order to have a benefit in sucking piglets. It also concluded that the additive showed a positive effect on performance in dairy cows in two studies. The Authority does not consider that there is a need for specific requirements of post-market monitoring. It also verified the report on the method of analysis of the feed additive in feed submitted by the Reference Laboratory set up by Regulation (EC) No 1831/2003.</p></recital><recital xml:id="rec_d217e176"><num>(6)</num><p>Since the additive has already demonstrated the capacity to improve the performance parameters in other dairy ruminants, namely dairy goats, dairy sheep and dairy buffalos, it was considered that the conditions for the demonstration of the efficacy for dairy cows are met by the results of the provided two <i>in vivo</i> studies.</p></recital><recital xml:id="rec_d217e186"><num>(7)</num><p>The assessment of the preparation of <i>Saccharomyces cerevisiae</i> CNCM I-4407 shows that the conditions for authorisation, as provided for in Article 5 of Regulation (EC) No 1831/2003, are satisfied. Accordingly, the use of that preparation should be authorised as specified in the Annex to this Regulation.</p></recital><recital xml:id="rec_d217e195"><num>(8)</num><p>As a consequence of the granting of a new authorisation under Regulation (EC) No 1831/2003, Regulations (EC) No 2148/2004, (EC) No 1288/2004 and (EC) No 1811/2005 should be amended accordingly.</p></recital><recital xml:id="rec_d217e201"><num>(9)</num><p>Since safety reasons do not require the immediate application of the modifications to the conditions of authorisation, it is appropriate to allow a transitional period for interested parties to prepare themselves to meet the new requirements resulting from the authorisation.</p></recital><recital xml:id="rec_d217e208"><num>(10)</num><p>The measures provided for in this Regulation are in accordance with the opinion of the Standing Committee on Plants, Animals, Food and Feed,</p></recital></recitals><formula name="enactingFormula"><p>HAS ADOPTED THIS REGULATION:</p></formula></preamble><body><article xml:id="art_d217e217"><num>Article 1</num><heading/><paragraph><content><p>The preparation specified in the Annex, belonging to the additive category &apos;zootechnical additives&apos; and to the functional group &apos;gut flora stabilisers&apos;, is authorised as an additive in animal nutrition, subject to the conditions laid down in that Annex.</p></content></paragraph></article><article xml:id="art_d217e230"><num>Article 2</num><heading/><paragraph><content><p>In Annex II to Regulation (EC) No 2148/2004, the entry E 1702 on <i>Saccharomyces cerevisiae</i> NCYC Sc 47 is deleted.</p></content></paragraph></article><article xml:id="art_d217e238"><num>Article 3</num><heading/><paragraph><content><p>In Annex I to Regulation (EC) No 1288/2004, the entry E 1702 on <i>Saccharomyces cerevisiae</i> NCYC Sc 47 is deleted.</p></content></paragraph></article><article xml:id="art_d217e246"><num>Article 4</num><heading/><paragraph><content><p>In Annex III to Regulation (EC) No 1811/2005, the entry E 1702 on <i>Saccharomyces cerevisiae</i> NCYC Sc 47 is deleted.</p></content></paragraph></article><article xml:id="art_d217e254"><num>Article 5</num><heading/><paragraph><content><p>The preparation specified in the Annex and feed containing that preparation which are produced and labelled before 24 August 2020 in accordance with the rules applicable before 24 February 2020 may continue to be placed on the market and used until the existing stocks are exhausted.</p></content></paragraph></article><article xml:id="art_d217e265"><num>Article 6</num><heading/><paragraph><content><p>This Regulation shall enter into force on the twentieth day following that of its publication in the <i>Official Journal of the European Union.</i></p></content></paragraph></article><clause><content><p>This Regulation shall be binding in its entirety and directly applicable in all Member States.</p></content></clause></body><conclusions><p>Done at Brussels, 3 February 2020.</p><block name="signatory"><signature><organization refersTo="">For the Commission</organization><role refersTo="">The President</role><person refersTo="">Ursula VON DER LEYEN</person></signature></block></conclusions></bill></akomaNtoso>