<?xml version="1.0" encoding="UTF-8"?><akomaNtoso xmlns="http://docs.oasis-open.org/legaldocml/ns/akn/3.0" xmlns:fmx="http://formex.publications.europa.eu/schema/formex-05.21-20110601.xd" xmlns:leos="urn:eu:europa:ec:leos" xmlns:xs="http://www.w3.org/2001/XMLSchema"><bill name=""><meta xmlns:fn="http://www.w3.org/2005/xpath-functions"><identification source="~COM"><FRBRWork><FRBRthis value=""/><FRBRuri value=""/><FRBRdate date="2999-01-01" name=""/><FRBRauthor href=""/><FRBRcountry value=""/></FRBRWork><FRBRExpression><FRBRthis value=""/><FRBRuri value=""/><FRBRdate date="2999-01-01" name=""/><FRBRauthor href=""/><FRBRlanguage language="eng"/></FRBRExpression><FRBRManifestation><FRBRthis value=""/><FRBRuri value=""/><FRBRdate date="2999-01-01" name=""/><FRBRauthor href=""/></FRBRManifestation></identification></meta><preface><longTitle><p><docStage/><docType>COUNCIL DECISION (EU) 2020/392</docType>of 5 March 2020<docPurpose>on the conclusion of the Sustainable Fisheries Partnership Agreement between the European Union and the Republic of The Gambia and of the Protocol on the implementation of that Partnership Agreement</docPurpose></p></longTitle></preface><preamble><formula name="actingEntity"><p>THE COUNCIL OF THE EUROPEAN UNION,</p></formula><citations><citation><p>Having regard to the Treaty on the Functioning of the European Union, and in particular Article 43 in conjunction with point (a)(v) of the second subparagraph of Article 218(6) and Article 218(7) thereof,</p></citation><citation><p>Having regard to the proposal from the European Commission,</p></citation><citation><p>Having regard to the consent of the European Parliament<authorialNote placement="bottom" marker="1"><p>Consent of 18 December 2019 (not yet published in the Official Journal).</p></authorialNote>,</p></citation><citation><p>Having regard to the Commission recommendation and the Council decision authorising the opening of negotiations,</p></citation></citations><recitals xml:id="recs_d283e70"><intro><p>Whereas:</p></intro><recital xml:id="rec_d283e73"><num>(1)</num><p>In accordance with Council Decision (EU) 2019/1332<authorialNote placement="bottom" marker="2"><p>Council Decision (EU) 2019/1332 of 25 June 2019 on the signing, on behalf of the Union, and provisional application of the Sustainable Fisheries Partnership Agreement between the European Union and the Republic of The Gambia and of the Protocol on the implementation of that Partnership Agreement (OJ L 208, 8.8.2019, p. 1).</p></authorialNote>, the Sustainable Fisheries Partnership Agreement between the European Union and the Republic of The Gambia (&apos;the Partnership Agreement&apos;) and the Protocol on the implementation of the Partnership Agreement (&apos;the Protocol&apos;) were signed on 31 July 2019, subject to their conclusion at a later date.</p></recital><recital xml:id="rec_d283e101"><num>(2)</num><p>The Partnership Agreement repeals the Agreement between the European Economic Community and the Government of the Republic of the Gambia on fishing off the Gambia<authorialNote placement="bottom" marker="3"><p>OJ L 146, 6.6.1987, p. 3.</p></authorialNote>, which entered into force on 2 June 1987.</p></recital><recital xml:id="rec_d283e116"><num>(3)</num><p>The Partnership Agreement and the Protocol have been applied on a provisional basis since the date of their signature.</p></recital><recital xml:id="rec_d283e122"><num>(4)</num><p>The Partnership Agreement and the Protocol should be approved.</p></recital><recital xml:id="rec_d283e128"><num>(5)</num><p>Article 9 of the Partnership Agreement establishes the Joint Committee responsible for monitoring its implementation. Pursuant to that Article and to Articles 5, 6 and 8 of the Protocol, the Joint Committee is able to adopt modifications to the Protocol. In order to facilitate the approval of such amendments, the Commission should be authorised, subject to specific substantive and procedural conditions, to approve them on behalf of the Union under a simplified procedure.</p></recital><recital xml:id="rec_d283e134"><num>(6)</num><p>The Union position on the modifications to the Protocol should be established by the Committee of Permanent Representatives of the Governments of the Member States (Coreper). The proposed modifications will be accepted unless a blocking minority of the Member States in accordance with Article 16(4) of the Treaty on European Union (TEU) objects in Coreper.</p></recital><recital xml:id="rec_d283e141"><num>(7)</num><p>The position to be adopted by the Union in the Joint Committee on other matters should be determined in accordance with the Treaties and established forms of practice,</p></recital></recitals><formula name="enactingFormula"><p>HAS ADOPTED THIS DECISION:</p></formula></preamble><body><article xml:id="art_d283e150"><num>Article 1</num><heading/><paragraph><content><p>The Sustainable Fisheries Partnership Agreement between the European Union and the Republic of The Gambia and the Protocol on the implementation of the Sustainable Fisheries Partnership Agreement between the European Union and the Republic of The Gambia are hereby approved on behalf of the Union<authorialNote placement="bottom" marker="4"><p>The texts of the Partnership Agreement and the Protocol have been published in OJ L 208, 8.8.2019, p. 3, together with the decision on signature.</p></authorialNote>.</p></content></paragraph></article><article xml:id="art_d283e162"><num>Article 2</num><heading/><paragraph><content><p>In accordance with the procedure laid down in the Annex to this Decision, the Commission shall be authorised to approve, on behalf of the Union, the modifications to the Protocol to be adopted by the Joint Committee established under Article 9 of the Partnership Agreement.</p></content></paragraph></article><article xml:id="art_d283e167"><num>Article 3</num><heading/><paragraph><content><p>The President of the Council shall, on behalf of the Union, give the notification provided for in Article 18 of the Partnership Agreement and in Article 16 of the Protocol.</p></content></paragraph></article><article xml:id="art_d283e172"><num>Article 4</num><heading/><paragraph><content><p>This Decision shall enter into force on the date of its adoption.</p></content></paragraph></article></body><conclusions><p>Done at Brussels, 5 March 2020.</p><block name="signatory"><signature><organization refersTo="">For the Council</organization><role refersTo="">The President</role><person refersTo="">T. ĆORIĆ</person></signature></block></conclusions></bill></akomaNtoso>