<?xml version="1.0" encoding="UTF-8"?>L1032020EN1210120200403EN000412121104862020<p xmlns="http://docs.oasis-open.org/legaldocml/ns/akn/3.0"><!--default P | TXT -->Only the original UN/ECE texts have legal effect under international public law. The status and date of entry into force of this Regulation should be checked in the latest version of the UN/ECE status document TRANS/WP.29/343, available at: http://www.unece.org/trans/main/wp29/wp29wgs/wp29gen/wp29fdocstts.html</p><p xmlns="http://docs.oasis-open.org/legaldocml/ns/akn/3.0">UN Regulation No 135 &#45; Uniform provisions concerning the approval of vehicles with regard to their Pole Side Impact performance (PSI) [2020/486]</p><p xmlns="http://docs.oasis-open.org/legaldocml/ns/akn/3.0"><!--default P | TXT -->Incorporating all valid text up to:</p><alinea xmlns="http://docs.oasis-open.org/legaldocml/ns/akn/3.0"><list><indent><num> </num><content><p>Supplement 2 to the 01 series of amendments &#45; Date of entry into force: 29 May 2020</p></content></indent></list></alinea><p xmlns="http://docs.oasis-open.org/legaldocml/ns/akn/3.0"><!--default P | TXT -->This document is meant purely as documentation tool. The authentic and legally binding texts are:</p><alinea xmlns="http://docs.oasis-open.org/legaldocml/ns/akn/3.0"><list><indent><num>-</num><content><p>ECE/TRANS/WP.29/2014/79</p></content></indent><indent><num>-</num><content><p>ECE/TRANS/WP.29/2014/80</p></content></indent><indent><num>-</num><content><p>ECE/TRANS/WP.29/2015/54</p></content></indent><indent><num>-</num><content><p>ECE/TRANS/WP.29/2015/71 and</p></content></indent><indent><num>-</num><content><p>ECE/TRANS/WP.29/2019/111</p></content></indent></list></alinea><!--GR.SEQ is a special position => not treated --><!--GR.SEQ is a special position => not treated --><!--GR.SEQ is a special position => not treated --><!--GR.SEQ is a special position => not treated --><!--GR.SEQ is a special position => not treated --><!--GR.SEQ is a special position => not treated --><!--GR.SEQ is a special position => not treated --><!--GR.SEQ is a special position => not treated --><!--GR.SEQ is a special position => not treated --><!--GR.SEQ is a special position => not treated --><!--GR.SEQ is a special position => not treated -->