<?xml version="1.0" encoding="UTF-8"?><akomaNtoso xmlns="http://docs.oasis-open.org/legaldocml/ns/akn/3.0" xmlns:fmx="http://formex.publications.europa.eu/schema/formex-05.21-20110601.xd" xmlns:leos="urn:eu:europa:ec:leos" xmlns:xs="http://www.w3.org/2001/XMLSchema"><bill name=""><meta xmlns:fn="http://www.w3.org/2005/xpath-functions"><identification source="~COM"><FRBRWork><FRBRthis value=""/><FRBRuri value=""/><FRBRdate date="2999-01-01" name=""/><FRBRauthor href=""/><FRBRcountry value=""/></FRBRWork><FRBRExpression><FRBRthis value=""/><FRBRuri value=""/><FRBRdate date="2999-01-01" name=""/><FRBRauthor href=""/><FRBRlanguage language="eng"/></FRBRExpression><FRBRManifestation><FRBRthis value=""/><FRBRuri value=""/><FRBRdate date="2999-01-01" name=""/><FRBRauthor href=""/></FRBRManifestation></identification></meta><preface><longTitle><p><docStage/><docType>COMMISSION REGULATION (EU) 2020/171</docType>of 6 February 2020<docPurpose>amending Annex XIV to Regulation (EC) No 1907/2006 of the European Parliament and of the Council concerning the Registration, Evaluation, Authorisation and Restriction of Chemicals (REACH)</docPurpose></p></longTitle><container name="EEArelevance"><p>(Text with EEA relevance)</p></container></preface><preamble><formula name="actingEntity"><p>THE EUROPEAN COMMISSION,</p></formula><citations><citation><p>Having regard to the Treaty on the Functioning of the European Union,</p></citation><citation><p>Having regard to Regulation (EC) No 1907/2006 of the European Parliament and of the Council of 18 December 2006 concerning the Registration, Evaluation, Authorisation and Restriction of Chemicals (REACH), establishing a European Chemicals Agency, amending Directive 1999/45/EC and repealing Council Regulation (EEC) No 793/93 and Commission Regulation (EC) No 1488/94 as well as Council Directive 76/769/EEC and Commission Directives 91/155/EEC, 93/67/EEC, 93/105/EC and 2000/21/EC<authorialNote placement="bottom" marker="1"><p>OJ L 396, 30.12.2006, p. 1.</p></authorialNote>, and in particular Articles 58 and 131 thereof,</p></citation></citations><recitals xml:id="recs_d110e71"><intro><p>Whereas:</p></intro><recital xml:id="rec_d110e74"><num>(1)</num><p>The substances 1,2-benzenedicarboxylic acid, dihexyl ester, branched and linear, and dihexyl phthalate and the substance group 1,2-benzenedicarboxylic acid, di-C6-10-alkyl esters; 1,2-benzenedicarboxylic acid, mixed decyl and hexyl and octyl diesters with ≥ 0,3 % of dihexyl phthalate meet the criteria for classification as toxic for reproduction (category 1B) in accordance with Regulation (EC) No 1272/2008 of the European Parliament and of the Council<authorialNote placement="bottom" marker="2"><p>Regulation (EC) No 1272/2008 of the European Parliament and the Council of 16 December 2008 on classification, labelling and packaging of substances and mixtures (OJ L 353, 31.12.2008, p. 1).</p></authorialNote> and therefore meet the criteria for inclusion in Annex XIV to Regulation (EC) No 1907/2006 set out in Article 57(c) of that Regulation.</p></recital><recital xml:id="rec_d110e90"><num>(2)</num><p>The substance trixylyl phosphate meets the criteria for classification as toxic for reproduction (category 1B) in accordance with Regulation (EC) No 1272/2008 and therefore meets the criteria for inclusion in Annex XIV to Regulation (EC) No 1907/2006 set out in Article 57(c) of that Regulation.</p></recital><recital xml:id="rec_d110e96"><num>(3)</num><p>The substances sodium perborate; perboric acid, sodium salt and sodium peroxometaborate meet the criteria for classification as toxic for reproduction (category 1B) in accordance with Regulation (EC) No 1272/2008 and therefore meet the criteria for inclusion in Annex XIV to Regulation (EC) No 1907/2006 set out in Article 57(c) of that Regulation.</p></recital><recital xml:id="rec_d110e102"><num>(4)</num><p>The substances 5-sec-butyl-2-(2,4-dimethylcyclohex-3-en-1-yl)-5-methyl-1,3-dioxane [1], 5-sec-butyl-2-(4,6-dimethylcyclohex-3-en-1-yl)-5-methyl-1,3-dioxane [2] (covering any of the individual stereoisomers of [1] and [2] or any combination thereof) are very persistent and very bioaccumulative in accordance with the criteria set out in Annex XIII to Regulation (EC) No 1907/2006 and therefore meet the criteria for inclusion in Annex XIV to that Regulation set out in Article 57(e) of that Regulation.</p></recital><recital xml:id="rec_d110e108"><num>(5)</num><p>The substances 2-(2H-benzotriazol-2-yl)-4,6-ditertpentylphenol (UV-328); 2,4-di-tert-butyl-6-(5-chlorobenzotriazol-2-yl)phenol (UV-327); 2-(2H-benzotriazol-2-yl)-4-(tert-butyl)-6-(sec-butyl)phenol (UV-350) and 2-benzotriazol-2-yl-4,6-di-tert-butylphenol (UV-320) are persistent, bioaccumulative and toxic and/or very persistent and very bioaccumulative in accordance with the criteria set out in Annex XIII to Regulation (EC) No 1907/2006 and therefore meet the criteria for inclusion in Annex XIV to that Regulation set out in Article 57(d) and/or (e) of that Regulation.</p></recital><recital xml:id="rec_d110e114"><num>(6)</num><p>All the above-mentioned substances have been identified and included in the candidate list in accordance with Article 59 of Regulation (EC) No 1907/2006. They have furthermore been prioritised for inclusion in Annex XIV to Regulation (EC) No 1907/2006 by the European Chemicals Agency (&apos;the Agency&apos;) in its recommendations of 10 November 2016<authorialNote placement="bottom" marker="3"><p>https://echa.europa.eu/documents/10162/13640/7th_axiv_recommendation_november2016_en.pdf</p></authorialNote> and 5 February 2018<authorialNote placement="bottom" marker="4"><p>https://echa.europa.eu/documents/10162/13640/8th_axiv_recommendation_february2018_en.pdf</p></authorialNote>, in accordance with Article 58(3) and (4) of that Regulation. In addition, the Commission has received submissions from interested parties to calls for information on the possible economic, social, health and environmental impacts (costs and benefits) of the inclusion in Annex XIV to Regulation (EC) No 1907/2006 of the substances proposed by the Agency in its draft recommendations.</p></recital><recital xml:id="rec_d110e137"><num>(7)</num><p>For each of the substances included in Annex XIV to Regulation (EC) No 1907/2006 by this Regulation a date from which the placing on the market and the use of the substance shall be prohibited unless an authorisation is granted should be set as required by Article 58(1)(c)(i) of Regulation (EC) No 1907/2006, taking into account the Agency&apos;s capacity to handle applications for authorisation. For each of those substances there are no reasons why the date referred to in Article 58(1)(c)(ii) of Regulation (EC) No 1907/2006 should be set earlier than 18 months before the date referred to in Article 58(1)(c)(i) of that Regulation.</p></recital><recital xml:id="rec_d110e143"><num>(8)</num><p>Article 58(1)(e) in conjunction with Article 58(2) of Regulation (EC) No 1907/2006 provides for the possibility of exemptions of uses or categories of uses in cases where specific Union legislation imposes minimum requirements relating to the protection of human health or the environment ensuring proper control of the risks. In accordance with the information currently available it is not appropriate to set exemptions based on those provisions.</p></recital><recital xml:id="rec_d110e149"><num>(9)</num><p>As there is no information justifying the need for an exemption for product and process orientated research and development, it is not appropriate to consider any such exemption.</p></recital><recital xml:id="rec_d110e156"><num>(10)</num><p>As the available information on the uses of the proposed substances is limited, it is not appropriate to set review periods at this stage, pursuant to Article 58(1)(d) of Regulation (EC) No 1907/2006.</p></recital><recital xml:id="rec_d110e162"><num>(11)</num><p>The substances tetralead trioxide sulphate; pentalead tetraoxide sulphate; orange lead (lead tetroxide) and lead monoxide (lead oxide) meet the criteria for classification as toxic for reproduction (category 1A) in accordance with Regulation (EC) No 1272/2008 and therefore meet the criteria for inclusion in Annex XIV to Regulation (EC) No 1907/2006 set out in Article 57(c) of that Regulation. They have also been identified and included in the candidate list in accordance with Article 59 of Regulation (EC) No 1907/2006 and prioritised for inclusion in Annex XIV to that Regulation by the Agency&apos;s recommendation of 10 November 2016 in accordance with Article 58(3) and (4) of that Regulation. The use of lead and its compounds is covered by Council Directive 98/24/EC<authorialNote placement="bottom" marker="5"><p>Council Directive 98/24/EC of 7 April 1998 on the protection of the health and safety of workers from the risks related to chemical agents at work (fourteenth individual Directive within the meaning of Article 16(1) of Directive 89/391/EEC) (OJ L 131, 5.5.1998, p. 11).</p></authorialNote> and to some extent by Directive 2010/75/EU of the European Parliament and of the Council<authorialNote placement="bottom" marker="6"><p>Directive 2010/75/EU of the European Parliament and of the Council of 24 November 2010 on industrial emissions (integrated pollution prevention and control) (OJ L 334, 17.12.2010, p. 17).</p></authorialNote> and its implementing measures establishing Best Available Techniques (BAT) conclusions. Furthermore the current Union binding occupational limit value and binding biological limit value for lead compounds under Directive 98/24/EC will be reviewed. Therefore, and in view of possible adoption of more stringent measures at the workplace, it is appropriate to postpone a decision on the inclusion of those substances in Annex XIV to Regulation (EC) No 1907/2006. In addition, through implementation of Directive 2010/75/EU and its predecessors, emissions of lead and its compounds to the environment have decreased and continue to decrease as shown by the European Pollutant Release and Transfer Register (E-PRTR) reporting and further reductions are expected as new BAT conclusions are adopted and as permits are updated to reflect them.</p></recital><recital xml:id="rec_d110e191"><num>(12)</num><p>All uses of 1-methyl-2-pyrrolidone (NMP) are restricted in accordance with Annex XVII to Regulation (EC) No 1907/2006. NMP has similar intrinsic properties to those of N,N-dimethylacetamide (DMAC) and N,N-Dimethylformamide (DMF), and the three substances have similar industrial uses and may be considered as interchangeable, at least for some uses, even if in general they cannot be considered &apos;drop-in&apos; alternatives. In view of the similarities of the three substances in order to ensure a consistent regulatory approach<authorialNote placement="bottom" marker="7"><p>https://echa.europa.eu/rmoa/-/dislist/details/0b0236e181ffe81a</p></authorialNote>, the decision on the inclusion of NMP in Annex XIV to Regulation (EC) No 1907/2006 should be postponed, as has been done for DMAC and DMF when the Commission considered the Agency&apos;s recommendations of 17 January 2013<authorialNote placement="bottom" marker="8"><p>https://echa.europa.eu/documents/10162/13640/4th_a_xiv_recommendation_17jan2013_en.pdf</p></authorialNote> and of 6 February 2014<authorialNote placement="bottom" marker="9"><p>https://echa.europa.eu/documents/10162/13640/5th_a_xiv_recommendation_06feb2014_en.pdf</p></authorialNote>, respectively.</p></recital><recital xml:id="rec_d110e218"><num>(13)</num><p>In order to avoid the premature obsolescence of articles or complex products that are no longer produced after the sunset dates referred to in Annex XIV to Regulation (EC) No 1907/2006, some substances (by themselves or in mixtures) included in that Annex need to be available for the production of spare parts as articles or as complex products for the repair of those articles or complex products, where those articles or complex products cannot function as intended without those spare parts, as well as where some Annex XIV substances (by themselves or in mixtures) are necessary for the repair of such articles or complex products. In order to facilitate application for authorisation for those uses, the existing transitional arrangements should be extended, allowing the adoption of implementing measures for simplified application for authorisations in such cases. In addition, the wording of the notes to the table of Annex XIV to Regulation (EC) No 1907/2006 should be revised in order to ensure consistency of the terminology as regards articles and complex products in the light of the judgement of the Court of Justice in Case C-106/14<authorialNote placement="bottom" marker="10"><p>Judgment of the Court of Justice of 10 September 2015, Fédération des entreprises du commerce et de la distribution (FCD) and Fédération des magasins de bricolage et de l&apos;aménagement de la maison (FMB), C-106/14, ECLI:EU:C:2015:576.</p></authorialNote>.</p></recital><recital xml:id="rec_d110e233"><num>(14)</num><p>Regulation (EC) No 1907/2006 should therefore be amended accordingly.</p></recital><recital xml:id="rec_d110e239"><num>(15)</num><p>The measures provided for in this Regulation are in accordance with the opinion of the Committee established under Article 133 of Regulation (EC) No 1907/2006,</p></recital></recitals><formula name="enactingFormula"><p>HAS ADOPTED THIS REGULATION:</p></formula></preamble><body><article xml:id="art_d110e248"><num>Article 1</num><heading/><paragraph><content><p>Annex XIV to Regulation (EC) No 1907/2006 is amended in accordance with the Annex to this Regulation.</p></content></paragraph></article><article xml:id="art_d110e253"><num>Article 2</num><heading/><paragraph><content><p>This Regulation shall enter into force on the twentieth day following that of its publication in the <i>Official Journal of the European Union</i>.</p></content></paragraph></article><clause><content><p>This Regulation shall be binding in its entirety and directly applicable in all Member States.</p></content></clause></body><conclusions><p>Done at Brussels, 6 February 2020.</p><block name="signatory"><signature><organization refersTo="">For the Commission</organization><role refersTo="">The President</role><person refersTo="">Ursula VON DER LEYEN</person></signature></block></conclusions></bill></akomaNtoso>