<?xml version="1.0" encoding="UTF-8"?><akomaNtoso xmlns="http://docs.oasis-open.org/legaldocml/ns/akn/3.0" xmlns:fmx="http://formex.publications.europa.eu/schema/formex-05.21-20110601.xd" xmlns:leos="urn:eu:europa:ec:leos" xmlns:xs="http://www.w3.org/2001/XMLSchema"><bill name=""><meta xmlns:fn="http://www.w3.org/2005/xpath-functions"><identification source="~COM"><FRBRWork><FRBRthis value=""/><FRBRuri value=""/><FRBRdate date="2999-01-01" name=""/><FRBRauthor href=""/><FRBRcountry value=""/></FRBRWork><FRBRExpression><FRBRthis value=""/><FRBRuri value=""/><FRBRdate date="2999-01-01" name=""/><FRBRauthor href=""/><FRBRlanguage language="eng"/></FRBRExpression><FRBRManifestation><FRBRthis value=""/><FRBRuri value=""/><FRBRdate date="2999-01-01" name=""/><FRBRauthor href=""/></FRBRManifestation></identification></meta><preface><longTitle><p><docStage/><docType>COMMISSION IMPLEMENTING REGULATION (EU) 2020/161</docType>of 5 February 2020<docPurpose>concerning the renewal of the authorisation of Bacillus subtilis DSM 17299 as a feed additive for chickens for fattening and repealing Regulation (EC) No 1137/2007 (holder of authorisation Chr. Hansen A/S)</docPurpose></p></longTitle><container name="EEArelevance"><p>(Text with EEA relevance)</p></container></preface><preamble><formula name="actingEntity"><p>THE EUROPEAN COMMISSION,</p></formula><citations><citation><p>Having regard to the Treaty on the Functioning of the European Union,</p></citation><citation><p>Having regard to Regulation (EC) No 1831/2003 of the European Parliament and of the Council of 22 September 2003 on additives for use in animal nutrition<authorialNote placement="bottom" marker="1"><p>OJ L 268, 18.10.2003, p. 29.</p></authorialNote>, and in particular Article 9(2) thereof,</p></citation></citations><recitals xml:id="recs_d293e74"><intro><p>Whereas:</p></intro><recital xml:id="rec_d293e77"><num>(1)</num><p>Regulation (EC) No 1831/2003 provides for the authorisation of additives for use in animal nutrition and for the grounds and procedures for granting and renewing such authorisation.</p></recital><recital xml:id="rec_d293e83"><num>(2)</num><p><i>Bacillus subtilis</i> DSM 17299 was authorised for 10 years as a feed additive for chickens for fattening by Commission Regulation (EC) No 1137/2007<authorialNote placement="bottom" marker="2"><p>Commission Regulation (EC) No 1137/2007 of 1 October 2007 concerning the authorisation of <i>Bacillus subtilis</i> (O35) as a feed additive (OJ L 256, 2.10.2007, p. 5).</p></authorialNote>.</p></recital><recital xml:id="rec_d293e104"><num>(3)</num><p>In accordance with Article 14(1) of Regulation (EC) No 1831/2003, an application was submitted by the holder of that authorisation for the renewal of the authorisation of <i>Bacillus subtilis</i> DSM 17299 as a feed additive for chickens for fattening, requesting that additive to be classified in the additive category &apos;zootechnical additives&apos;. That application was accompanied by the particulars and documents required under Article 14(2) of Regulation (EC) No 1831/2003.</p></recital><recital xml:id="rec_d293e117"><num>(4)</num><p>The European Food Safety Authority (&apos;the Authority&apos;) concluded in its opinion of 2 April 2019<authorialNote placement="bottom" marker="3"><p><i>EFSA Journal</i> 2019;17(4):5687.</p></authorialNote> that the applicant has provided data demonstrating that the additive complies with the existing conditions of authorisation. The Authority confirmed its previous conclusions that <i>Bacillus subtilis</i> DSM 17299 is considered safe for the target species, consumers of products from animals fed with the additive and the environment. It also concluded that there is a potential for users to be exposed via inhalation and that no conclusion could be drawn on the potential for skin and eyes irritancy and dermal sensitisation. Therefore the Commission considers that appropriate protective measures should be taken to prevent adverse effects on human health, in particular as regards the users of the additive</p></recital><recital xml:id="rec_d293e138"><num>(5)</num><p>The assessment of <i>Bacillus subtilis</i> DSM 17299 shows that the conditions for authorisation, as provided for in Article 5 of Regulation (EC) No 1831/2003, are satisfied. Accordingly, the authorisation of that additive should be renewed as specified in the Annex to this Regulation.</p></recital><recital xml:id="rec_d293e147"><num>(6)</num><p>As a consequence of the renewal of the authorisation of <i>Bacillus subtilis</i> DSM 17299 as a feed additive under the conditions laid down in the Annex to this Regulation, Regulation (EC) No 1137/2007 should be repealed.</p></recital><recital xml:id="rec_d293e156"><num>(7)</num><p>The measures provided for in this Regulation are in accordance with the opinion of the Standing Committee on Plants, Animals, Food and Feed,</p></recital></recitals><formula name="enactingFormula"><p>HAS ADOPTED THIS REGULATION:</p></formula></preamble><body><article xml:id="art_d293e166"><num>Article 1</num><heading/><paragraph><content><p>The authorisation of the additive specified in the Annex, belonging to the additive category &apos;zootechnical additives&apos; and to the functional group &apos;gut flora stabilisers&apos;, is renewed subject to the conditions laid down in that Annex.</p></content></paragraph></article><article xml:id="art_d293e179"><num>Article 2</num><heading/><paragraph><content><p>Regulation (EC) No 1137/2007 is repealed.</p></content></paragraph></article><article xml:id="art_d293e184"><num>Article 3</num><heading/><paragraph><content><p>This Regulation shall enter into force on the twentieth day following that of its publication in the <i>Official Journal of the European Union.</i></p></content></paragraph></article><clause><content><p>This Regulation shall be binding in its entirety and directly applicable in all Member States.</p></content></clause></body><conclusions><p>Done at Brussels, 5 February 2020.</p><block name="signatory"><signature><organization refersTo="">For the Commission</organization><role refersTo="">The President</role><person refersTo="">Ursula VON DER LEYEN</person></signature></block></conclusions></bill></akomaNtoso>