<?xml version="1.0" encoding="UTF-8"?><akomaNtoso xmlns="http://docs.oasis-open.org/legaldocml/ns/akn/3.0" xmlns:fmx="http://formex.publications.europa.eu/schema/formex-05.21-20110601.xd" xmlns:leos="urn:eu:europa:ec:leos" xmlns:xs="http://www.w3.org/2001/XMLSchema"><bill name=""><meta xmlns:fn="http://www.w3.org/2005/xpath-functions"><identification source="~COM"><FRBRWork><FRBRthis value=""/><FRBRuri value=""/><FRBRdate date="2999-01-01" name=""/><FRBRauthor href=""/><FRBRcountry value=""/></FRBRWork><FRBRExpression><FRBRthis value=""/><FRBRuri value=""/><FRBRdate date="2999-01-01" name=""/><FRBRauthor href=""/><FRBRlanguage language="eng"/></FRBRExpression><FRBRManifestation><FRBRthis value=""/><FRBRuri value=""/><FRBRdate date="2999-01-01" name=""/><FRBRauthor href=""/></FRBRManifestation></identification></meta><preface><longTitle><p><docStage/><docType>COUNCIL DECISION (EU) 2020/462</docType>of 20 February 2020<docPurpose>establishing the position to be adopted on behalf of the European Union within the Association Committee set up by the Euro-Mediterranean Agreement establishing an association between the European Communities and their Member States, of the one part, and the Kingdom of Morocco, of the other part, concerning the exchange of information for the purpose of evaluating the impact of the Agreement in the form of an Exchange of Letters on the amendment of the Euro-Mediterranean Agreement</docPurpose></p></longTitle></preface><preamble><formula name="actingEntity"><p>THE COUNCIL OF THE EUROPEAN UNION,</p></formula><citations><citation><p>Having regard to the Treaty on the Functioning of the European Union, and in particular the first subparagraph of Article 207(3) and the first subparagraph of Article 207(4) in conjunction with Article 218(9) thereof,</p></citation><citation><p>Having regard to the proposal from the European Commission,</p></citation></citations><recitals xml:id="recs_d212e59"><intro><p>Whereas:</p></intro><recital xml:id="rec_d212e62"><num>(1)</num><p>The Euro-Mediterranean Agreement establishing an association between the European Communities and their Member States, of the one part, and the Kingdom of Morocco, of the other part<authorialNote placement="bottom" marker="1"><p>OJ L 70, 18.3.2000, p. 2.</p></authorialNote> (&apos;the Association Agreement&apos;) was concluded on behalf of the European Union by means of Council and Commission Decision 2000/204/EC, ECSC<authorialNote placement="bottom" marker="2"><p>Council and Commission Decision 2000/204/EC, ECSC of 26 January 2000 on the conclusion of the Euro‐Mediterranean Agreement establishing an association between the European Communities and their Member States, of the one part, and the Kingdom of Morocco, of the other part (OJ L 70, 18.3.2000, p. 1).</p></authorialNote> and entered into force on 1 March 2000.</p></recital><recital xml:id="rec_d212e91"><num>(2)</num><p>By means of Decision (EU) 2019/217<authorialNote placement="bottom" marker="3"><p>Council Decision (EU) 2019/217 of 28 January 2019 on the conclusion of the agreement in the form of an Exchange of Letters between the European Union and the Kingdom of Morocco on the amendment of Protocols 1 and 4 to the Euro-Mediterranean Agreement establishing an association between the European Communities and their Member States, of the one part, and the Kingdom of Morocco, of the other part (OJ L 34, 6.2.2019, p. 1).</p></authorialNote>, the Council approved the conclusion of the Agreement in the form of an Exchange of Letters between the European Union and the Kingdom of Morocco on the amendment of Protocols 1 and 4 to the Association Agreement<authorialNote placement="bottom" marker="4"><p>OJ L 34, 6.2.2019, p. 4.</p></authorialNote> (&apos;the amending Agreement&apos;) with a view to extending the tariff preferences laid down in the Association Agreement to products originating in Western Sahara.</p></recital><recital xml:id="rec_d212e117"><num>(3)</num><p>In accordance with Article 81 of the Association Agreement, an Association Committee was established to manage the Association Agreement. Pursuant to Article 83 of the Association Agreement, the Association Committee has the power to take decisions for the management of the Association Agreement as well as in those areas in which the Council has delegated its powers to it.</p></recital><recital xml:id="rec_d212e123"><num>(4)</num><p>The Association Committee is to adopt, at the latest two months after the entry into force of the amending Agreement, a decision on the arrangements for evaluating the impact of the amending Agreement, in particular on sustainable development and with regard to the advantages for the people concerned and the exploitation of the natural resources of Western Sahara.</p></recital><recital xml:id="rec_d212e129"><num>(5)</num><p>It is appropriate to establish the position to be taken on the Union&apos;s behalf in the Association Committee, as the proposed decision will be binding on the Union.</p></recital><recital xml:id="rec_d212e136"><num>(6)</num><p>In order to monitor the effects of the amending Agreement on the people concerned and the exploitation of the natural resources of the territories in question, the amending Agreement specifically provides for a suitable framework and procedure to allow the parties, on the basis of regular exchanges of information, to evaluate its consequences during implementation. The Union and the Kingdom of Morocco have agreed to exchange information at least once a year by means of the Association Committee. The specific arrangements for the evaluation exercise should therefore be laid down with a view to their adoption by the Association Committee.</p></recital><recital xml:id="rec_d212e142"><num>(7)</num><p>The purpose of the exchange of information coincides with that of the joint report of 11 June 2018 by the Commission and the European External Action Service on the benefits for the people of Western Sahara and the public consultation on extending tariff preferences to products from Western Sahara.</p></recital><recital xml:id="rec_d212e151"><num>(8)</num><p>As regards the impact on the territory&apos;s economy, the information available to date primarily concerns agriculture and fishing, but the preferences concern all products; the data to be exchanged could therefore change according to developments in Western Sahara. Furthermore, the exchange of information does not exclusively concern economic aspects (&apos;benefits&apos; in the narrow sense) but is intended to allow for a broader evaluation covering such aspects as sustainable development and the impact on the exploitation of natural resources.</p></recital><recital xml:id="rec_d212e161"><num>(9)</num><p>The Kingdom of Morocco has also agreed to set up separately a mechanism for collecting statistics on exports to the Union of products originating in Western Sahara, which are to be made available on a monthly basis to the Commission and to custom authorities in the Member States.</p></recital><recital xml:id="rec_d212e168"><num>(10)</num><p>The Kingdom of Morocco will be able, on the basis of existing information systems, to ask the Union for information on production and trade in specific product categories of interest to the Kingdom of Morocco,</p></recital></recitals><formula name="enactingFormula"><p>HAS ADOPTED THIS DECISION:</p></formula></preamble><body><article xml:id="art_d212e177"><num>Article 1</num><heading/><paragraph><content><p>The position to be adopted on behalf of the Union within the EU-Kingdom of Morocco Association Committee set up by the Euro-Mediterranean Agreement establishing an association between the European Communities and their Member States, of the one part, and the Kingdom of Morocco, of the other part, shall be based on the draft Decision of the Association Committee attached to this Decision.</p></content></paragraph></article><article xml:id="art_d212e182"><num>Article 2</num><heading/><paragraph><content><p>This Decision shall enter into force on the date of its adoption.</p></content></paragraph></article></body><conclusions><p>Done at Brussels, 20 February 2020.</p><block name="signatory"><signature><organization refersTo="">For the Council</organization><role refersTo="">The President</role><person refersTo="">B. DIVJAK</person></signature></block></conclusions></bill></akomaNtoso>