<?xml version="1.0" encoding="UTF-8"?>L0512020EN1410120191017EN0006141141<p xmlns="http://docs.oasis-open.org/legaldocml/ns/akn/3.0">Corrigendum to Commission Delegated Regulation (EU) 2019/2199 of 17 October 2019 amending Council Regulation (EC) No 428/2009 setting up a Community regime for the control of exports, transfer, brokering and transit of dual-use items</p><p xmlns="http://docs.oasis-open.org/legaldocml/ns/akn/3.0">(Official Journal of the European Union of L 338 of 30 December 2019)</p><p xmlns="http://docs.oasis-open.org/legaldocml/ns/akn/3.0"><!--default P | TXT -->On page 129, point f is replaced as follows:</p><mod xmlns="http://docs.oasis-open.org/legaldocml/ns/akn/3.0"><quotedStructure startQuote="" endQuote=""><list><num>&apos;f.</num><p>Lithography equipment as follows:</p><list><point><num>1.</num><p>Align and expose step and repeat (direct step on wafer) or step and scan (scanner) equipment for wafer processing using photo-optical or X-ray methods and having any of the following:</p><list><point><num>a.</num><p>A light source wavelength shorter than 193 nm; or</p></point><point><num>b.</num><p>Capable of producing a pattern with a &quot;Minimum Resolvable Feature size&quot; (MRF) of 45 nm or less;</p><p><!--default P | TXT --><i>Technical Note:</i></p><p><!--default P | TXT --><i>The &quot;Minimum Resolvable Feature size&quot; (MRF) is calculated by the following formula:</i></p><p><!--default P | TXT --></p><p><!--default P | TXT --><i>w.tifhere the K factor = 0,35</i></p></point></list></point><point><num>2.</num><p>Imprint lithography equipment capable of producing features of 45 nm or less;</p><p><!--default P | TXT --><i>Note: 3B001.f.2. includes:</i></p><list><indent><num>-</num><content><p><i>Micro contact printing tools</i></p></content></indent><indent><num>-</num><content><p><i>Hot embossing tools</i></p></content></indent><indent><num>-</num><content><p><i>Nano-imprint lithography tools</i></p></content></indent><indent><num>-</num><content><p><i>Step and flash imprint lithography (S-FIL) tools</i></p></content></indent></list></point><point><num>3.</num><p>Equipment specially designed for mask making having all of the following:</p><list><point><num>a.</num><p>A deflected focussed electron beam, ion beam or &quot;laser&quot; beam; and</p></point><point><num>b.</num><p>Having any of the following:</p><list><point><num>1.</num><p>A full-width half-maximum (FWHM) spot size smaller than 65 nm and an image placement less than 17 nm (mean + 3 sigma); or</p></point><point><num>2.</num><p>Not used;</p></point><point><num>3.</num><p>A second-layer overlay error of less than 23 nm (mean + 3 sigma) on the mask;</p></point></list></point></list></point><point><num>4.</num><p>Equipment designed for device processing using direct writing methods, having all of the following:</p><list><point><num>a.</num><p>A deflected focused electron beam; and</p></point><point><num>b.</num><p>Having any of the following:</p><list><point><num>1.</num><p>A minimum beam size equal to or smaller than 15 nm; or</p></point><point><num>2.</num><p>An overlay error less than 27 nm (mean + 3 sigma);&apos;</p></point></list></point></list></point></list></list></quotedStructure></mod>