<?xml version="1.0" encoding="UTF-8"?>L0502020EN2110120190311EN0005211211<p xmlns="http://docs.oasis-open.org/legaldocml/ns/akn/3.0">Corrigendum to Commission Delegated Regulation (EU) 2019/2016 of 11 March 2019 supplementing Regulation (EU) 2017/1369 of the European Parliament and of the Council with regard to energy labelling of refrigerating appliances and repealing Commission Delegated Regulation (EU) No 1060/2010</p><p xmlns="http://docs.oasis-open.org/legaldocml/ns/akn/3.0">(Official Journal of the European Union L 315 of 5 December 2019)</p><num xmlns="http://docs.oasis-open.org/legaldocml/ns/akn/3.0">(1)</num><p xmlns="http://docs.oasis-open.org/legaldocml/ns/akn/3.0">On page 112, in Annex II, Table 1 is replaced with the following:</p><p xmlns="http://docs.oasis-open.org/legaldocml/ns/akn/3.0"><!--default P | TXT --><mod><quotedStructure startQuote="" endQuote=""><alinea><content><table class="TBL"><caption>&apos;Table 1<eol/>Energy efficiency classes of refrigerating appliances</caption><tr><th><p><b>Energy efficiency class</b></p></th><th><p><b>Energy efficiency index (EEI)</b></p></th></tr><tr><td><p>A</p></td><td><p>EEI ≤ 41</p></td></tr><tr><td><p>B</p></td><td><p>41 &lt; EEI ≤ 51</p></td></tr><tr><td><p>C</p></td><td><p>51 &lt; EEI ≤ 64</p></td></tr><tr><td><p>D</p></td><td><p>64 &lt; EEI ≤ 80</p></td></tr><tr><td><p>E</p></td><td><p>80 &lt; EEI ≤ 100</p></td></tr><tr><td><p>F</p></td><td><p>100 &lt; EEI ≤ 125</p></td></tr><tr><td><p>G</p></td><td><p>EEI &gt; 125&apos;</p></td></tr></table></content></alinea></quotedStructure></mod></p><num xmlns="http://docs.oasis-open.org/legaldocml/ns/akn/3.0">(2)</num><p xmlns="http://docs.oasis-open.org/legaldocml/ns/akn/3.0">On page 122, in Annex IV, under point 4(a), the formula is replaced with the following:</p><p xmlns="http://docs.oasis-open.org/legaldocml/ns/akn/3.0"><!--default P | TXT --><mod><quotedStructure startQuote="" endQuote=""><p><!--default P | TXT -->&apos;<i>SAE = C</i> × <i>D</i> × <i>Σ <sup>n</sup><sub>c = 1</sub> A<sub>c</sub></i> × <i>B<sub>c</sub></i> ×<i>[V<sub>c</sub>/V]</i> × <i>(N<sub>c</sub> + V</i> × <i>r<sub>c</sub></i> × <i>M<sub>c</sub>)</i>&apos;</p></quotedStructure></mod></p>