<?xml version="1.0" encoding="UTF-8"?><akomaNtoso xmlns="http://docs.oasis-open.org/legaldocml/ns/akn/3.0" xmlns:fmx="http://formex.publications.europa.eu/schema/formex-05.21-20110601.xd" xmlns:leos="urn:eu:europa:ec:leos" xmlns:xs="http://www.w3.org/2001/XMLSchema"><bill name=""><meta xmlns:fn="http://www.w3.org/2005/xpath-functions"><identification source="~COM"><FRBRWork><FRBRthis value=""/><FRBRuri value=""/><FRBRdate date="2999-01-01" name=""/><FRBRauthor href=""/><FRBRcountry value=""/></FRBRWork><FRBRExpression><FRBRthis value=""/><FRBRuri value=""/><FRBRdate date="2999-01-01" name=""/><FRBRauthor href=""/><FRBRlanguage language="eng"/></FRBRExpression><FRBRManifestation><FRBRthis value=""/><FRBRuri value=""/><FRBRdate date="2999-01-01" name=""/><FRBRauthor href=""/></FRBRManifestation></identification></meta><preface><longTitle><p><docStage/><docType>COMMISSION IMPLEMENTING REGULATION (EU) 2020/229</docType>of 19 February 2020<docPurpose>concerning the authorisation of L-tryptophan as a feed additive for all animal species</docPurpose></p></longTitle><container name="EEArelevance"><p>(Text with EEA relevance)</p></container></preface><preamble><formula name="actingEntity"><p>THE EUROPEAN COMMISSION,</p></formula><citations><citation><p>Having regard to the Treaty on the Functioning of the European Union,</p></citation><citation><p>Having regard to Regulation (EC) No 1831/2003 of the European Parliament and of the Council of 22 September 2003 on additives for use in animal nutrition<authorialNote placement="bottom" marker="1"><p>OJ L 268, 18.10.2003, p. 29.</p></authorialNote>, and in particular Article 9(2) thereof,</p></citation></citations><recitals xml:id="recs_d315e71"><intro><p>Whereas:</p></intro><recital xml:id="rec_d315e74"><num>(1)</num><p>Regulation (EC) No 1831/2003 provides for the authorisation of additives for use in animal nutrition and for the grounds and procedures for granting such authorisation.</p></recital><recital xml:id="rec_d315e80"><num>(2)</num><p>In accordance with Article 7 of Regulation (EC) No 1831/2003 applications were submitted for the authorisation of L-tryptophan produced by <i>Escherichia coli</i> KCCM 80135, <i>Escherichia coli</i> KCCM 80152, <i>Escherichia coli</i> CGMCC 7.248 or <i>Corynebacterium glutamicum</i> KCCM 80176. These applications were accompanied by the particulars and documents required under Article 7(3) of that Regulation (EC).</p></recital><recital xml:id="rec_d315e98"><num>(3)</num><p>The applications concern the authorisation of L-tryptophan produced by <i>Escherichia coli</i> KCCM 80135, <i>Escherichia coli</i> KCCM 80152, <i>Escherichia coli</i> CGMCC 7.248 or <i>Corynebacterium glutamicum</i> KCCM 80176 as a feed additive for all animal species, to be classified in the additive category &apos;nutritional additives&apos;.</p></recital><recital xml:id="rec_d315e121"><num>(4)</num><p>The European Food Safety Authority (&apos;the Authority&apos;) concluded in its opinions of 22 January 2019<authorialNote placement="bottom" marker="2"><p>EFSA Journal 2019;17(2):5601.</p></authorialNote>, 2 April 2019<authorialNote placement="bottom" marker="3"><p>EFSA Journal 2019;17(5):5694.</p></authorialNote>, 3 April 2019<authorialNote placement="bottom" marker="4"><p>EFSA Journal 2019;17(5):5695.</p></authorialNote> and of 16 May 2019<authorialNote placement="bottom" marker="5"><p>EFSA Journal 2019;17(6):5729.</p></authorialNote> that, under the proposed conditions of use, L-tryptophan produced by <i>Escherichia coli</i> KCCM 80135, <i>Escherichia coli</i> KCCM 80152, <i>Escherichia coli</i> CGMCC 7.248 or <i>Corynebacterium glutamicum</i> KCCM 80176 does not have an adverse effect on the health of non-ruminant animal, consumer safety or the environment. To be safe for ruminants, the L-tryptophan should be protected against degradation in the rumen. The Authority stated a risk for the users of the additive upon inhalation due to the endotoxin levels of the L-tryptophan produced by <i>Escherichia coli</i> KCCM 80152 and <i>Escherichia coli</i> CGMCC 7.248. Therefore, the Commission considers that appropriate protective measures should be taken to prevent adverse effects on human health, in particular as regards the users of the additive. The Authority considered L-tryptophan produced by <i>Escherichia coli</i> KCCM 80135, <i>Escherichia coli</i> KCCM 80152, <i>Escherichia coli</i> CGMCC 7.248 or <i>Corynebacterium glutamicum</i> KCCM 80176 an efficacious source of the essential amino acid tryptophan for non-ruminant animals; for the supplemental L- tryptophan to be fully efficacious in ruminants, it should be protected against degradation in the rumen. The Authority does not consider that there is a need for specific requirements of post-market monitoring. It also verified the report on the method of analysis of the feed additive in feed submitted by the Reference Laboratory set up by Regulation (EC) No 1831/2003.</p></recital><recital xml:id="rec_d315e188"><num>(5)</num><p>The assessment of L-tryptophan produced by <i>Escherichia coli</i> KCCM 80135, <i>Escherichia coli</i> KCCM 80152, <i>Escherichia coli</i> CGMCC 7.248 or <i>Corynebacterium glutamicum</i> KCCM 80176 shows that the conditions for authorisation, as provided for in Article 5 of Regulation (EC) No 1831/2003, are satisfied. Accordingly, the use of that substance should be authorised as specified in the Annex to this Regulation.</p></recital><recital xml:id="rec_d315e206"><num>(6)</num><p>The measures provided for in this Regulation are in accordance with the opinion of the Standing Committee on Plants, Animals, Food and Feed,</p></recital></recitals><formula name="enactingFormula"><p>HAS ADOPTED THIS REGULATION:</p></formula></preamble><body><article xml:id="art_d315e216"><num>Article 1</num><heading/><paragraph><content><p>The substance specified in the Annex, belonging to the additive category &apos;nutritional additives&apos; and to the functional group &apos;amino acids, their salts and analogues&apos;, is authorised as an additive in animal nutrition subject to the conditions laid down in that Annex.</p></content></paragraph></article><article xml:id="art_d315e229"><num>Article 2</num><heading/><paragraph><content><p>This Regulation shall enter into force on the twentieth day following that of its publication in the <i>Official Journal of the European Union</i>.</p></content></paragraph></article><clause><content><p>This Regulation shall be binding in its entirety and directly applicable in all Member States.</p></content></clause></body><conclusions><p>Done at Brussels, 19 February 2020.</p><block name="signatory"><signature><organization refersTo="">For the Commission</organization><role refersTo="">The President</role><person refersTo="">Ursula VON DER LEYEN</person></signature></block></conclusions></bill></akomaNtoso>