<?xml version="1.0" encoding="UTF-8"?><akomaNtoso xmlns="http://docs.oasis-open.org/legaldocml/ns/akn/3.0" xmlns:fmx="http://formex.publications.europa.eu/schema/formex-05.21-20110601.xd" xmlns:leos="urn:eu:europa:ec:leos" xmlns:xs="http://www.w3.org/2001/XMLSchema"><bill name=""><meta xmlns:fn="http://www.w3.org/2005/xpath-functions"><identification source="~COM"><FRBRWork><FRBRthis value=""/><FRBRuri value=""/><FRBRdate date="2999-01-01" name=""/><FRBRauthor href=""/><FRBRcountry value=""/></FRBRWork><FRBRExpression><FRBRthis value=""/><FRBRuri value=""/><FRBRdate date="2999-01-01" name=""/><FRBRauthor href=""/><FRBRlanguage language="eng"/></FRBRExpression><FRBRManifestation><FRBRthis value=""/><FRBRuri value=""/><FRBRdate date="2999-01-01" name=""/><FRBRauthor href=""/></FRBRManifestation></identification></meta><preface><longTitle><p><docStage/><docType>COMMISSION DIRECTIVE (EU) 2020/367</docType>of 4 March 2020<docPurpose>amending Annex III to Directive 2002/49/EC of the European Parliament and of the Council as regards the establishment of assessment methods for harmful effects of environmental noise</docPurpose></p></longTitle><container name="EEArelevance"><p>(Text with EEA relevance)</p></container></preface><preamble><formula name="actingEntity"><p>THE EUROPEAN COMMISSION,</p></formula><citations><citation><p>Having regard to the Treaty on the Functioning of the European Union,</p></citation><citation><p>Having regard to Directive 2002/49/EC of the European Parliament and of the Council of 25 June 2002 relating to the assessment and management of environmental noise<authorialNote placement="bottom" marker="1"><p>OJ L 189, 18.7.2002, p. 12.</p></authorialNote>, and in particular Article 12 thereof,</p></citation></citations><recitals xml:id="recs_d264e71"><intro><p>Whereas:</p></intro><recital xml:id="rec_d264e74"><num>(1)</num><p>Annex III to Directive 2002/49/EC refers to dose-effect relations to be introduced by way of adaptations of that Annex to technical and scientific progress.</p></recital><recital xml:id="rec_d264e80"><num>(2)</num><p>At the time of adoption of this Directive, the high quality and statistically significant information that could be used was that of the World Health Organisation (WHO) Environmental Noise Guidelines for the European Region<authorialNote placement="bottom" marker="2"><p>Environmental Noise Guidelines for the European Region, World Health Organisation 2018, ISBN 978 92 890 5356 3.</p></authorialNote>, presenting dose-effect relations for harmful effects induced by the exposure to environmental noise. Consequently, the dose-effect relations introduced in Annex III to Directive 2002/49/EC should be based on those guidelines. In particular concerning the statistical significance, the WHO studies were based on representative populations, and the results of these assessment methods are consequently considered relevant when applied to representative populations.</p></recital><recital xml:id="rec_d264e90"><num>(3)</num><p>Beyond the dose-effect relations developed in the context of the WHO, other studies might show different health effect sizes and other health effects, in particular concerning effects of road, railway and aircraft noise in local situations in specific countries. The alternative dose-effect relations established therein could be used provided that they are based on high quality and statistically significant studies.</p></recital><recital xml:id="rec_d264e96"><num>(4)</num><p>Currently, limited knowledge is available on the harmful effects of industrial noise so that it is not possible to propose a common method for their assessment. Also, country specificities were not assessed in studies and therefore could not be included in this Annex. Likewise, while links between environmental noise and the following harmful effects were found, there is currently no sufficient evidence for determining a common method for the assessment of those harmful effects: stroke, hypertension, diabetes and other metabolic health outcomes, cognitive impairment in children, mental health and wellbeing, hearing impairment, tinnitus, adverse birth outcomes. Finally, while the link between railway noise and aircraft noise to the ischaemic heart disease (IHD) is established, for these two sources the quantification of the increased risk of IHD is premature.</p></recital><recital xml:id="rec_d264e103"><num>(5)</num><p>Directive 2002/49/EC should therefore be amended accordingly.</p></recital><recital xml:id="rec_d264e109"><num>(6)</num><p>The measures provided for in this Directive are in accordance with the opinion of the Committee established under Article 13 of Directive 2002/49/EC,</p></recital></recitals><formula name="enactingFormula"><p>HAS ADOPTED THIS DIRECTIVE:</p></formula></preamble><body><article xml:id="art_d264e118"><num>Article 1</num><heading/><paragraph><content><p>Annex III to Directive 2002/49/EC is replaced by the text in the Annex to this Directive.</p></content></paragraph></article><article xml:id="art_d264e123"><num>Article 2</num><heading/><paragraph><num>1.</num><subparagraph><content><p>Member States shall bring into force the laws, regulations and administrative provisions necessary to comply with this Directive by 31 December 2021 at the latest. They shall forthwith communicate to the Commission the text of those provisions.</p></content></subparagraph><subparagraph><content><p>When Member States adopt those provisions, they shall contain a reference to this Directive or be accompanied by such a reference on the occasion of their official publication. Member States shall determine how such reference is to be made.</p></content></subparagraph></paragraph><paragraph><num>2.</num><content><p>Member States shall communicate to the Commission the text of the main provisions of national law which they adopt in the field covered by this Directive.</p></content></paragraph></article><article xml:id="art_d264e141"><num>Article 3</num><heading/><paragraph><content><p>This Directive shall enter into force on the twentieth day following that of its publication in the <i>Official Journal of the European Union</i>.</p></content></paragraph></article><article xml:id="art_d264e149"><num>Article 4</num><heading/><paragraph><content><p>This Directive is addressed to the Member States.</p></content></paragraph></article></body><conclusions><p>Done at Brussels, 4 March 2020.</p><block name="signatory"><signature><organization refersTo="">For the Commission</organization><role refersTo="">Virginijus SINKEVIČIUS</role><person refersTo="">Member of the Commission</person></signature></block></conclusions></bill></akomaNtoso>