<?xml version="1.0" encoding="UTF-8"?><akomaNtoso xmlns="http://docs.oasis-open.org/legaldocml/ns/akn/3.0" xmlns:fmx="http://formex.publications.europa.eu/schema/formex-05.21-20110601.xd" xmlns:leos="urn:eu:europa:ec:leos" xmlns:xs="http://www.w3.org/2001/XMLSchema"><bill name=""><meta xmlns:fn="http://www.w3.org/2005/xpath-functions"><identification source="~COM"><FRBRWork><FRBRthis value=""/><FRBRuri value=""/><FRBRdate date="2999-01-01" name=""/><FRBRauthor href=""/><FRBRcountry value=""/></FRBRWork><FRBRExpression><FRBRthis value=""/><FRBRuri value=""/><FRBRdate date="2999-01-01" name=""/><FRBRauthor href=""/><FRBRlanguage language="eng"/></FRBRExpression><FRBRManifestation><FRBRthis value=""/><FRBRuri value=""/><FRBRdate date="2999-01-01" name=""/><FRBRauthor href=""/></FRBRManifestation></identification></meta><preface><longTitle><p><docStage/><docType>COMMISSION IMPLEMENTING REGULATION (EU) 2020/405</docType>of 16 March 2020<docPurpose>specifying the arrangements for, and contents of, the quality reports to be transmitted under Regulation (EU) 2018/1091 of the European Parliament and of the Council on integrated farm statistics</docPurpose></p></longTitle><container name="EEArelevance"><p>(Text with EEA relevance)</p></container></preface><preamble><formula name="actingEntity"><p>THE EUROPEAN COMMISSION,</p></formula><citations><citation><p>Having regard to the Treaty on the Functioning of the European Union,</p></citation><citation><p>Having regard to Regulation (EU) 2018/1091 of the European Parliament and of the Council of 18 July 2018 on integrated farm statistics and repealing Regulations (EC) No 1166/2008 and (EU) No 1337/2011<authorialNote placement="bottom" marker="1"><p>OJ L 200, 7.8.2018, p. 1.</p></authorialNote>, and in particular Article 11(4) thereof,</p></citation></citations><recitals xml:id="recs_d156e71"><intro><p>Whereas:</p></intro><recital xml:id="rec_d156e74"><num>(1)</num><p>Article 11(4) of Regulation (EU) 2018/1091 requires the Member States to transmit to the Commission quality reports describing the statistical process for each reference year, and allows the Commission to adopt implementing acts setting out the practical arrangements for, and the contents of, those reports.</p></recital><recital xml:id="rec_d156e80"><num>(2)</num><p>There is a need to ensure common quality reporting for the exchange of quality-related data and metadata.</p></recital><recital xml:id="rec_d156e86"><num>(3)</num><p>The measures provided for in this Regulation are in accordance with the opinion of the European Statistical System Committee,</p></recital></recitals><formula name="enactingFormula"><p>HAS ADOPTED THIS REGULATION:</p></formula></preamble><body><article xml:id="art_d156e95"><num>Article 1</num><heading/><paragraph><content><p>This Regulation lays down the practical arrangements for, and the contents of, the quality reports that Member States transmit to the Commission (Eurostat) in accordance with Regulation (EU) 2018/1091.</p></content></paragraph></article><article xml:id="art_d156e100"><num>Article 2</num><heading/><paragraph><content><p>The quality reports referred to in Article 1 shall contain information on the quality criteria and statistical concepts as set out in the Annex to this Regulation. They shall also refer to all cases of non-compliance with those quality criteria.</p></content></paragraph></article><article xml:id="art_d156e105"><num>Article 3</num><heading/><paragraph><content><p>This Regulation shall enter into force on the twentieth day following that of its publication in the <i>Official Journal of the European Union</i>.</p></content></paragraph></article><clause><content><p>This Regulation shall be binding in its entirety and directly applicable in all Member States.</p></content></clause></body><conclusions><p>Done at Brussels, 16 March 2020.</p><block name="signatory"><signature><organization refersTo="">For the Commission</organization><role refersTo="">The President</role><person refersTo="">Ursula VON DER LEYEN</person></signature></block></conclusions></bill></akomaNtoso>