<?xml version="1.0" encoding="UTF-8"?><akomaNtoso xmlns="http://docs.oasis-open.org/legaldocml/ns/akn/3.0" xmlns:fmx="http://formex.publications.europa.eu/schema/formex-05.21-20110601.xd" xmlns:leos="urn:eu:europa:ec:leos" xmlns:xs="http://www.w3.org/2001/XMLSchema"><bill name=""><meta xmlns:fn="http://www.w3.org/2005/xpath-functions"><identification source="~COM"><FRBRWork><FRBRthis value=""/><FRBRuri value=""/><FRBRdate date="2999-01-01" name=""/><FRBRauthor href=""/><FRBRcountry value=""/></FRBRWork><FRBRExpression><FRBRthis value=""/><FRBRuri value=""/><FRBRdate date="2999-01-01" name=""/><FRBRauthor href=""/><FRBRlanguage language="eng"/></FRBRExpression><FRBRManifestation><FRBRthis value=""/><FRBRuri value=""/><FRBRdate date="2999-01-01" name=""/><FRBRauthor href=""/></FRBRManifestation></identification></meta><preface><longTitle><p><docStage/><docType>COUNCIL DECISION (CFSP) 2020/399</docType>of 13 March 2020<docPurpose>amending Decision 2014/145/CFSP concerning restrictive measures in respect of actions undermining or threatening the territorial integrity, sovereignty and independence of Ukraine</docPurpose></p></longTitle></preface><preamble><formula name="actingEntity"><p>THE COUNCIL OF THE EUROPEAN UNION,</p></formula><citations><citation><p>Having regard to the Treaty on European Union, and in particular Article 29 thereof,</p></citation><citation><p>Having regard to the proposal of the High Representative of the Union for Foreign Affairs and Security Policy,</p></citation></citations><recitals xml:id="recs_d135e59"><intro><p>Whereas:</p></intro><recital xml:id="rec_d135e62"><num>(1)</num><p>On 17 March 2014, the Council adopted Decision 2014/145/CFSP<authorialNote placement="bottom" marker="1"><p>Council Decision 2014/145/CFSP of 17 March 2014 concerning restrictive measures in respect of actions undermining or threatening the territorial integrity, sovereignty and independence of Ukraine (OJ L 78, 17.3.2014, p. 16).</p></authorialNote>.</p></recital><recital xml:id="rec_d135e81"><num>(2)</num><p>On 12 September 2019, the Council adopted Decision (CFSP) 2019/1405<authorialNote placement="bottom" marker="2"><p>Council Decision (CFSP) 2019/1405 of 12 September 2019 amending Decision 2014/145/CFSP concerning restrictive measures in respect of actions undermining or threatening the territorial integrity, sovereignty and independence of Ukraine (OJ L 236, 13.9.2019, p. 17).</p></authorialNote>, thereby renewing the measures provided for in Decision 2014/145/CFSP for a further six months.</p></recital><recital xml:id="rec_d135e100"><num>(3)</num><p>In view of the continuing undermining or threatening of the territorial integrity, sovereignty and independence of Ukraine, Decision 2014/145/CFSP should be renewed for a further six months.</p></recital><recital xml:id="rec_d135e106"><num>(4)</num><p>The Council has reviewed the individual designations set out in the Annex to Decision 2014/145/CFSP and decided to amend the information concerning 161 individuals and 11 entities.</p></recital><recital xml:id="rec_d135e112"><num>(5)</num><p>The entries for two deceased persons should be deleted from the list of designated persons and entities.</p></recital><recital xml:id="rec_d135e118"><num>(6)</num><p>Decision 2014/145/CFSP should therefore be amended accordingly,</p></recital></recitals><formula name="enactingFormula"><p>HAS ADOPTED THIS DECISION:</p></formula></preamble><body><article xml:id="art_d135e127" leos:compliant="false"><num>Article 1</num><heading/><paragraph><subparagraph><content><p>Decision 2014/145/CFSP is amended as follows:</p></content></subparagraph><list><point><num>(1)</num><alinea><content><p>in Article 6, the second paragraph is replaced by the following:</p></content></alinea><alinea><content><p><mod><quotedStructure startQuote="" endQuote=""><alinea><content><p>&apos;This Decision shall apply until 15 September 2020.&apos;;</p></content></alinea></quotedStructure></mod></p></content></alinea></point><point><num>(2)</num><content><p>the Annex is amended in accordance with the Annex to this Decision.</p></content></point></list></paragraph></article><article xml:id="art_d135e156"><num>Article 2</num><heading/><paragraph><content><p>This Decision shall enter into force on the day following that of its publication in the <i>Official Journal of the European Union</i>.</p></content></paragraph></article></body><conclusions><p>Done at Brussels, 13 March 2020.</p><block name="signatory"><signature><organization refersTo="">For the Council</organization><role refersTo="">The President</role><person refersTo="">A. METELKO-ZGOMBIĆ</person></signature></block></conclusions></bill></akomaNtoso>