<?xml version="1.0" encoding="UTF-8"?><akomaNtoso xmlns="http://docs.oasis-open.org/legaldocml/ns/akn/3.0" xmlns:fmx="http://formex.publications.europa.eu/schema/formex-05.21-20110601.xd" xmlns:leos="urn:eu:europa:ec:leos" xmlns:xs="http://www.w3.org/2001/XMLSchema"><bill name=""><meta xmlns:fn="http://www.w3.org/2005/xpath-functions"><identification source="~COM"><FRBRWork><FRBRthis value=""/><FRBRuri value=""/><FRBRdate date="2999-01-01" name=""/><FRBRauthor href=""/><FRBRcountry value=""/></FRBRWork><FRBRExpression><FRBRthis value=""/><FRBRuri value=""/><FRBRdate date="2999-01-01" name=""/><FRBRauthor href=""/><FRBRlanguage language="eng"/></FRBRExpression><FRBRManifestation><FRBRthis value=""/><FRBRuri value=""/><FRBRdate date="2999-01-01" name=""/><FRBRauthor href=""/></FRBRManifestation></identification></meta><preface><longTitle><p><docStage/><docType>COMMISSION IMPLEMENTING REGULATION (EU) 2020/157</docType>of 5 February 2020<docPurpose>concerning the authorisation of tartrazine as a feed additive for dogs, cats, ornamental fish, grain-eating ornamental birds and small rodents</docPurpose></p></longTitle><container name="EEArelevance"><p>(Text with EEA relevance)</p></container></preface><preamble><formula name="actingEntity"><p>THE EUROPEAN COMMISSION,</p></formula><citations><citation><p>Having regard to the Treaty on the Functioning of the European Union,</p></citation><citation><p>Having regard to Regulation (EC) No 1831/2003 of the European Parliament and of the Council of 22 September 2003 on additives for use in animal nutrition<authorialNote placement="bottom" marker="1"><p>OJ L 268, 18.10.2003, p. 29.</p></authorialNote>, and in particular Article 9(2) thereof,</p></citation></citations><recitals xml:id="recs_d288e71"><intro><p>Whereas:</p></intro><recital xml:id="rec_d288e74"><num>(1)</num><p>Regulation (EC) No 1831/2003 provides for the authorisation of additives for use in animal nutrition and for the grounds and procedures for granting such authorisation. Article 10(2) of Regulation (EC) No 1831/2003 provides for the re-evaluation of additives authorised pursuant to Council Directive 70/524/EEC<authorialNote placement="bottom" marker="2"><p>Council Directive 70/524/EEC of 23 November 1970 concerning additives in feedingstuffs (OJ L 270, 14.12.1970, p. 1).</p></authorialNote>.</p></recital><recital xml:id="rec_d288e90"><num>(2)</num><p>Tartrazine was authorised without a time limit in accordance with Directive 70/524/EEC as a feed additive for ornamental fish belonging to the group &apos;colourants, including pigments&apos;, under the heading &apos;other colourants&apos;. It was also authorised without a time limit as a feed additive for dogs and cats belonging to the group &apos;colourants, including pigments&apos;, under the heading &apos;colouring agents authorised for colouring foodstuffs by Community rules&apos;. The additive was subsequently entered in the Register of feed additives as an existing product, in accordance with Article 10(1)(b) of Regulation (EC) No 1831/2003. It was also further authorised without a time limit by Commission Regulation (EC) No 358/2005<authorialNote placement="bottom" marker="3"><p>Commission Regulation (EC) No 358/2005 of 2 March 2005 concerning the authorisations without a time limit of certain additives and the authorisation of new uses of additives already authorised in feedingstuffs (OJ L 57, 3.3.2005, p. 3).</p></authorialNote> as a feed additive for grain-eating ornamental birds and small rodents belonging to the group &apos;colourants, including pigments&apos;, under the heading &apos;other colourants&apos;.</p></recital><recital xml:id="rec_d288e132"><num>(3)</num><p>In accordance with Article 10(2) of Regulation (EC) No 1831/2003 in conjunction with Article 7 thereof, an application was submitted for the re-evaluation of tartrazine as a feed additive for ornamental fish, dogs and cats, grain-eating ornamental birds and small rodents. The applicant requested the additive to be classified in the additive category &apos;sensory additives&apos; and in the functional group &apos;colourants&apos;. The application was accompanied by the particulars and documents required under Article 7(3) of Regulation (EC) No 1831/2003.</p></recital><recital xml:id="rec_d288e146"><num>(4)</num><p>The European Food Safety Authority (&apos;the Authority&apos;) concluded in its opinion of 18 October 2016<authorialNote placement="bottom" marker="4"><p><i>EFSA Journal</i> 2016; 14(11):4613.</p></authorialNote> that, under the proposed conditions of use, tartrazine does not have an adverse effect on animal health. It also concluded that the inhalation exposure to tartrazine is regarded as hazardous for the user of the additive, it is considered as a skin sensitiser and that no conclusion could be drawn on the irritancy to skin or eyes. Therefore, the Commission considers that appropriate protective measures should be taken to prevent adverse effects on human health, in particular as regards the users of the additive. In accordance with Commission Regulation (EC) No 429/2008<authorialNote placement="bottom" marker="5"><p>Commission Regulation (EC) No 429/2008 of 25 April 2008 on detailed rules for the implementation of Regulation (EC) No 1831/2003 of the European Parliament and of the Council as regards the preparation and the presentation of applications and the assessment and the authorisation of feed additives (OJ L 133, 22.5.2008, p. 1).</p></authorialNote>, phase I of the environmental risk assessment has determined that tartrazine, as an additive intended for non-food producing animals, is exempted from further assessment due to the unlikelihood of a significant environmental effect, there being no scientifically-based evidence for concern having been identified by the Authority in its above-mentioned opinion. The Authority further concluded that tartrazine is effective in adding colour to feedingstuffs and in favourably affecting the colour of ornamental fish and grain-eating ornamental birds. The Authority does not consider that there is a need for specific requirements of post-market monitoring. It also verified the report on the method of analysis of the feed additive in feed submitted by the Reference Laboratory set up by Regulation (EC) No 1831/2003.</p></recital><recital xml:id="rec_d288e175"><num>(5)</num><p>The assessment of tartrazine shows that the conditions for authorisation, as provided for in Article 5 of Regulation (EC) No 1831/2003, are satisfied. Accordingly, the use of that additive should be authorised as specified in the Annex to this Regulation.</p></recital><recital xml:id="rec_d288e181"><num>(6)</num><p>Since safety reasons do not require the immediate application of the modifications to the conditions of authorisation of the substance concerned, it is appropriate to allow a transitional period for interested parties to prepare themselves to meet the new requirements resulting from the authorisation.</p></recital><recital xml:id="rec_d288e187"><num>(7)</num><p>The measures provided for in this Regulation are in accordance with the opinion of the Standing Committee on Plants, Animals, Food and Feed,</p></recital></recitals><formula name="enactingFormula"><p>HAS ADOPTED THIS REGULATION:</p></formula></preamble><body><article xml:id="art_d288e196"><num>Article 1</num><heading>Authorisation</heading><paragraph><content><p>The substance specified in the Annex, belonging to the additive category &apos;sensory additives&apos; and to the functional group &apos;colourants&apos;, is authorised as an additive in animal nutrition, subject to the conditions laid down in that Annex.</p></content></paragraph></article><article xml:id="art_d288e211"><num>Article 2</num><heading>Transitional measures</heading><paragraph><num>1.</num><content><p>The substance specified in the Annex and premixtures containing that substance, which are produced and labelled before 26 August 2020 in accordance with the rules applicable before 26 February 2020 may continue to be placed on the market and used until the existing stocks are exhausted.</p></content></paragraph><paragraph><num>2.</num><content><p>Feed materials and compound feed containing the substance specified in the Annex which are produced and labelled before 26 February 2022 in accordance with the rules applicable before 26 February 2020 may continue to be placed on the market and used until the existing stocks are exhausted.</p></content></paragraph></article><article xml:id="art_d288e238"><num>Article 3</num><heading>Entry into force</heading><paragraph><content><p>This Regulation shall enter into force on the twentieth day following that of its publication in the <i>Official Journal of the European Union</i>.</p></content></paragraph></article><clause><content><p>This Regulation shall be binding in its entirety and directly applicable in all Member States.</p></content></clause></body><conclusions><p>Done at Brussels, 5 February 2020.</p><block name="signatory"><signature><organization refersTo="">For the Commission</organization><role refersTo="">The President</role><person refersTo="">Ursula VON DER LEYEN</person></signature></block></conclusions></bill></akomaNtoso>