<?xml version="1.0" encoding="UTF-8"?><akomaNtoso xmlns="http://docs.oasis-open.org/legaldocml/ns/akn/3.0" xmlns:fmx="http://formex.publications.europa.eu/schema/formex-05.21-20110601.xd" xmlns:leos="urn:eu:europa:ec:leos" xmlns:xs="http://www.w3.org/2001/XMLSchema"><bill name=""><meta xmlns:fn="http://www.w3.org/2005/xpath-functions"><identification source="~COM"><FRBRWork><FRBRthis value=""/><FRBRuri value=""/><FRBRdate date="2999-01-01" name=""/><FRBRauthor href=""/><FRBRcountry value=""/></FRBRWork><FRBRExpression><FRBRthis value=""/><FRBRuri value=""/><FRBRdate date="2999-01-01" name=""/><FRBRauthor href=""/><FRBRlanguage language="eng"/></FRBRExpression><FRBRManifestation><FRBRthis value=""/><FRBRuri value=""/><FRBRdate date="2999-01-01" name=""/><FRBRauthor href=""/></FRBRManifestation></identification></meta><preface><longTitle><p><docStage/><docType>COUNCIL DECISION (CFSP) 2020/253</docType>of 25 February 2020<docPurpose>amending Decision (CFSP) 2018/906 extending the mandate of the European Union Special Representative for the Sahel</docPurpose></p></longTitle></preface><preamble><formula name="actingEntity"><p>THE COUNCIL OF THE EUROPEAN UNION,</p></formula><citations><citation><p>Having regard to the Treaty on European Union, and in particular Article 33 and Article 31(2) thereof,</p></citation><citation><p>Having regard to the proposal from the High Representative of the Union for Foreign Affairs and Security Policy,</p></citation></citations><recitals xml:id="recs_d141e59"><intro><p>Whereas:</p></intro><recital xml:id="rec_d141e62"><num>(1)</num><p>On 7 December 2015, the Council adopted Decision (CFSP) 2015/2274<authorialNote placement="bottom" marker="1"><p>Council Decision (CFSP) 2015/2274 of 7 December 2015 appointing the European Union Special Representative for the Sahel (OJ L 322, 8.12.2015, p. 44).</p></authorialNote> appointing Mr Ángel LOSADA FERNÁNDEZ as the European Union Special Representative (EUSR) for the Sahel.</p></recital><recital xml:id="rec_d141e81"><num>(2)</num><p>On 25 June 2018, the Council adopted Decision (CFSP) 2018/906<authorialNote placement="bottom" marker="2"><p>Council Decision (CFSP) 2018/906 of 25 June 2018 extending the mandate of the European Union Special Representative for the Sahel (OJ L 161, 26.6.2018, p. 22).</p></authorialNote> extending the mandate of the EUSR for the Sahel. The EUSR&apos;s mandate is to expire on 29 February 2020.</p></recital><recital xml:id="rec_d141e103"><num>(3)</num><p>The mandate of the EUSR for the Sahel should be extended for a further period of 12 months and a new financial reference amount for the period from 1 March 2020 to 28 February 2021 should be established.</p></recital><recital xml:id="rec_d141e115"><num>(4)</num><p>The EUSR for the Sahel will implement the mandate in the context of a situation which may deteriorate and could impede the achievement of the objectives of the Union&apos;s external action as set out in Article 21 of the Treaty,</p></recital></recitals><formula name="enactingFormula"><p>HAS ADOPTED THIS DECISION:</p></formula></preamble><body><article xml:id="art_d141e124" leos:compliant="false"><num>Article 1</num><heading/><paragraph><subparagraph><content><p>Decision (CFSP) 2018/906 is amended as follows:</p></content></subparagraph><list><point><num>(1)</num><alinea><content><p>in Article 1, paragraph 1 is replaced by the following:</p></content></alinea><alinea><content><p><mod><quotedStructure startQuote="" endQuote=""><paragraph><num>&apos;1.</num><content><p>The mandate of Mr Ángel LOSADA FERNÁNDEZ as the European Union Special Representative (EUSR) for the Sahel is extended until 28 February 2021. The Council may decide that the mandate of the EUSR be terminated earlier, based on an assessment by the Political and Security Committee (PSC) and a proposal from the High Representative of the Union for Foreign Affairs and Security Policy (HR).&apos;;</p></content></paragraph></quotedStructure></mod></p></content></alinea></point><point><num>(2)</num><alinea><content><p>in Article 5(1), the following subparagraph is added:</p></content></alinea><alinea><content><p><mod><quotedStructure startQuote="" endQuote=""><alinea><content><p>&apos;The financial reference amount intended to cover the expenditure related to the EUSR&apos;s mandate for the period from 1 March 2020 to 28 February 2021 shall be EUR 1600000.&apos;;</p></content></alinea></quotedStructure></mod></p></content></alinea></point><point><num>(3)</num><alinea><content><p>in Article 14, the following subparagraph is added:</p></content></alinea><alinea><content><p><mod><quotedStructure startQuote="" endQuote=""><alinea><content><p>&apos;The final comprehensive mandate implementation report of the EUSR shall be presented by 30 November 2020.&apos;.</p></content></alinea></quotedStructure></mod></p></content></alinea></point></list></paragraph></article><article xml:id="art_d141e189"><num>Article 2</num><heading/><paragraph><content><p>This Decision shall enter into force on the date of its adoption. It shall apply from 1 March 2020.</p></content></paragraph></article></body><conclusions><p>Done at Brussels, 25 February 2020.</p><block name="signatory"><signature><organization refersTo="">For the Council</organization><role refersTo="">The President</role><person refersTo="">A. METELKO-ZGOMBIĆ</person></signature></block></conclusions></bill></akomaNtoso>