<?xml version="1.0" encoding="UTF-8"?>L0502020EN1910120190311EN0004191202<p xmlns="http://docs.oasis-open.org/legaldocml/ns/akn/3.0">Corrigendum to Commission Delegated Regulation (EU) 2019/2014 of 11 March 2019 supplementing Regulation (EU) 2017/1369 of the European Parliament and of the Council with regard to energy labelling of household washing machines and household washer-dryers and repealing Commission Delegated Regulation (EU) No 1061/2010 and Commission Directive 96/60/EC</p><p xmlns="http://docs.oasis-open.org/legaldocml/ns/akn/3.0">(Official Journal of the European Union L 315 of 5 December 2019)</p><num xmlns="http://docs.oasis-open.org/legaldocml/ns/akn/3.0">1.</num><p xmlns="http://docs.oasis-open.org/legaldocml/ns/akn/3.0">On page 43, in Annex III, under point B, the label is replaced with the following:</p><p xmlns="http://docs.oasis-open.org/legaldocml/ns/akn/3.0"><!--default P | TXT --></p><num xmlns="http://docs.oasis-open.org/legaldocml/ns/akn/3.0">2.</num><p xmlns="http://docs.oasis-open.org/legaldocml/ns/akn/3.0">On page 48, in Annex IV, under point 2.1(c), the formula is replaced with the following:<mod><quotedStructure startQuote="" endQuote=""><p><!--default P | TXT -->&apos;&apos;</p></quotedStructure></mod></p><num xmlns="http://docs.oasis-open.org/legaldocml/ns/akn/3.0">3.</num><p xmlns="http://docs.oasis-open.org/legaldocml/ns/akn/3.0">On page 49, in Annex IV, under point 2.2(c), the formula is replaced with the following:<mod><quotedStructure startQuote="" endQuote=""><p><!--default P | TXT -->&apos;&apos;</p></quotedStructure></mod></p><num xmlns="http://docs.oasis-open.org/legaldocml/ns/akn/3.0">4.</num><p xmlns="http://docs.oasis-open.org/legaldocml/ns/akn/3.0">On page 50, in Annex IV, under point 6.2, the formula is replaced with the following:<mod><quotedStructure startQuote="" endQuote=""><p><!--default P | TXT -->&apos;&apos;</p></quotedStructure></mod></p><num xmlns="http://docs.oasis-open.org/legaldocml/ns/akn/3.0">5.</num><p xmlns="http://docs.oasis-open.org/legaldocml/ns/akn/3.0">On page 51, in Annex IV, under point 7, the formula is replaced with the following:<mod><quotedStructure startQuote="" endQuote=""><p><!--default P | TXT -->&apos;&apos;</p></quotedStructure></mod></p><num xmlns="http://docs.oasis-open.org/legaldocml/ns/akn/3.0">6.</num><p xmlns="http://docs.oasis-open.org/legaldocml/ns/akn/3.0">On page 54, in Annex V, Table 6, the 11th row is replaced with the following:<alinea><content><table class="TBL"><tr><td rowspan="3"><p>&apos;Maximum temperature inside the treated textile (°C) (<sup>a</sup>)</p></td><td><p>Rated washing capacity</p></td><td><p>x</p></td><td rowspan="3"><p>Remaining moisture content (%) (<sup>a</sup>)</p></td><td><p>Rated washing capacity</p></td><td><p>x</p></td></tr><tr><td><p>Half</p></td><td><p>x</p></td><td><p>Half</p></td><td><p>x</p></td></tr><tr><td><p>Quarter</p></td><td><p>x</p></td><td><p>Quarter&apos;</p></td><td><p>x</p></td></tr></table></content></alinea></p>