<?xml version="1.0" encoding="UTF-8"?><akomaNtoso xmlns="http://docs.oasis-open.org/legaldocml/ns/akn/3.0" xmlns:fmx="http://formex.publications.europa.eu/schema/formex-05.21-20110601.xd" xmlns:leos="urn:eu:europa:ec:leos" xmlns:xs="http://www.w3.org/2001/XMLSchema"><bill name=""><meta xmlns:fn="http://www.w3.org/2005/xpath-functions"><identification source="~COM"><FRBRWork><FRBRthis value=""/><FRBRuri value=""/><FRBRdate date="2999-01-01" name=""/><FRBRauthor href=""/><FRBRcountry value=""/></FRBRWork><FRBRExpression><FRBRthis value=""/><FRBRuri value=""/><FRBRdate date="2999-01-01" name=""/><FRBRauthor href=""/><FRBRlanguage language="eng"/></FRBRExpression><FRBRManifestation><FRBRthis value=""/><FRBRuri value=""/><FRBRdate date="2999-01-01" name=""/><FRBRauthor href=""/></FRBRManifestation></identification></meta><preface><longTitle><p><docStage/><docType>COMMISSION IMPLEMENTING REGULATION (EU) 2020/23</docType>of 13 January 2020<docPurpose>concerning the non-renewal of the approval of the active substance thiacloprid, in accordance with Regulation (EC) No 1107/2009 of the European Parliament and of the Council concerning the placing of plant protection products on the market, and amending the Annex to Commission Implementing Regulation (EU) No 540/2011</docPurpose></p></longTitle><container name="EEArelevance"><p>(Text with EEA relevance)</p></container></preface><preamble><formula name="actingEntity"><p>THE EUROPEAN COMMISSION,</p></formula><citations><citation><p>Having regard to the Treaty on the Functioning of the European Union,</p></citation><citation><p>Having regard to Regulation (EC) No 1107/2009 of the European Parliament and of the Council of 21 October 2009 concerning the placing of plant protection products on the market and repealing Council Directives 79/117/EEC and 91/414/EEC<authorialNote placement="bottom" marker="1"><p>OJ L 309, 24.11.2009, p. 1.</p></authorialNote>, and in particular Article 20(1) and Article 78(2) thereof,</p></citation></citations><recitals xml:id="recs_d16e71"><intro><p>Whereas:</p></intro><recital xml:id="rec_d16e74"><num>(1)</num><p>Commission Directive 2004/99/EC<authorialNote placement="bottom" marker="2"><p>Commission Directive 2004/99/EC of 1 October 2004 amending Council Directive 91/414/EEC to include acetamiprid and thiacloprid as active substances (OJ L 309, 6.10.2004, p. 6).</p></authorialNote> included thiacloprid as an active substance in Annex I to Council Directive 91/414/EEC<authorialNote placement="bottom" marker="3"><p>Council Directive 91/414/EEC of 15 July 1991 concerning the placing of plant protection products on the market (OJ L 230, 19.8.1991, p. 1).</p></authorialNote>.</p></recital><recital xml:id="rec_d16e100"><num>(2)</num><p>Active substances included in Annex I to Directive 91/414/EEC are deemed to have been approved under Regulation (EC) No 1107/2009 and are listed in Part A of the Annex to Commission Implementing Regulation (EU) No 540/2011<authorialNote placement="bottom" marker="4"><p>Commission Implementing Regulation (EU) No 540/2011 of 25 May 2011 implementing Regulation (EC) No 1107/2009 of the European Parliament and of the Council as regards the list of approved active substances (OJ L 153, 11.6.2011, p. 1).</p></authorialNote>.</p></recital><recital xml:id="rec_d16e116"><num>(3)</num><p>The approval of the active substance thiacloprid as set out in Part A of the Annex to Implementing Regulation (EU) No 540/2011, expires on 30 April 2020.</p></recital><recital xml:id="rec_d16e125"><num>(4)</num><p>An application for the renewal of the approval of thiacloprid was submitted in accordance with Article 1 of Commission Implementing Regulation (EU) No 844/2012<authorialNote placement="bottom" marker="5"><p>Commission Implementing Regulation (EU) No 844/2012 of 18 September 2012 setting out the provisions necessary for the implementation of the renewal procedure for active substances, as provided for in Regulation (EC) No 1107/2009 of the European Parliament and of the Council concerning the placing of plant protection products on the market (OJ L 252, 19.9.2012, p. 26).</p></authorialNote> within the time period provided for in that Article.</p></recital><recital xml:id="rec_d16e141"><num>(5)</num><p>The applicant submitted the supplementary dossiers required in accordance with Article 6 of Implementing Regulation (EU) No 844/2012. The application was found to be complete by the rapporteur Member State.</p></recital><recital xml:id="rec_d16e148"><num>(6)</num><p>The rapporteur Member State prepared a renewal assessment report in consultation with the co-rapporteur Member State and submitted it to the European Food Safety Authority (&apos;the Authority&apos;) and the Commission on 31 October 2017.</p></recital><recital xml:id="rec_d16e161"><num>(7)</num><p>The Authority made the supplementary summary dossier available to the public. The Authority also circulated the renewal assessment report to the applicant and to the Member States for comments and launched a public consultation on it. The Authority forwarded the comments received to the Commission.</p></recital><recital xml:id="rec_d16e167"><num>(8)</num><p>On 22 January 2019 the Authority communicated to the Commission its conclusion<authorialNote placement="bottom" marker="6"><p>EFSA Journal (2019). Conclusion on the peer review of the pesticide risk assessment of the active substance thiacloprid. EFSA Journal 2019;17(3):5595. doi: 10.2903/j.efsa.2019.5595.</p></authorialNote> on whether thiacloprid can be expected to meet the approval criteria provided for in Article 4 of Regulation (EC) No 1107/2009.</p></recital><recital xml:id="rec_d16e180"><num>(9)</num><p>The Authority identified a critical concern in relation to the contamination of groundwater by metabolites of thiacloprid. In particular, metabolites M30, M34 and M46 are predicted to occur above the parametric drinking water limit of 0,1 μg/L in all pertinent scenarios for all proposed uses of thiacloprid. These metabolites are considered <i>a priori</i> of concern since it cannot be excluded that they share the same carcinogenic properties of the parent active substance thiacloprid, which is classified in accordance with Regulation (EC) No 1272/2008 of the European Parliament and of the Council<authorialNote placement="bottom" marker="7"><p>Regulation (EC) No 1272/2008 of the European Parliament and of the Council of 16 December 2008 on classification, labelling and packaging of substances and mixtures, amending and repealing Directives 67/548/EEC and 1999/45/EC, and amending Regulation (EC) No 1907/2006 (OJ L 353, 31.12.2008, p. 1).</p></authorialNote> as carcinogenic category 2. Therefore, it cannot currently be established that the presence of metabolites of thiacloprid in groundwater will not result in unacceptable effects on groundwater and in harmful effects on human health. The Authority also concluded that the assessment of the risks to aquatic organisms, bees and non-target terrestrial plants could not be finalised based on the information provided in the dossier.</p></recital><recital xml:id="rec_d16e200"><num>(10)</num><p>Additionally, thiacloprid is classified in accordance with Regulation (EC) No 1272/2008 also as toxic for reproduction category 1B. The applicant provided information attempting to demonstrate that exposure of humans to thiacloprid can be considered negligible. The Authority presented the outcome of the assessment of that information in its conclusion. Nevertheless, given the concerns identified in recital 9, a conclusion on whether exposure to humans is negligible for the purposes of point 3.6.4 of Annex II to Regulation (EC) No 1107/2009, is not necessary for the decision on whether the approval of thiacloprid can be renewed.</p></recital><recital xml:id="rec_d16e206"><num>(11)</num><p>Furthermore, given the concerns identified, it is also not possible to provide for an approval in accordance with Article 4(7) to Regulation (EC) No 1107/2009.</p></recital><recital xml:id="rec_d16e212"><num>(12)</num><p>The Commission invited the applicant to submit its comments on the conclusion of the Authority. Furthermore, in accordance with the third paragraph of Article 14(1) of Implementing Regulation (EU) No 844/2012, the Commission invited the applicant to submit comments on the draft renewal report. The applicant submitted its comments, which have been carefully examined.</p></recital><recital xml:id="rec_d16e218"><num>(13)</num><p>However, despite the arguments put forward by the applicant, the concerns regarding the active substance could not be eliminated.</p></recital><recital xml:id="rec_d16e224"><num>(14)</num><p>Consequently, it has not been established with respect to one or more representative uses of at least one plant protection product that the approval criteria provided for in Article 4 of Regulation (EC) No 1107/2009 are satisfied. It is therefore appropriate not to renew the approval of the active substance thiacloprid in accordance with Article 20(1)(b) of that Regulation.</p></recital><recital xml:id="rec_d16e230"><num>(15)</num><p>Implementing Regulation (EU) No 540/2011 should therefore be amended accordingly.</p></recital><recital xml:id="rec_d16e236"><num>(16)</num><p>Member States should be given sufficient time to withdraw authorisations for plant protection products containing thiacloprid.</p></recital><recital xml:id="rec_d16e243"><num>(17)</num><p>For plant protection products containing thiacloprid, where Member States grant any grace period in accordance with Article 46 of Regulation (EC) No 1107/2009, that period should not exceed 12 months.</p></recital><recital xml:id="rec_d16e249"><num>(18)</num><p>Commission Implementing Regulation (EU) 2019/168<authorialNote placement="bottom" marker="8"><p>Commission Implementing Regulation (EU) 2019/168 of 31 January 2019 amending Implementing Regulation (EU) No 540/2011 as regards the extension of the approval periods of the active substances abamectin, Bacillus subtilis (Cohn 1872) Strain QST 713, Bacillus thuringiensis subsp. Aizawai, Bacillus thuringiensis subsp. israeliensis, Bacillus thuringiensis subsp. kurstaki, Beauveria bassiana, benfluralin, clodinafop, clopyralid, Cydia pomonella Granulovirus (CpGV), cyprodinil, dichlorprop-P, epoxiconazole, fenpyroximate, fluazinam, flutolanil, fosetyl, Lecanicillium muscarium, mepanipyrim, mepiquat, Metarhizium anisopliae var. Anisopliae, metconazole, metrafenone, Phlebiopsis gigantea, pirimicarb, Pseudomonas chlororaphis strain: MA 342, pyrimethanil, Pythium oligandrum, rimsulfuron, spinosad, Streptomyces K61, thiacloprid, tolclofos-methyl, Trichoderma asperellum, Trichoderma atroviride, Trichoderma gamsii, Trichoderma harzianum, triclopyr, trinexapac, triticonazole, Verticillium albo-atrum and ziram (OJ L 33, 5.2.2019, p. 1).</p></authorialNote> extended the approval period of thiacloprid to 30 April 2020 in order to allow the renewal process to be completed before the expiry of the approval period of that substance. However, given that a decision on the non-renewal of the approval is taken ahead of the expiry of that extended approval period, this Regulation should apply as soon as possible.</p></recital><recital xml:id="rec_d16e268"><num>(19)</num><p>This Regulation does not prevent the submission of a further application for the approval of thiacloprid pursuant to Article 7 of Regulation (EC) No 1107/2009.</p></recital><recital xml:id="rec_d16e275"><num>(20)</num><p>The measures provided for in this Regulation are in accordance with the opinion of the Standing Committee on Plants, Animals, Food and Feed,</p></recital></recitals><formula name="enactingFormula"><p>HAS ADOPTED THIS REGULATION:</p></formula></preamble><body><article xml:id="art_d16e284"><num>Article 1</num><heading>Non-renewal of the approval of the active substance</heading><paragraph><content><p>The approval of the active substance thiacloprid is not renewed.</p></content></paragraph></article><article xml:id="art_d16e291"><num>Article 2</num><heading>Amendment to Implementing Regulation (EU) No 540/2011</heading><paragraph><content><p>In Part A of the Annex to Implementing Regulation (EU) No 540/2011 row 92, on thiacloprid, is deleted.</p></content></paragraph></article><article xml:id="art_d16e298"><num>Article 3</num><heading>Transitional measures</heading><paragraph><content><p>Member States shall withdraw authorisations for plant protection products containing thiacloprid as active substance by 3 August 2020.</p></content></paragraph></article><article xml:id="art_d16e308"><num>Article 4</num><heading>Grace period</heading><paragraph><content><p>Any grace period granted by Member States in accordance with Article 46 of Regulation (EC) No 1107/2009 shall expire by 3 February 2021.</p></content></paragraph></article><article xml:id="art_d16e319"><num>Article 5</num><heading>Entry into force</heading><paragraph><content><p>This Regulation shall enter into force on the twentieth day following that of its publication in the <i>Official Journal of the European Union</i>.</p></content></paragraph></article><clause><content><p>This Regulation shall be binding in its entirety and directly applicable in all Member States.</p></content></clause></body><conclusions><p>Done at Brussels, 13 January 2020.</p><block name="signatory"><signature><organization refersTo="">For the Commission</organization><role refersTo="">The President</role><person refersTo="">Ursula VON DER LEYEN</person></signature></block></conclusions></bill></akomaNtoso>