<?xml version="1.0" encoding="UTF-8"?>L0102020EN510120190520EN00045151<p xmlns="http://docs.oasis-open.org/legaldocml/ns/akn/3.0">Corrigendum to Regulation (EU) 2019/818 of the European Parliament and of the Council of 20 May 2019 on establishing a framework for interoperability between EU information systems in the field of police and judicial cooperation, asylum and migration and amending Regulations (EU) 2018/1726, (EU) 2018/1862 and (EU) 2019/816</p><p xmlns="http://docs.oasis-open.org/legaldocml/ns/akn/3.0">(Official Journal of the European Union L 135 of 22 May 2019)</p>1. On page 97, Article 4, point (8):<p xmlns="http://docs.oasis-open.org/legaldocml/ns/akn/3.0"><!--default P | TXT -->for:</p><mod xmlns="http://docs.oasis-open.org/legaldocml/ns/akn/3.0"><quotedStructure startQuote="" endQuote=""><list><point><num>&apos;(8)</num><p>&quot;identity data&quot; means the data referred to in Article 27(3)(a) to (e);&apos;,</p></point></list></quotedStructure></mod><p xmlns="http://docs.oasis-open.org/legaldocml/ns/akn/3.0"><!--default P | TXT -->read:</p><mod xmlns="http://docs.oasis-open.org/legaldocml/ns/akn/3.0"><quotedStructure startQuote="" endQuote=""><list><point><num>&apos;(8)</num><p>&quot;identity data&quot; means the data referred to in Article 27(3)(a) and (b);&apos;.</p></point></list></quotedStructure></mod>2. On page 124, Article 59(5), point (a):<p xmlns="http://docs.oasis-open.org/legaldocml/ns/akn/3.0"><!--default P | TXT -->for:</p><mod xmlns="http://docs.oasis-open.org/legaldocml/ns/akn/3.0"><quotedStructure startQuote="" endQuote=""><list><point><num>&apos;(a)</num><p>in paragraph 1, the following point is inserted:</p><list><point><num>&quot;(da)</num><p>Interoperability Advisory Group;&quot;;&apos;,</p></point></list></point></list></quotedStructure></mod><p xmlns="http://docs.oasis-open.org/legaldocml/ns/akn/3.0"><!--default P | TXT -->read:</p><mod xmlns="http://docs.oasis-open.org/legaldocml/ns/akn/3.0"><quotedStructure startQuote="" endQuote=""><list><point><num>&apos;(a)</num><p>in paragraph 1, the following point is inserted:</p><list><point><num>&quot;(db)</num><p>Interoperability Advisory Group;&quot;;&apos;.</p></point></list></point></list></quotedStructure></mod>3. On page 130, the first sentence of Article 66(4):<p xmlns="http://docs.oasis-open.org/legaldocml/ns/akn/3.0"><!--default P | TXT -->for:</p><mod xmlns="http://docs.oasis-open.org/legaldocml/ns/akn/3.0"><quotedStructure startQuote="" endQuote=""><point><num>&apos;4.</num><p>From the envelope referred to in paragraph 3, EUR 22861000 shall be allocated to eu-LISA, EUR 9072000 shall be allocated to Europol and EUR 144000 shall be allocated to the European Union Agency for Law Enforcement Training (CEPOL) to support these agencies in performing their respective under this Regulation.&apos;,</p></point></quotedStructure></mod><p xmlns="http://docs.oasis-open.org/legaldocml/ns/akn/3.0"><!--default P | TXT -->read:</p><mod xmlns="http://docs.oasis-open.org/legaldocml/ns/akn/3.0"><quotedStructure startQuote="" endQuote=""><point><num>&apos;4.</num><p>From the envelope referred to in paragraph 3, EUR 22861000 shall be allocated to eu-LISA, EUR 9072000 shall be allocated to Europol and EUR 144000 shall be allocated to the European Union Agency for Law Enforcement Training (CEPOL) to support these agencies in performing their respective tasks under this Regulation.&apos;.</p></point></quotedStructure></mod>