<?xml version="1.0" encoding="UTF-8"?><akomaNtoso xmlns="http://docs.oasis-open.org/legaldocml/ns/akn/3.0" xmlns:fmx="http://formex.publications.europa.eu/schema/formex-05.21-20110601.xd" xmlns:leos="urn:eu:europa:ec:leos" xmlns:xs="http://www.w3.org/2001/XMLSchema"><bill name=""><meta xmlns:fn="http://www.w3.org/2005/xpath-functions"><identification source="~COM"><FRBRWork><FRBRthis value=""/><FRBRuri value=""/><FRBRdate date="2999-01-01" name=""/><FRBRauthor href=""/><FRBRcountry value=""/></FRBRWork><FRBRExpression><FRBRthis value=""/><FRBRuri value=""/><FRBRdate date="2999-01-01" name=""/><FRBRauthor href=""/><FRBRlanguage language="eng"/></FRBRExpression><FRBRManifestation><FRBRthis value=""/><FRBRuri value=""/><FRBRdate date="2999-01-01" name=""/><FRBRauthor href=""/></FRBRManifestation></identification></meta><preface><longTitle><p><docStage/><docType>COUNCIL IMPLEMENTING REGULATION (EU) 2020/8</docType>of 7 January 2020<docPurpose>implementing Article 12(1) of Regulation (EU) 2017/1770 concerning restrictive measures in view of the situation in Mali</docPurpose></p></longTitle></preface><preamble><formula name="actingEntity"><p>THE COUNCIL OF THE EUROPEAN UNION,</p></formula><citations><citation><p>Having regard to the Treaty on the Functioning of the European Union,</p></citation><citation><p>Having regard to Council Regulation (EU) 2017/1770 of 28 September 2017 concerning restrictive measures in view of the situation in Mali<authorialNote placement="bottom" marker="1"><p>OJ L 251, 29.9.2017, p. 1.</p></authorialNote> and in particular Article 12(1) thereof,</p></citation><citation><p>Having regard to the proposal of the High Representative of the Union for Foreign Affairs and Security Policy,</p></citation></citations><recitals xml:id="recs_d84e70"><intro><p>Whereas:</p></intro><recital xml:id="rec_d84e73"><num>(1)</num><p>On 28 September 2017, the Council adopted Regulation (EU) 2017/1770.</p></recital><recital xml:id="rec_d84e82"><num>(2)</num><p>On 19 December 2019, the United Nations Security Council Sanctions Committee established by paragraph 9 of United Nations Security Council Resolution 2374 (2017) added five persons to the list of persons and entities subject to assets freeze set out in paragraphs 4 to 7 of Resolution 2374 (2017).</p></recital><recital xml:id="rec_d84e91"><num>(3)</num><p>Annex I to Regulation (EU) 2017/1770 should therefore be amended accordingly,</p></recital></recitals><formula name="enactingFormula"><p>HAS ADOPTED THIS REGULATION:</p></formula></preamble><body><article xml:id="art_d84e100"><num>Article 1</num><heading/><paragraph><content><p>Annex I to Regulation (EU) 2017/1770 is amended as set out in the Annex to this Regulation.</p></content></paragraph></article><article xml:id="art_d84e105"><num>Article 2</num><heading/><paragraph><content><p>This Regulation shall enter into force on the day of its publication in the <i>Official Journal of the European Union</i>.</p></content></paragraph></article><clause><content><p>This Regulation shall be binding in its entirety and directly applicable in all Member States.</p></content></clause></body><conclusions><p>Done at Brussels, 7 January 2020.</p><block name="signatory"><signature><organization refersTo="">For the Council</organization><role refersTo="">The President</role><person refersTo="">A. METELKO-ZGOMBIĆ</person></signature></block></conclusions></bill></akomaNtoso>