<?xml version="1.0" encoding="UTF-8"?><akomaNtoso xmlns="http://docs.oasis-open.org/legaldocml/ns/akn/3.0" xmlns:fmx="http://formex.publications.europa.eu/schema/formex-05.21-20110601.xd" xmlns:leos="urn:eu:europa:ec:leos" xmlns:xs="http://www.w3.org/2001/XMLSchema"><bill name=""><meta xmlns:fn="http://www.w3.org/2005/xpath-functions"><identification source="~COM"><FRBRWork><FRBRthis value=""/><FRBRuri value=""/><FRBRdate date="2999-01-01" name=""/><FRBRauthor href=""/><FRBRcountry value=""/></FRBRWork><FRBRExpression><FRBRthis value=""/><FRBRuri value=""/><FRBRdate date="2999-01-01" name=""/><FRBRauthor href=""/><FRBRlanguage language="eng"/></FRBRExpression><FRBRManifestation><FRBRthis value=""/><FRBRuri value=""/><FRBRdate date="2999-01-01" name=""/><FRBRauthor href=""/></FRBRManifestation></identification></meta><preface><longTitle><p><docStage/><docType>COUNCIL DECISION (EU) 2020/121</docType>of 28 January 2020<docPurpose>concerning the establishment of the Working Party on the United Kingdom chaired by the General Secretariat of the Council, and repealing Decision (EU) 2017/900</docPurpose></p></longTitle></preface><preamble><formula name="actingEntity"><p>THE COUNCIL OF THE EUROPEAN UNION,</p></formula><citations><citation><p>Having regard to the Treaty on European Union,</p></citation><citation><p>Having regard to the Treaty on the Functioning of the European Union, and in particular Article 240(3) thereof,</p></citation><citation><p>Having regard to European Council Decision 2009/881/EU of 1 December 2009 on the exercise of the Presidency of the Council<authorialNote placement="bottom" marker="1"><p>OJ L 315, 2.12.2009, p. 50.</p></authorialNote>, and in particular Article 4 thereof,</p></citation></citations><recitals xml:id="recs_d12e70"><intro><p>Whereas:</p></intro><recital xml:id="rec_d12e73"><num>(1)</num><p>On 29 March 2017, the European Council received a notification from the United Kingdom of its intention to withdraw from the European Union, thereby launching the process under Article 50 of the Treaty on European Union (TEU). Council Decision (EU) 2017/900<authorialNote placement="bottom" marker="2"><p>Council Decision (EU) 2017/900 of 22 May 2017 concerning the establishment of the ad hoc Working Party on Article 50 TEU chaired by the General Secretariat of the Council (OJ L 138, 25.5.2017, p. 138).</p></authorialNote> established the ad hoc Working Party on Article 50 TEU, chaired by the General Secretariat of the Council, to assist the Committee of Permanent Representatives of the Governments of the Member States (&apos;Coreper&apos;) and the Council in all matters pertaining to the withdrawal of the United Kingdom from the Union.</p></recital><recital xml:id="rec_d12e96"><num>(2)</num><p>On 13 December 2019, the European Council adopted conclusions stating in particular that between European Council meetings, the General Affairs Council and Coreper, assisted by a dedicated Working Party, are to ensure that the negotiations are conducted in line with the overall positions and principles agreed by the European Council as well as with the Council&apos;s negotiating mandate, and provide further guidance as necessary, fully consistent with the best interest of the Union and with the aim of reaching a result that is fair and equitable for all Member States and in the interest of our citizens.</p></recital><recital xml:id="rec_d12e105"><num>(3)</num><p>On 24 January 2020, the Agreement on the withdrawal of the United Kingdom of Great Britain and Northern Ireland from the European Union and the European Atomic Energy Community (&apos;Withdrawal Agreement&apos;)<authorialNote placement="bottom" marker="3"><p>OJ C 384I, 12.11.2019, p. 1.</p></authorialNote> was signed. This process paves the way for the imminent conclusion of the Withdrawal Agreement and the opening of negotiations on the future relationship with the United Kingdom.</p></recital><recital xml:id="rec_d12e124"><num>(4)</num><p>A Working Party on the United Kingdom (&apos;Working Party on the UK&apos;) should therefore be established, succeeding the ad hoc Working Party on Article 50 TEU. In line with the European Council conclusions of 13 December 2019, the Working Party on the UK will be designated as the special committee, under Article 218(4) of the Treaty on the Functioning of the European Union, in consultation with which the negotiations on a future relationship with the United Kingdom are to be conducted when the Council decides to open negotiations with the United Kingdom on the relationship with the Union after its withdrawal from the Union.</p></recital><recital xml:id="rec_d12e138"><num>(5)</num><p>The Working Party on the UK should be chaired by the six-monthly presidency. Exceptionally, the General Secretariat of the Council should chair the Working Party on the UK until 31 December 2020.</p></recital><recital xml:id="rec_d12e147"><num>(6)</num><p>The Working Party on the UK should start operating on the first day following that on which the Treaties cease to apply to the United Kingdom pursuant to Article 50(3) TEU. The Working Party on the UK should assist Coreper and the Council in all matters pertaining to the relationship with the United Kingdom. In particular, the Working Party on the UK should assist Coreper and the Council in the course of the negotiations on the future relationship and on matters related to the implementation of the Withdrawal Agreement. In addition, the Working Party on the UK should assist Coreper and the Council on matters relating to other consequences of the United Kingdom&apos;s withdrawal.</p></recital><recital xml:id="rec_d12e153"><num>(7)</num><p>It is appropriate to provide for a review of the arrangements regarding the chairmanship of the Working Party on the UK That review should be carried out in good time so as not to hamper the smooth preparation of the incoming presidency, and, in any event, no later than 30 November 2020.</p></recital><recital xml:id="rec_d12e162"><num>(8)</num><p>Decision (EU) 2017/900 should be repealed,</p></recital></recitals><formula name="enactingFormula"><p>HAS ADOPTED THIS DECISION:</p></formula></preamble><body><article xml:id="art_d12e171"><num>Article 1</num><heading/><paragraph><content><p>The Working Party on the United Kingdom is hereby established.</p></content></paragraph></article><article xml:id="art_d12e176"><num>Article 2</num><heading/><paragraph><content><p>The Working Party on the United Kingdom shall assist Coreper and the Council in all matters pertaining to the relationship with the United Kingdom.</p></content></paragraph></article><article xml:id="art_d12e181"><num>Article 3</num><heading/><paragraph><content><p>Decision (EU) 2017/900 is repealed.</p></content></paragraph></article><article xml:id="art_d12e186"><num>Article 4</num><heading/><paragraph><content><p>The Working Party on the United Kingdom shall be chaired by the six-monthly presidency.</p></content></paragraph></article><article xml:id="art_d12e191"><num>Article 5</num><heading/><paragraph><content><p>By way of derogation from the chairing arrangements set out in Article 4, the Working Party on the United Kingdom shall be chaired by the General Secretariat of the Council until 31 December 2020.</p></content></paragraph></article><article xml:id="art_d12e199"><num>Article 6</num><heading/><paragraph><content><p>The arrangements regarding the chairmanship of the Working Party on the United Kingdom shall be reviewed no later than 30 November 2020.</p></content></paragraph></article><article xml:id="art_d12e207"><num>Article 7</num><heading/><paragraph><content><p>This Decision shall enter into force on the day following that on which the Treaties cease to apply to the United Kingdom pursuant to Article 50(3) TEU.</p></content></paragraph></article><clause><content><p>It shall be published in the <i>Official Journal of the European Union</i>.</p></content></clause></body><conclusions><p>Done at Brussels, 28 January 2020.</p><block name="signatory"><signature><organization refersTo="">For the Council</organization><role refersTo="">The President</role><person refersTo="">A. METELKO-ZGOMBIĆ</person></signature></block></conclusions></bill></akomaNtoso>