<?xml version="1.0" encoding="UTF-8"?>L0792020EN1210120191004EN0004121121<p xmlns="http://docs.oasis-open.org/legaldocml/ns/akn/3.0">Corrigendum to Commission Implementing Regulation (EU) 2019/1685 of 4 October 2019 designating a European Union Reference Centre for Animal Welfare for poultry and other small farmed animals</p><p xmlns="http://docs.oasis-open.org/legaldocml/ns/akn/3.0">(Official Journal of the European Union L 258 of 9 October 2019)</p>On page 11, in recital 3, and on page 12, in Article 1(1):<p xmlns="http://docs.oasis-open.org/legaldocml/ns/akn/3.0"><!--default P | TXT -->for:</p><mod xmlns="http://docs.oasis-open.org/legaldocml/ns/akn/3.0"><quotedStructure startQuote="" endQuote=""><p><!--default P | TXT -->&apos;Agence Nationale de Sécurité Sanitaire de l&apos;Alimentation (France)&apos;,</p></quotedStructure></mod><p xmlns="http://docs.oasis-open.org/legaldocml/ns/akn/3.0"><!--default P | TXT -->read:</p><mod xmlns="http://docs.oasis-open.org/legaldocml/ns/akn/3.0"><quotedStructure startQuote="" endQuote=""><p><!--default P | TXT -->&apos;Agence Nationale de Sécurité Sanitaire de l&apos;Alimentation, de l&apos;Environnement et du Travail (France)&apos;.</p></quotedStructure></mod>