<?xml version="1.0" encoding="UTF-8"?>L0542020EN3410120191209EN0006341341<p xmlns="http://docs.oasis-open.org/legaldocml/ns/akn/3.0">Corrigendum to Council Decision (EU) 2019/2208 of 9 December 2019 on the position to be taken on behalf of the European Union within the EPA Committee established under the stepping stone Economic Partnership Agreement between Ghana, of the one part, and the European Community and its Member States, of the other part, as regards the adoption of Protocol No 1 concerning the definition of the concept of &apos;originating products&apos; and methods of administrative cooperation</p><p xmlns="http://docs.oasis-open.org/legaldocml/ns/akn/3.0">(Official Journal of the European Union L 332 of 23 December 2019)</p>On page 139, Annex IV to Protocol No 1 of the draft Decision No …/2019 of the EPA Committee established by the stepping stone Economic Partnership Agreement between Ghana, of the one part, and the European Community and its Member States, of the other, of … 2019 on the adoption of Protocol No 1 concerning the definition of the concept of &apos;originating products&apos; and methods of administrative cooperation:<p xmlns="http://docs.oasis-open.org/legaldocml/ns/akn/3.0"><!--default P | TXT -->for:</p><mod xmlns="http://docs.oasis-open.org/legaldocml/ns/akn/3.0"><quotedStructure startQuote="" endQuote=""><p><!--default P | TXT -->&apos;Croatian version</p><p><!--default P | TXT -->Izvoznik proizvoda obuhvaćenih ovom ispravom (carinsko ovlaštenje br. … (<sup>1</sup>)) izjavljuje da su, osim ako je drukčije izričito navedeno, ovi proizvodi … (<sup>2</sup>) povlaštenog podrijetla.&apos;,</p></quotedStructure></mod><p xmlns="http://docs.oasis-open.org/legaldocml/ns/akn/3.0"><!--default P | TXT -->read:</p><mod xmlns="http://docs.oasis-open.org/legaldocml/ns/akn/3.0"><quotedStructure startQuote="" endQuote=""><p><!--default P | TXT -->&apos;Croatian version</p><p><!--default P | TXT -->Izvoznik proizvoda obuhvaćenih ovom ispravom (carinsko ovlaštenje br. … (<sup>1</sup>)) izjavljuje da su, osim ako je drukčije izričito navedeno, ovi proizvodi … (<sup>2</sup>) preferencijalnog podrijetla.&apos;.</p></quotedStructure></mod>