<?xml version="1.0" encoding="UTF-8"?>L0982020EN4810120200313EN0008481481<p xmlns="http://docs.oasis-open.org/legaldocml/ns/akn/3.0">Council Implementing Regulation (EU) 2020/398 of 13 March 2020 implementing Regulation (EU) No 269/2014 concerning restrictive measures in respect of actions undermining or threatening the territorial integrity, sovereignty and independence of Ukraine</p><p xmlns="http://docs.oasis-open.org/legaldocml/ns/akn/3.0">(Official Journal of the European Union L 78 of 13 March 2020)</p>On page 13, entry 59, second column (&apos;Name&apos;):<p xmlns="http://docs.oasis-open.org/legaldocml/ns/akn/3.0"><!--default P | TXT -->for:</p><mod xmlns="http://docs.oasis-open.org/legaldocml/ns/akn/3.0"><quotedStructure startQuote="" endQuote=""><list><indent><num> </num><content><p>&apos;Aleksandr Sergeevich MALYKHIN</p></content></indent><indent><num> </num><content><p>Alexander Sergeevich MALYHIN</p></content></indent><indent><num> </num><content><p>(Александр Сергеевич МАЛЫХИН)</p></content></indent><indent><num> </num><content><p>Oleksandr Serhiyovych (Sergiyovych) Y</p></content></indent><indent><num> </num><content><p>(Олександр Сергiйович МАЛИХIН)&apos;</p></content></indent></list></quotedStructure></mod><p xmlns="http://docs.oasis-open.org/legaldocml/ns/akn/3.0"><!--default P | TXT -->read:</p><mod xmlns="http://docs.oasis-open.org/legaldocml/ns/akn/3.0"><quotedStructure startQuote="" endQuote=""><list><indent><num> </num><content><p>&apos;Aleksandr Sergeevich MALYKHIN</p></content></indent><indent><num> </num><content><p>Alexander Sergeevich MALYHIN</p></content></indent><indent><num> </num><content><p>(Александр Сергеевич МАЛЫХИН)</p></content></indent><indent><num> </num><content><p>Oleksandr Serhiyovych (Sergiyovych) MALYKHIN</p></content></indent><indent><num> </num><content><p>(Олександр Сергiйович МАЛИХIН)&apos;</p></content></indent></list></quotedStructure></mod>