<?xml version="1.0" encoding="UTF-8"?><akomaNtoso xmlns="http://docs.oasis-open.org/legaldocml/ns/akn/3.0" xmlns:fmx="http://formex.publications.europa.eu/schema/formex-05.21-20110601.xd" xmlns:leos="urn:eu:europa:ec:leos" xmlns:xs="http://www.w3.org/2001/XMLSchema"><bill name=""><meta xmlns:fn="http://www.w3.org/2005/xpath-functions"><identification source="~COM"><FRBRWork><FRBRthis value=""/><FRBRuri value=""/><FRBRdate date="2999-01-01" name=""/><FRBRauthor href=""/><FRBRcountry value=""/></FRBRWork><FRBRExpression><FRBRthis value=""/><FRBRuri value=""/><FRBRdate date="2999-01-01" name=""/><FRBRauthor href=""/><FRBRlanguage language="eng"/></FRBRExpression><FRBRManifestation><FRBRthis value=""/><FRBRuri value=""/><FRBRdate date="2999-01-01" name=""/><FRBRauthor href=""/></FRBRManifestation></identification></meta><preface><longTitle><p><docStage/><docType>COMMISSION IMPLEMENTING DECISION (EU) 2020/248</docType>of 21 February 2020<docPurpose>laying down technical guidelines for inspections in accordance with Article 17 of Directive 2006/21/EC of the European Parliament and of the Council</docPurpose></p></longTitle><container name="EEArelevance"><p>(notified under document C(2020) 889)</p></container></preface><preamble><formula name="actingEntity"><p>THE EUROPEAN COMMISSION,</p></formula><citations><citation><p>Having regard to the Treaty on the Functioning of the European Union,</p></citation><citation><p>Having regard to Directive 2006/21/EC of the European Parliament and of the Council of 15 March 2006 on the management of waste from extractive industries and amending Directive 2004/35/EC<authorialNote placement="bottom" marker="1"><p>OJ L 102, 11.4.2006, p. 15.</p></authorialNote>, and in particular Article 22(1)(c) thereof,</p></citation></citations><recitals xml:id="recs_d140e75"><intro><p>Whereas:</p></intro><recital xml:id="rec_d140e78"><num>(1)</num><p>Article 17 of Directive 2006/21/EC requires inspections of any waste facility covered by Article 7 in that Directive in order to ensure that it complies with the relevant conditions of the permit. In order for those inspections to be efficient and effective, competent authorities should be appropriately resourced, independent from the operators of the waste facilities concerned, vested with the necessary functions and powers and entitled to assistance from operators. Inspection activities should also involve co-operation and co-ordination between national authorities responsible for ensuring that waste facilities in their jurisdiction comply with the provisions set out in Directive 2006/21/EC.</p></recital><recital xml:id="rec_d140e84"><num>(2)</num><p>In order for the inspections to be efficient and proactive, it is appropriate that they are planned in advance by means of inspection plans reflecting the risks presented by the waste facilities concerned.</p></recital><recital xml:id="rec_d140e90"><num>(3)</num><p>As the waste facilities covered by Article 7 of Directive 2006/21/EC include waste facilities which ought to have a permit and, as Article 7 provides that no waste facility should operate without a permit, it is necessary for the inspection plans to take account of those waste facilities which ought to have a permit but do not hold one.</p></recital><recital xml:id="rec_d140e96"><num>(4)</num><p>Member States should retain a margin of discretion in the application of the inspection guidelines having regard to the different circumstances of each waste facility, to ensure that inspections are proportionate to the relevant environmental and safety risks presented by each waste facility.</p></recital><recital xml:id="rec_d140e102"><num>(5)</num><p>In order to address different situations of possible non-compliance with permits, provision should be made for both routine inspections and non-routine inspections to respond to serious complaints, accidents, incidents and occurrences of non-compliance. When carrying out the inspections, the inspectors should also take account of the findings of inspections carried out under other applicable EU legislation to the extent that those findings may also indicate possible problems with the permit requirements under Article 7 of Directive 2006/21/EC.</p></recital><recital xml:id="rec_d140e109"><num>(6)</num><p>In order to ensure the effectiveness of the inspections, it is necessary that a certain proportion of inspection activities, and in particular site visits, are unannounced.</p></recital><recital xml:id="rec_d140e115"><num>(7)</num><p>In order to make it possible to draw conclusions from inspection activities, in particular site visits, and to provide an empirical basis for future inspections and other related measures, it is important that all inspection activities are properly documented, including through regular site visit reports.</p></recital><recital xml:id="rec_d140e121"><num>(8)</num><p>In order to effectively ensure compliance with permit conditions, it is important that inspections facilitate and enable any further measures to respond to detected non-compliance.</p></recital><recital xml:id="rec_d140e127"><num>(9)</num><p>Given that risks vary depending on the stage of existence of the concerned waste facilities, it is necessary that the technical guidelines contain detailed provisions concerning the different life phases of waste facilities covered by Article 7 of Directive 2006/21/EC.</p></recital><recital xml:id="rec_d140e134"><num>(10)</num><p>Given that Category A waste facilities pose potentially higher risks, it is necessary that the technical guidelines contain specific provisions in respect of such facilities.</p></recital><recital xml:id="rec_d140e140"><num>(11)</num><p>The measures provided for in this Decision are in accordance with the opinion of the Committee established in accordance with Article 23(2) of Directive 2006/21/EC,</p></recital></recitals><formula name="enactingFormula"><p>HAS ADOPTED THIS DECISION:</p></formula></preamble><body><article xml:id="art_d140e149"><num>Article 1</num><heading/><paragraph><content><p>The technical guidelines for inspections of waste facilities in accordance with Article 17 of Directive 2006/21/EC set out in the Annex to this Decision are adopted.</p></content></paragraph></article><article xml:id="art_d140e154"><num>Article 2</num><heading/><paragraph><content><p>This Decision is addressed to the Member States.</p></content></paragraph></article></body><conclusions><p>Done at Brussels, 21 February 2020.</p><block name="signatory"><signature><organization refersTo="">For the Commission</organization><role refersTo="">Virginijus SINKEVIČIUS</role><person refersTo="">Member of the Commission</person></signature></block></conclusions></bill></akomaNtoso>