<?xml version="1.0" encoding="UTF-8"?>L0192020EN4210120200124EN00084214981102020<p xmlns="http://docs.oasis-open.org/legaldocml/ns/akn/3.0"><!--default P | TXT -->Only the original UN/ECE texts have legal effect under international public law. The status and date of entry into force of this Regulation should be checked in the latest version of the UN/ECE status document TRANS/WP.29/343, available at: http://www.unece.org/trans/main/wp29/wp29wgs/wp29gen/wp29fdocstts.html</p><p xmlns="http://docs.oasis-open.org/legaldocml/ns/akn/3.0">Regulation No 122 of the Economic Commission for Europe of the United Nations (UN/ECE) &#45; Uniform technical prescriptions concerning the approval of vehicles of categories M, N and O with regard to their heating systems [2020/110]</p><p xmlns="http://docs.oasis-open.org/legaldocml/ns/akn/3.0"><!--default P | TXT -->Incorporating all valid text up to:<list><indent><num> </num><content><p>Supplement 5 to the original version of the Regulation &#45; Date of entry into force: 15 October 2019</p></content></indent></list></p><!--GR.SEQ is a special position => not treated --><!--GR.SEQ is a special position => not treated --><!--GR.SEQ is a special position => not treated --><!--GR.SEQ is a special position => not treated --><!--GR.SEQ is a special position => not treated --><!--GR.SEQ is a special position => not treated --><!--GR.SEQ is a special position => not treated --><!--GR.SEQ is a special position => not treated --><!--GR.SEQ is a special position => not treated --><!--GR.SEQ is a special position => not treated --><!--GR.SEQ is a special position => not treated -->