<?xml version="1.0" encoding="UTF-8"?><akomaNtoso xmlns="http://docs.oasis-open.org/legaldocml/ns/akn/3.0" xmlns:fmx="http://formex.publications.europa.eu/schema/formex-05.21-20110601.xd" xmlns:leos="urn:eu:europa:ec:leos" xmlns:xs="http://www.w3.org/2001/XMLSchema"><bill name=""><meta xmlns:fn="http://www.w3.org/2005/xpath-functions"><identification source="~COM"><FRBRWork><FRBRthis value=""/><FRBRuri value=""/><FRBRdate date="2999-01-01" name=""/><FRBRauthor href=""/><FRBRcountry value=""/></FRBRWork><FRBRExpression><FRBRthis value=""/><FRBRuri value=""/><FRBRdate date="2999-01-01" name=""/><FRBRauthor href=""/><FRBRlanguage language="eng"/></FRBRExpression><FRBRManifestation><FRBRthis value=""/><FRBRuri value=""/><FRBRdate date="2999-01-01" name=""/><FRBRauthor href=""/></FRBRManifestation></identification></meta><preface><longTitle><p><docStage/><docType>COUNCIL IMPLEMENTING REGULATION (EU) 2020/119</docType>of 28 January 2020<docPurpose>implementing Regulation (EU) No 269/2014 concerning restrictive measures in respect of actions undermining or threatening the territorial integrity, sovereignty and independence of Ukraine</docPurpose></p></longTitle></preface><preamble><formula name="actingEntity"><p>THE COUNCIL OF THE EUROPEAN UNION,</p></formula><citations><citation><p>Having regard to the Treaty on the Functioning of the European Union,</p></citation><citation><p>Having regard to Council Regulation (EU) No 269/2014 of 17 March 2014 concerning restrictive measures in respect of actions undermining or threatening the territorial integrity, sovereignty and independence of Ukraine<authorialNote placement="bottom" marker="1"><p>OJ L 78, 17.3.2014, p. 6.</p></authorialNote>, and in particular Article 14(1) thereof,</p></citation><citation><p>Having regard to the proposal from the High Representative of the Union for Foreign Affairs and Security Policy,</p></citation></citations><recitals xml:id="recs_d10e70"><intro><p>Whereas:</p></intro><recital xml:id="rec_d10e73"><num>(1)</num><p>On 17 March 2014, the Council adopted Regulation (EU) No 269/2014.</p></recital><recital xml:id="rec_d10e82"><num>(2)</num><p>Following the organisation by the Russian Federation of so‐called &apos;local elections&apos; on 8 September 2019 in the illegally annexed Autonomous Republic of Crimea and the City of Sevastopol in Ukraine, the Council considers that seven persons should be added to the list of natural and legal persons, entities and bodies subject to restrictive measures as set out in Annex I to Regulation (EU) No 269/2014.</p></recital><recital xml:id="rec_d10e95"><num>(3)</num><p>Annex I to Regulation (EU) No 269/2014 should therefore be amended accordingly,</p></recital></recitals><formula name="enactingFormula"><p>HAS ADOPTED THIS REGULATION:</p></formula></preamble><body><article xml:id="art_d10e104"><num>Article 1</num><heading/><paragraph><content><p>The persons listed in the Annex to this Regulation shall be added to the list set out in Annex I to Regulation (EU) No 269/2014.</p></content></paragraph></article><article xml:id="art_d10e110"><num>Article 2</num><heading/><paragraph><content><p>This Regulation shall enter into force on the day of its publication in the <i>Official Journal of the European Union</i>.</p></content></paragraph></article><clause><content><p>This Regulation shall be binding in its entirety and directly applicable in all Member States.</p></content></clause></body><conclusions><p>Done at Brussels, 28 January 2020.</p><block name="signatory"><signature><organization refersTo="">For the Council</organization><role refersTo="">The President</role><person refersTo="">A. METELKO-ZGOMBIĆ</person></signature></block></conclusions></bill></akomaNtoso>