<?xml version="1.0" encoding="UTF-8"?><akomaNtoso xmlns="http://docs.oasis-open.org/legaldocml/ns/akn/3.0" xmlns:fmx="http://formex.publications.europa.eu/schema/formex-05.21-20110601.xd" xmlns:leos="urn:eu:europa:ec:leos" xmlns:xs="http://www.w3.org/2001/XMLSchema"><bill name=""><meta xmlns:fn="http://www.w3.org/2005/xpath-functions"><identification source="~COM"><FRBRWork><FRBRthis value=""/><FRBRuri value=""/><FRBRdate date="2999-01-01" name=""/><FRBRauthor href=""/><FRBRcountry value=""/></FRBRWork><FRBRExpression><FRBRthis value=""/><FRBRuri value=""/><FRBRdate date="2999-01-01" name=""/><FRBRauthor href=""/><FRBRlanguage language="eng"/></FRBRExpression><FRBRManifestation><FRBRthis value=""/><FRBRuri value=""/><FRBRdate date="2999-01-01" name=""/><FRBRauthor href=""/></FRBRManifestation></identification></meta><preface><longTitle><p><docStage/><docType>COMMISSION IMPLEMENTING REGULATION (EU) 2020/359</docType>of 4 March 2020<docPurpose>amending Regulation (EU) No 1178/2011 laying down technical requirements and administrative procedures related to civil aviation aircrew pursuant to Regulation (EC) No 216/2008 of the European Parliament and of the Council</docPurpose></p></longTitle><container name="EEArelevance"><p>(Text with EEA relevance)</p></container></preface><preamble><formula name="actingEntity"><p>THE EUROPEAN COMMISSION,</p></formula><citations><citation><p>Having regard to the Treaty on the Functioning of the European Union,</p></citation><citation><p>Having regard to Regulation (EU) 2018/1139 of the European Parliament and of the Council of 4 July 2018 on common rules in the field of civil aviation and establishing a European Union Aviation Safety Agency, and amending Regulations (EC) No 2111/2005, (EC) No 1008/2008, (EU) No 996/2010, (EU) No 376/2014 and Directives 2014/30/EU and 2014/53/EU of the European Parliament and of the Council, and repealing Regulations (EC) No 552/2004 and (EC) No 216/2008 of the European Parliament and of the Council and Council Regulation (EEC) No 3922/91<authorialNote placement="bottom" marker="1"><p>OJ L 212, 22.8.2018, p. 1.</p></authorialNote>, and in particular Articles 23 and 27 thereof,</p></citation></citations><recitals xml:id="recs_d263e71"><intro><p>Whereas:</p></intro><recital xml:id="rec_d263e74"><num>(1)</num><p>Commission Regulation (EU) No 1178/2011<authorialNote placement="bottom" marker="2"><p>Commission Regulation (EU) No 1178/2011 of 3 November 2011 laying down technical requirements and administrative procedures related to civil aviation aircrew pursuant to Regulation (EC) No 216/2008 of the European Parliament and of the Council (OJ L 311, 25.11.2011, p. 1).</p></authorialNote> lays down the requirements for pilots who are involved in the operation of aircraft as specified in points (b)(i) and (ii) of Article 2(1) of Regulation (EU) 2018/1139.</p></recital><recital xml:id="rec_d263e90"><num>(2)</num><p>In light of the specific nature of flight crew licensing for balloons and sailplanes, dedicated licensing requirements should be laid down in separate regulations, namely in Commission Regulation (EU) 2018/395<authorialNote placement="bottom" marker="3"><p>Commission Regulation (EU) 2018/395 of 13 March 2018 laying down detailed rules for the operation of balloons pursuant to Regulation (EC) No 216/2008 of the European Parliament and of the Council (OJ L 71, 14.3.2018, p. 10).</p></authorialNote> and Commission Implementing Regulation (EU) 2018/1976<authorialNote placement="bottom" marker="4"><p>Commission Implementing Regulation (EU) 2018/1976 of 14 December 2018 laying down detailed rules for the operation of sailplanes pursuant to Regulation (EU) 2018/1139 of the European Parliament and of the Council (OJ L 326, 20.12.2018, p. 64).</p></authorialNote>.</p></recital><recital xml:id="rec_d263e116"><num>(3)</num><p>At the same time, the licensing requirements for balloon and sailplane pilot licences laid down in Annex I (Part-FCL) to Regulation (EU) No 1178/2011 should be deleted and some requirements of Annex I (Part-FCL) that address cross-domain issues, such as crediting provisions between balloon or sailplane pilot licences and licences for other aircraft categories, should be revised in light of the new licensing requirements for balloon and sailplane pilots.</p></recital><recital xml:id="rec_d263e122"><num>(4)</num><p>The requirements of Annex IV (Part-MED) Annex VI (Part-ARA), Annex VII (Part-ORA) and Annex VIII (Part-DTO) to Regulation (EU) No 1178/2011 should continue to apply to balloon and sailplane flight crew licensing.</p></recital><recital xml:id="rec_d263e128"><num>(5)</num><p>In order to further improve aviation safety, pilots that are engaged in aerial sport and recreational activities should be encouraged to obtain privileges for flying in accordance with instrument flight rules (&apos;IFR&apos;). Therefore, the existing rules concerning IFR privileges should be adapted by introducing the basic instrument rating (&apos;BIR&apos;) in Annex I (Part-FCL) to Regulation (EU) No 1178/2011. The BIR should be specifically tailored to the needs of pilots who are engaged in aerial sport and recreational flying activities as regards the content of their training and the scope of their privileges.</p></recital><recital xml:id="rec_d263e142"><num>(6)</num><p>With the introduction of the BIR, the en route instrument rating (&apos;EIR&apos;) in point FCL.825 of Annex I (Part-FCL) to Regulation (EU) No 1178/2011 becomes redundant and therefore it should be deleted. However, the existing EIR holders should be entitled to continue to exercise their privileges and should receive credits from their EIR when they seek to obtain a BIR. It should also be possible to continue an on-going training for an EIR that commenced prior to the application of this Regulation and to complete it as training for a BIR.</p></recital><recital xml:id="rec_d263e153"><num>(7)</num><p>Technical update to Regulation (EU) No 1178/2011 should be made on basis of lessons learned in particular in the area of Performance Based Navigation (PBN), Upset Prevention and Recovery Training (UPRT) and instructor and examiner qualifications.</p></recital><recital xml:id="rec_d263e159"><num>(8)</num><p>The measures provided for in this Regulation are based on Opinion No 01/2019<authorialNote placement="bottom" marker="5"><p>Easier access for GA pilots to IFR flying &amp; Revision of the balloon and sailplane licensing requirements, (Opinion No 01/2019 (A) &amp; (B), 19.02.2019), available at: https://www.easa.europa.eu/document-library/opinions</p></authorialNote> of the European Union Aviation Safety Agency in accordance with point (b) of Article 75(2) and Article 76(1) of Regulation (EU) 2018/1139.</p></recital><recital xml:id="rec_d263e172"><num>(9)</num><p>The measures provided for in this Regulation are in accordance with the opinion of the committee established by Article 127 of Regulation (EU) 2018/1139,</p></recital></recitals><formula name="enactingFormula"><p>HAS ADOPTED THIS REGULATION:</p></formula></preamble><body><article xml:id="art_d263e181" leos:compliant="false"><num>Article 1</num><heading/><paragraph><subparagraph><content><p>Regulation (EU) No 1178/2011 is amended as follows:</p></content></subparagraph><list><point><num>(1)</num><alinea><content><p>Article 1 is replaced by the following:</p></content></alinea><alinea><content><p><mod><quotedStructure startQuote="" endQuote=""><article xml:id="art_d263e196"><num>&apos;Article 1</num><heading>Subject matter</heading><paragraph><num>1.</num><subparagraph><content><p>This Regulation lays down detailed rules for:</p></content></subparagraph><list><point><num>(a)</num><content><p>different ratings for pilot licences, the conditions for issuing, maintaining, amending, limiting, suspending or revoking pilot licences, the privileges and responsibilities of the holders of pilot licences, as well as the conditions for the conversion of existing national pilot licences and of national flight engineer licences into pilot licences;</p></content></point><point><num>(b)</num><content><p>the certification of persons who are responsible for providing flight training or flight simulation training and for assessing pilots&apos; skills;</p></content></point><point><num>(c)</num><content><p>different medical certificates for pilots, the conditions for issuing, maintaining, amending, limiting, suspending or revoking medical certificates, the privileges and responsibilities of the holders of medical certificates as well as the conditions for the conversion of national medical certificates into mutually recognised medical certificates;</p></content></point><point><num>(d)</num><content><p>the certification of aero-medical examiners, as well as the conditions under which general medical practitioners may act as aero-medical examiners;</p></content></point><point><num>(e)</num><content><p>the periodical aero-medical assessment of cabin crew members, as well as the qualifications of persons who are responsible for that assessment;</p></content></point><point><num>(f)</num><content><p>the conditions for issuing, maintaining, amending, limiting, suspending or revoking cabin crew attestations, as well as the privileges and responsibilities of the holders of cabin crew attestations;</p></content></point><point><num>(g)</num><content><p>the conditions for issuing, maintaining, amending, limiting, suspending or revoking certificates of pilot training organisations and of aero-medical centres involved in the qualification and aero-medical assessment of civil aviation aircrew;</p></content></point><point><num>(h)</num><content><p>the requirements for the certification of flight simulation training devices and for organisations that operate and use those devices;</p></content></point><point><num>(i)</num><content><p>the requirements for the administration and management system to be fulfilled by the Member States, the European Union Aviation Safety Agency (&apos;EASA&apos;) and organisations in relation to the rules referred to in points (a) to (h).</p></content></point></list></paragraph><paragraph><num>2.</num><content><p>Articles 11b and 11c of this Regulation as well as Annex IV (Part-MED), Annex VI (Part-ARA), Annex VII (Part-ORA) and Annex VIII (Part-DTO) to this Regulation shall apply to pilot licences for balloons and sailplanes.&apos;</p></content></paragraph></article></quotedStructure></mod></p></content></alinea></point><point><num>(2)</num><alinea><content><p>in Article 2, paragraph 19 is replaced by the following:</p></content></alinea><alinea><content><p><mod><quotedStructure startQuote="" endQuote=""><list><point><num>&apos;(19)</num><content><p>&apos;&apos;Flight instructor (FI)&apos;&apos; means an instructor with the privileges to provide training in an aircraft in accordance with Subpart J of Annex I (Part-FCL) to this Regulation, Subpart FI of Annex III (Part-BFCL) to Regulation (EU) 2018/395<authorialNote placement="bottom" marker="6"><p>Commission Regulation (EU) 2018/395 of 13 March 2018 laying down detailed rules for the operation of balloons pursuant to Regulation (EC) No 216/2008 of the European Parliament and of the Council (OJ L 71, 14.3.2018, p. 10).</p></authorialNote>, or Subpart FI of Annex III (Part-SFCL) to Implementing Regulation (EU) 2018/1976<authorialNote placement="bottom" marker="7"><p>Commission Implementing Regulation (EU) 2018/1976 of 14 December 2018 laying down detailed rules for the operation of sailplanes pursuant to Regulation (EU) 2018/1139 of the European Parliament and of the Council (OJ L 326, 20.12.2018, p. 64).&apos;;</p></authorialNote>;</p></content></point></list></quotedStructure></mod></p></content></alinea></point><point><num>(3)</num><content><p>In article 4, paragraph 8, &apos;8 April 2021&apos; is replaced by &apos;8 September 2021&apos;.</p></content></point><point><num>(4)</num><alinea><content><p>the following Article 4c is inserted:</p></content></alinea><alinea><content><p><mod><quotedStructure startQuote="" endQuote=""><article xml:id="art_d263e341"><num>&apos;Article 4c</num><heading>Transitional measures for holders of an en route instrument rating</heading><paragraph><num>1.</num><subparagraph><content><p>Up to and including 8 September 2022, holders of an en route instrument rating (&apos;EIR&apos;) set out in point FCL.825 of Annex I (Part-FCL) shall:</p></content></subparagraph><list><point><num>(a)</num><content><p>be entitled to continue to exercise the privileges of their EIR;</p></content></point><point><num>(b)</num><content><p>receive revalidation or renewal of their EIR, in accordance with point FCL.825(g) of Commission Delegated Regulation (EU)<authorialNote placement="bottom" marker="8"><p>Commission Delegated Regulation (EU) of 4 March 2020 (not yet published in the Official Journal).&apos;;</p></authorialNote>;</p></content></point><point><num>(c)</num><content><p>be entitled to receive full credit towards the training requirements in point FCL.835(c)(2)(i) and (ii) of Annex I (Part-FCL), when applying for the issue of a basic instrument rating (BIR) in accordance with point FCL.835 of Annex I (Part-FCL); and</p></content></point><point><num>(d)</num><content><p>receive full credit as established for EIR holders in Annex I (Part-FCL).</p></content></point></list></paragraph><paragraph><num>2.</num><content><p>As from 8 September 2021, training courses for an EIR referred to in paragraph 1, that have commenced prior to that date, can be continued and shall be regarded as training courses for a BIR. Based on an assessment of the applicant, the approved training organisation responsible for the BIR training course shall determine the amount of EIR training to be credited towards the issue of the BIR.</p></content></paragraph><paragraph><num>3.</num><content><p>Applicants for a BIR who hold an EIR or have passed the theoretical knowledge examination for an EIR in accordance with point FCL.825(d) prior to 8 September 2021 shall receive full credit towards the requirements for the theoretical knowledge instruction and examination for the BIR.</p></content></paragraph></article></quotedStructure></mod></p></content></alinea></point><point><num>(5)</num><alinea><content><p>Article 11c is replaced by the following:</p></content></alinea><alinea><content><p><mod><quotedStructure startQuote="" endQuote=""><article xml:id="art_d263e418"><num>&apos;Article 11c</num><heading>Transitional measures</heading><paragraph><subparagraph><content><p>Member States shall:</p></content></subparagraph><list><point><num>(a)</num><content><p>by 8 April 2021 at the latest, transfer to EASA all records related to the oversight of organisations that provide training for pilot licences in accordance with Regulation (EU) 2018/395 and Implementing Regulation (EU) 2018/1976 and for which EASA is the competent authority in accordance with Article 78 of Regulation (EU) 2018/1139 of the European Parliament and of the Council<authorialNote placement="bottom" marker="9"><p>Regulation (EU) 2018/1139 of the European Parliament and of the Council of 4 July 2018 on common rules in the field of civil aviation and establishing a European Union Aviation Safety Agency, and amending Regulations (EC) No 2111/2005, (EC) No 1008/2008, (EU) No 996/2010, (EU) No 376/2014 and Directives 2014/30/EU and 2014/53/EU of the European Parliament and of the Council, and repealing Regulations (EC) No 552/2004 and (EC) No 216/2008 of the European Parliament and of the Council and Council Regulation (EEC) No 3922/91 (OJ L 212, 22.8.2018, p. 1).&apos;;</p></authorialNote>;</p></content></point><point><num>(b)</num><content><p>in coordination with EASA, conclude, certification processes initiated before 8 April 2020 and issue the certificate following which EASA assumes all its responsibilities as a competent authority for those certified organisations.</p></content></point></list></paragraph></article></quotedStructure></mod></p></content></alinea></point><point><num>(6)</num><content><p>in Article 12, point (2a) is deleted;</p></content></point><point><num>(7)</num><content><p>in Article 12(4), &apos;20 June 2020&apos; is replaced by &apos;20 June 2021&apos;</p></content></point><point><num>(8)</num><content><p>Annex I (Part-FCL) is amended in accordance with Annex I to this Regulation;</p></content></point><point><num>(9)</num><content><p>Annex IV (Part-MED) is amended in accordance with Annex II to this Regulation;</p></content></point><point><num>(10)</num><content><p>Annex VI (Part-ARA) is amended in accordance with Annex III to this Regulation;</p></content></point><point><num>(11)</num><content><p>Annex VII (Part-ORA) is amended in accordance with Annex IV to this Regulation;</p></content></point><point><num>(12)</num><content><p>Annex VIII (Part-DTO) is amended in accordance with Annex V to this Regulation.</p></content></point></list></paragraph></article><article xml:id="art_d263e511"><num>Article 2</num><heading/><paragraph><num>1.</num><content><p>This Regulation shall enter into force on the twentieth day following that of its publication in the <i>Official Journal of the European Union</i>.</p></content></paragraph><paragraph><num>2.</num><content><p>This Regulation shall apply from 8 April 2020.</p></content></paragraph><paragraph><num>3.</num><subparagraph><content><p>By way of derogation from paragraph 2, the following provisions shall apply from 8 September 2021:</p></content></subparagraph><list><point><num>(a)</num><content><p>points (1)(e), (4)(b), (5) to (7), (32), (34), (36)(d), (40)(a), (41); (42), (44), (46) to (48), (52)(f), (53)(a) to (53)(c) (53)(e), (53)(f), (54), (55), (56)(a) to (56)(c) and (57) of Annex I;</p></content></point><point><num>(b)</num><content><p>point (b) of Annex II;</p></content></point><point><num>(c)</num><content><p>point (10)(d)(ii) of Annex III.</p></content></point></list></paragraph><paragraph><num>4.</num><content><p>By way of derogation from paragraph 2, Article 1 point (7) and points (49), (53)(d), (58)(b), (58)(d) and (58)(e) of Annex I shall apply from the day of entry into force of this Regulation.</p></content></paragraph></article><clause><content><p>This Regulation shall be binding in its entirety and directly applicable in all Member States.</p></content></clause></body><conclusions><p>Done at Brussels, 4 March 2020.</p><block name="signatory"><signature><organization refersTo="">For the Commission</organization><role refersTo="">The President</role><person refersTo="">Ursula VON DER LEYEN</person></signature></block></conclusions></bill></akomaNtoso>