<?xml version="1.0" encoding="UTF-8"?>L0102020EN310120190130EN00023131<p xmlns="http://docs.oasis-open.org/legaldocml/ns/akn/3.0">Corrigendum to Regulation (EU) 2019/216 of the European Parliament and of the Council of 30 January 2019 on the apportionment of tariff rate quotas included in the WTO schedule of the Union following the withdrawal of the United Kingdom from the Union, and amending Council Regulation (EC) No 32/2000</p><p xmlns="http://docs.oasis-open.org/legaldocml/ns/akn/3.0">(Official Journal of the European Union L 38 of 8 February 2019)</p>On page 18, Annex, part A, in the table, 19th row (relating to order number 094321):<p xmlns="http://docs.oasis-open.org/legaldocml/ns/akn/3.0"><!--default P | TXT -->for:</p><mod xmlns="http://docs.oasis-open.org/legaldocml/ns/akn/3.0"><quotedStructure startQuote="" endQuote=""><alinea><content><table class="TBL"><tr><td><p>&apos;Cane or beet sugar</p></td><td><p>t (white sugar equivalent)</p></td><td><p>10000</p></td><td><p>IDN</p></td><td><p>094321</p></td><td><p>58,4 %</p></td><td><p>5841&apos;</p></td></tr></table></content></alinea></quotedStructure></mod><p xmlns="http://docs.oasis-open.org/legaldocml/ns/akn/3.0"><!--default P | TXT -->read:</p><mod xmlns="http://docs.oasis-open.org/legaldocml/ns/akn/3.0"><quotedStructure startQuote="" endQuote=""><alinea><content><table class="TBL"><tr><td><p>&apos;Cane or beet sugar</p></td><td><p>t (white sugar equivalent)</p></td><td><p>10000</p></td><td><p>IND</p></td><td><p>094321</p></td><td><p>58,4 %</p></td><td><p>5841&apos;</p></td></tr></table></content></alinea></quotedStructure></mod>