<?xml version="1.0" encoding="UTF-8"?>L0102020EN410120190520EN00034141<p xmlns="http://docs.oasis-open.org/legaldocml/ns/akn/3.0">Corrigendum to Regulation (EU) 2019/817 of the European Parliament and of the Council of 20 May 2019 on establishing a framework for interoperability between EU information systems in the field of borders and visa and amending Regulations (EC) No 767/2008, (EU) 2016/399, (EU) 2017/2226, (EU) 2018/1240, (EU) 2018/1726 and (EU) 2018/1861 of the European Parliament and of the Council and Council Decisions 2004/512/EC and 2008/633/JHA</p><p xmlns="http://docs.oasis-open.org/legaldocml/ns/akn/3.0">(Official Journal of the European Union L 135 of 22 May 2019)</p>On page 74, Article 62(5), point (a) :<p xmlns="http://docs.oasis-open.org/legaldocml/ns/akn/3.0"><!--default P | TXT -->for:</p><mod xmlns="http://docs.oasis-open.org/legaldocml/ns/akn/3.0"><quotedStructure startQuote="" endQuote=""><list><num>&apos;(a)</num><p>in paragraph 1, the following point is inserted:</p><list><num>&quot;(da)</num><p>Interoperability Advisory Group;&quot;;&apos;,</p></list></list></quotedStructure></mod><p xmlns="http://docs.oasis-open.org/legaldocml/ns/akn/3.0"><!--default P | TXT -->read:</p><mod xmlns="http://docs.oasis-open.org/legaldocml/ns/akn/3.0"><quotedStructure startQuote="" endQuote=""><list><num>&apos;(a)</num><p>in paragraph 1, the following point is inserted:</p><list><num>&quot;(db)</num><p>Interoperability Advisory Group;&quot;;&apos;.</p></list></list></quotedStructure></mod>