<?xml version="1.0" encoding="UTF-8"?>L0722020EN2810120191017EN0005281292<p xmlns="http://docs.oasis-open.org/legaldocml/ns/akn/3.0">Corrigendum to Commission Delegated Regulation (EU) 2019/2199 of 17 October 2019 amending Council Regulation (EC) No 428/2009 setting up a Community regime for the control of exports, transfer, brokering and transit of dual-use items</p><p xmlns="http://docs.oasis-open.org/legaldocml/ns/akn/3.0">(Official Journal of the European Union L 338, 30 December 2019)</p><p xmlns="http://docs.oasis-open.org/legaldocml/ns/akn/3.0"><!--default P | TXT -->On page 163, points 6A002.b to 6A002.f are replaced with the following:</p><mod xmlns="http://docs.oasis-open.org/legaldocml/ns/akn/3.0"><quotedStructure startQuote="" endQuote=""><list><point><num>&quot;b.</num><p>&quot;Monospectral imaging sensors&quot; and &quot;multispectral imaging sensors&quot;, designed for remote sensing applications and having any of the following:</p><list><point><num>1.</num><p>An Instantaneous-Field-Of-View (IFOV) of less than 200 μrad (microradians); or</p></point><point><num>2.</num><p>Specified for operation in the wavelength range exceeding 400 nm but not exceeding 30000 nm and having all the following;</p><list><point><num>a.</num><p>Providing output imaging data in digital format; and</p></point><point><num>b.</num><p>Having any of the following characteristics:</p><list><point><num>1.</num><p>&quot;Space-qualified&quot;; or</p></point><point><num>2.</num><p>Designed for airborne operation, using other than silicon detectors, and having an IFOV of less than 2,5 mrad (milliradians);</p></point></list></point></list></point></list><num>Note:</num><p><i>6A002.b.1. does not control &quot;monospectral imaging sensors&quot; with a peak response in the wavelength range exceeding 300 nm but not exceeding 900 nm and only incorporating any of the following non&#45;&quot;space-qualified&quot; detectors or non&#45;&quot;space-qualified&quot;&quot;focal plane arrays&quot;:</i><list><point><num>1.</num><p><i>Charge Coupled Devices (CCD) not designed or modified to achieve &apos;charge multiplication&apos;; or</i></p></point><point><num>2.</num><p><i>Complementary Metal Oxide Semiconductor (CMOS) devices not designed or modified to achieve &apos;charge multiplication&apos;.</i></p></point></list></p></point><point><num>c.</num><p>&apos;Direct view&apos; imaging equipment incorporating any of the following:</p><list><point><num>1.</num><p>Image intensifier tubes specified in 6A002.a.2.a. or 6A002.a.2.b.;</p></point><point><num>2.</num><p>&quot;Focal plane arrays&quot; specified in 6A002.a.3.; or</p></point><point><num>3.</num><p>Solid state detectors specified in 6A002.a.1.;</p></point></list><p>Technical Note:</p><p><!--default P | TXT --><i>&apos;Direct view&apos; refers to imaging equipment that presents a visual image to a human observer without converting the image into an electronic signal for television display, and that cannot record or store the image photographically, electronically or by any other means.</i></p><num>Note:</num><p><i>6A002.c. does not control equipment as follows, when incorporating other than GaAs or GaInAs photocathodes:</i><list><point><num>a.</num><p><i>Industrial or civilian intrusion alarm, traffic or industrial movement control or counting systems;</i></p></point><point><num>b.</num><p><i>Medical equipment;</i></p></point><point><num>c.</num><p><i>Industrial equipment used for inspection, sorting or analysis of the properties of materials;</i></p></point><point><num>d.</num><p><i>Flame detectors for industrial furnaces;</i></p></point><point><num>e.</num><p><i>Equipment specially designed for laboratory use.</i></p></point></list></p></point><point><num>d.</num><p>Special support components for optical sensors, as follows:</p><list><point><num>1.</num><p>&quot;Space-qualified&quot; cryocoolers;</p></point><point><num>2.</num><p>Non-&quot;space-qualified&quot; cryocoolers having a cooling source temperature below 218 K (-55°C), as follows:</p><list><point><num>a.</num><p>Closed cycle type with a specified Mean-Time-To-Failure (MTTF) or Mean-Time-Between-Failures (MTBF), exceeding 2500 hours;</p></point><point><num>b.</num><p>Joule-Thomson (JT) self-regulating minicoolers having bore (outside) diameters of less than 8 mm;</p></point></list></point><point><num>3.</num><p>Optical sensing fibres specially fabricated either compositionally or structurally, or modified by coating, to be acoustically, thermally, inertially, electromagnetically or nuclear radiation sensitive;</p></point></list><p><!--default P | TXT --><num>Note:</num><p><i>6A002.d.3. does not control encapsulated optical sensing fibres specially designed for bore hole sensing applications.</i></p></p></point><point><num>e.</num><p>Not used.</p></point><point><num>f.</num><p>&apos;Read-out integrated circuits&apos; (&apos;ROIC&apos;) specially designed for &quot;focal plane arrays&quot; specified in 6A002.a.3.</p><p><!--default P | TXT --><num>Note:</num><p><i>6A002.f. does not control &apos;read-out integrated circuits&apos; specially designed for civil automotive applications.</i></p><p>Technical Note:</p><p><!--default P | TXT --><i>A &apos;Read-Out Integrated Circuit&apos; (&apos;ROIC&apos;) is an integrated circuit designed to underlie or be bonded to a &quot;focal plane array&quot; (&quot;FPA&quot;) and used to read-out (i.e., extract and register) signals produced by the detector elements. At a minimum the &apos;ROIC&apos; reads the charge from the detector elements by extracting the charge and applying a multiplexing function in a manner that retains the relative spatial position and orientation information of the detector elements for processing inside or outside the &apos;ROIC&apos;.</i>&quot;</p></p></point></list></quotedStructure></mod>