<?xml version="1.0" encoding="UTF-8"?><akomaNtoso xmlns="http://docs.oasis-open.org/legaldocml/ns/akn/3.0" xmlns:fmx="http://formex.publications.europa.eu/schema/formex-05.21-20110601.xd" xmlns:leos="urn:eu:europa:ec:leos" xmlns:xs="http://www.w3.org/2001/XMLSchema"><bill name=""><meta xmlns:fn="http://www.w3.org/2005/xpath-functions"><identification source="~COM"><FRBRWork><FRBRthis value=""/><FRBRuri value=""/><FRBRdate date="2999-01-01" name=""/><FRBRauthor href=""/><FRBRcountry value=""/></FRBRWork><FRBRExpression><FRBRthis value=""/><FRBRuri value=""/><FRBRdate date="2999-01-01" name=""/><FRBRauthor href=""/><FRBRlanguage language="eng"/></FRBRExpression><FRBRManifestation><FRBRthis value=""/><FRBRuri value=""/><FRBRdate date="2999-01-01" name=""/><FRBRauthor href=""/></FRBRManifestation></identification></meta><preface><longTitle><p><docStage/><docType>COMMISSION IMPLEMENTING REGULATION (EU) 2020/131</docType>of 29 January 2020<docPurpose>amending Regulation (EC) No 1484/95 as regards fixing representative prices in the poultrymeat and egg sectors and for egg albumin</docPurpose></p></longTitle></preface><preamble><formula name="actingEntity"><p>THE EUROPEAN COMMISSION,</p></formula><citations><citation><p>Having regard to the Treaty on the Functioning of the European Union,</p></citation><citation><p>Having regard to Regulation (EU) No 1308/2013 of the European Parliament and of the Council of 17 December 2013 establishing a common organisation of the markets in agricultural products and repealing Council Regulations (EEC) No 922/72, (EEC) No 234/79, (EC) No 1037/2001 and (EC) No 1234/2007<authorialNote placement="bottom" marker="1"><p>OJ L 347, 20.12.2013, p. 671.</p></authorialNote>, and in particular Article 183(b) thereof,</p></citation><citation><p>Having regard to Regulation (EU) No 510/2014 of the European Parliament and of the Council of 16 April 2014 laying down the trade arrangements applicable to certain goods resulting from the processing of agricultural products and repealing Council Regulations (EC) No 1216/2009 and (EC) No 614/2009<authorialNote placement="bottom" marker="2"><p>OJ L 150, 20.5.2014, p. 1.</p></authorialNote>, and in particular Article 5(6)(a) thereof,</p></citation></citations><recitals xml:id="recs_d88e79"><intro><p>Whereas:</p></intro><recital xml:id="rec_d88e82"><num>(1)</num><p>Commission Regulation (EC) No 1484/95<authorialNote placement="bottom" marker="3"><p>Commission Regulation (EC) No 1484/95 of 28 June 1995 laying down detailed rules for implementing the system of additional import duties and fixing representative prices in the poultrymeat and egg sectors and for egg albumin, and repealing Regulation No 163/67/EEC (OJ L 145, 29.6.1995, p. 47).</p></authorialNote> lays down detailed rules for implementing the system of additional import duties and fixes representative prices in the poultrymeat and egg sectors and for egg albumin.</p></recital><recital xml:id="rec_d88e98"><num>(2)</num><p>Regular monitoring of the data used to determine representative prices for poultrymeat and egg products and for egg albumin shows that the representative import prices for certain products should be amended to take account of variations in price according to origin.</p></recital><recital xml:id="rec_d88e104"><num>(3)</num><p>Regulation (EC) No 1484/95 should therefore be amended accordingly.</p></recital><recital xml:id="rec_d88e110"><num>(4)</num><p>Given the need to ensure that this measure applies as soon as possible after the updated data have been made available, this Regulation should enter into force on the day of its publication,</p></recital></recitals><formula name="enactingFormula"><p>HAS ADOPTED THIS REGULATION:</p></formula></preamble><body><article xml:id="art_d88e119"><num>Article 1</num><heading/><paragraph><content><p>Annex I to Regulation (EC) No 1484/95 is replaced by the text set out in the Annex to this Regulation.</p></content></paragraph></article><article xml:id="art_d88e124"><num>Article 2</num><heading/><paragraph><content><p>This Regulation shall enter into force on the day of its publication in the <i>Official Journal of the European Union</i>.</p></content></paragraph></article><clause><content><p>This Regulation shall be binding in its entirety and directly applicable in all Member States.</p></content></clause></body><conclusions><p>Done at Brussels, 29 January 2020.</p><block name="signatory"><signature><organization refersTo="">For the Commission,</organization><role refersTo="">On behalf of the President,</role><person refersTo="">María Ángeles BENÍTEZ SALAS</person><!-- <leos:unknown><P xmlns="" xmlns:xsi="http://www.w3.org/2001/XMLSchema-instance"><HT TYPE="ITALIC">Deputy Director-General</HT></P></leo:unknown> --><!-- <leos:unknown><P xmlns="" xmlns:xsi="http://www.w3.org/2001/XMLSchema-instance"><HT TYPE="ITALIC">Directorate-General for Agriculture and Rural Development</HT></P></leo:unknown> --></signature></block></conclusions></bill></akomaNtoso>