<?xml version="1.0" encoding="UTF-8"?><akomaNtoso xmlns="http://docs.oasis-open.org/legaldocml/ns/akn/3.0" xmlns:fmx="http://formex.publications.europa.eu/schema/formex-05.21-20110601.xd" xmlns:leos="urn:eu:europa:ec:leos" xmlns:xs="http://www.w3.org/2001/XMLSchema"><bill name=""><meta xmlns:fn="http://www.w3.org/2005/xpath-functions"><identification source="~COM"><FRBRWork><FRBRthis value=""/><FRBRuri value=""/><FRBRdate date="2999-01-01" name=""/><FRBRauthor href=""/><FRBRcountry value=""/></FRBRWork><FRBRExpression><FRBRthis value=""/><FRBRuri value=""/><FRBRdate date="2999-01-01" name=""/><FRBRauthor href=""/><FRBRlanguage language="eng"/></FRBRExpression><FRBRManifestation><FRBRthis value=""/><FRBRuri value=""/><FRBRdate date="2999-01-01" name=""/><FRBRauthor href=""/></FRBRManifestation></identification></meta><preface><longTitle><p><docStage/><docType>COMMISSION DECISION (EU) 2020/36</docType>of 15 January 2020<docPurpose>amending the Annex to the Monetary Agreement between the European Union and the Principality of Andorra</docPurpose></p></longTitle></preface><preamble><formula name="actingEntity"><p>THE EUROPEAN COMMISSION,</p></formula><citations><citation><p>Having regard to the Treaty on the Functioning of the European Union,</p></citation><citation><p>Having regard to the Monetary Agreement of 30 June 2011 between the European Union and the Principality of Andorra<authorialNote placement="bottom" marker="1"><p>OJ C 369, 17.12.2011, p. 1.</p></authorialNote>, and in particular Article 8(4) thereof,</p></citation></citations><recitals xml:id="recs_d29e68"><intro><p>Whereas:</p></intro><recital xml:id="rec_d29e71"><num>(1)</num><p>Article 8 of the Monetary Agreement between the European Union and the Principality of Andorra (hereinafter &apos;the Monetary Agreement&apos;) requires the Principality of Andorra to implement Union acts concerning the rules on euro banknotes and coins, banking and financial law, prevention of money laundering, prevention of fraud and counterfeiting of cash and non-cash means of payment, medals and tokens and statistical reporting requirements. Those acts are listed in the Annex to the Monetary Agreement,</p></recital><recital xml:id="rec_d29e81"><num>(2)</num><p>The Annex needs to be amended by the Commission every year to take into account the new relevant legal acts and rules of the Union and the amendments to the existing ones,</p></recital><recital xml:id="rec_d29e87"><num>(3)</num><p>Some legal acts and rules of the Union are not relevant anymore and should therefore be deleted from the Annex, while some new relevant legal acts and rules of the Union and some amendments to existing legal acts were adopted and have to be added to the Annex,</p></recital><recital xml:id="rec_d29e93"><num>(4)</num><p>The Annex to the Monetary Agreement should therefore be amended accordingly,</p></recital></recitals><formula name="enactingFormula"><p>HAS ADOPTED THIS DECISION:</p></formula></preamble><body><article xml:id="art_d29e102"><num>Article 1</num><heading/><paragraph><content><p>The Annex to the Monetary Agreement between the European Union and the Principality of Andorra is replaced by the Annex to this Decision.</p></content></paragraph></article><article xml:id="art_d29e107"><num>Article 2</num><heading/><paragraph><content><p>This Decision shall enter into force on the day following that of its publication in the <i>Official Journal of the European Union</i>.</p></content></paragraph></article></body><conclusions><p>Done at Brussels, 15 January 2020.</p><block name="signatory"><signature><organization refersTo="">For the Commission</organization><role refersTo="">The President</role><person refersTo="">Ursula VON DER LEYEN</person></signature></block></conclusions></bill></akomaNtoso>