<?xml version="1.0" encoding="UTF-8"?><akomaNtoso xmlns="http://docs.oasis-open.org/legaldocml/ns/akn/3.0" xmlns:fmx="http://formex.publications.europa.eu/schema/formex-05.21-20110601.xd" xmlns:leos="urn:eu:europa:ec:leos" xmlns:xs="http://www.w3.org/2001/XMLSchema"><bill name=""><meta xmlns:fn="http://www.w3.org/2005/xpath-functions"><identification source="~COM"><FRBRWork><FRBRthis value=""/><FRBRuri value=""/><FRBRdate date="2999-01-01" name=""/><FRBRauthor href=""/><FRBRcountry value=""/></FRBRWork><FRBRExpression><FRBRthis value=""/><FRBRuri value=""/><FRBRdate date="2999-01-01" name=""/><FRBRauthor href=""/><FRBRlanguage language="eng"/></FRBRExpression><FRBRManifestation><FRBRthis value=""/><FRBRuri value=""/><FRBRdate date="2999-01-01" name=""/><FRBRauthor href=""/></FRBRManifestation></identification></meta><preface><longTitle><p><docStage/><docType>COMMISSION IMPLEMENTING REGULATION (EU) 2020/410</docType>of 12 March 2020<docPurpose>approving non-minor amendments to the specification for a name entered in the register of protected designations of origin and protected geographical indications &apos;Queso de Valdeón&apos; (PGI)</docPurpose></p></longTitle></preface><preamble><formula name="actingEntity"><p>THE EUROPEAN COMMISSION,</p></formula><citations><citation><p>Having regard to the Treaty on the Functioning of the European Union,</p></citation><citation><p>Having regard to Regulation (EU) No 1151/2012 of the European Parliament and of the Council of 21 November 2012 on quality schemes for agricultural products and foodstuffs<authorialNote placement="bottom" marker="1"><p>OJ L 343, 14.12.2012, p. 1.</p></authorialNote>, and in particular Article 52(2) thereof,</p></citation></citations><recitals xml:id="recs_d160e72"><intro><p>Whereas:</p></intro><recital xml:id="rec_d160e75"><num>(1)</num><p>Pursuant to the first subparagraph of Article 53(1) of Regulation (EU) No 1151/2012, the Commission has examined Spain&apos;s application for the approval of amendments to the specification for the protected geographical indication &apos;Queso de Valdeón&apos;, registered under Commission Regulation (EC) No 135/2004<authorialNote placement="bottom" marker="2"><p>Commission Regulation (EC) No 135/2004 of 27 January 2004 supplementing the Annex to Regulation (EC) No 2400/96 on the entry of certain names in the Register of protected designations of origin and protected geographical indications (Fraise du Périgord and Queso de Valdeón) (OJ L 21, 28.1.2004, p. 9).</p></authorialNote>.</p></recital><recital xml:id="rec_d160e95"><num>(2)</num><p>Since the amendments in question are not minor within the meaning of Article 53(2) of Regulation (EU) No 1151/2012, the Commission published the amendment application in the <i>Official Journal of the European Union</i><authorialNote placement="bottom" marker="3"><p>OJ C 375, 6.11.2019, p. 30.</p></authorialNote> as required by Article 50(2)(a) of that Regulation.</p></recital><recital xml:id="rec_d160e109"><num>(3)</num><p>As no statement of opposition under Article 51 of Regulation (EU) No 1151/2012 has been received by the Commission, the amendments to the specification should be approved,</p></recital></recitals><formula name="enactingFormula"><p>HAS ADOPTED THIS REGULATION:</p></formula></preamble><body><article xml:id="art_d160e118"><num>Article 1</num><heading/><paragraph><content><p>The amendments to the specification published in the <i>Official Journal of the European Union</i> regarding the name &apos;Queso de Valdeón&apos; (PGI) are hereby approved.</p></content></paragraph></article><article xml:id="art_d160e130"><num>Article 2</num><heading/><paragraph><content><p>This Regulation shall enter into force on the twentieth day following that of its publication in the <i>Official Journal of the European Union</i>.</p></content></paragraph></article><clause><content><p>This Regulation shall be binding in its entirety and directly applicable in all Member States.</p></content></clause></body><conclusions><p>Done at Brussels, 12 March 2020.</p><block name="signatory"><signature><organization refersTo="">For the Commission,</organization><role refersTo="">On behalf of the President,</role><person refersTo="">Janusz WOJCIECHOWSKI</person><!-- <leos:unknown><P xmlns="" xmlns:xsi="http://www.w3.org/2001/XMLSchema-instance"><HT TYPE="ITALIC">Member of the Commission</HT></P></leo:unknown> --></signature></block></conclusions></bill></akomaNtoso>