<?xml version="1.0" encoding="UTF-8"?>L0532020EN410120191219EN000241195192<p xmlns="http://docs.oasis-open.org/legaldocml/ns/akn/3.0">Corrigendum to Council Regulation (EU) 2019/2197 of 19 December 2019 amending Regulation (EU) No 1387/2013 suspending the autonomous Common Customs Tariff duties on certain agricultural and industrial products</p><p xmlns="http://docs.oasis-open.org/legaldocml/ns/akn/3.0">(Official Journal of the European Union L 335 of 27 December 2019)</p><p xmlns="http://docs.oasis-open.org/legaldocml/ns/akn/3.0"><!--default P | TXT -->Regulation (EU) 2019/2197 should read as follows:</p><mod xmlns="http://docs.oasis-open.org/legaldocml/ns/akn/3.0"><quotedStructure startQuote="" endQuote=""><p><!--default P | TXT -->&apos;</p><p><!--default P | TXT -->&apos;</p></quotedStructure></mod>