<?xml version="1.0" encoding="UTF-8"?><akomaNtoso xmlns="http://docs.oasis-open.org/legaldocml/ns/akn/3.0" xmlns:fmx="http://formex.publications.europa.eu/schema/formex-05.21-20110601.xd" xmlns:leos="urn:eu:europa:ec:leos" xmlns:xs="http://www.w3.org/2001/XMLSchema"><bill name=""><meta xmlns:fn="http://www.w3.org/2005/xpath-functions"><identification source="~COM"><FRBRWork><FRBRthis value=""/><FRBRuri value=""/><FRBRdate date="2999-01-01" name=""/><FRBRauthor href=""/><FRBRcountry value=""/></FRBRWork><FRBRExpression><FRBRthis value=""/><FRBRuri value=""/><FRBRdate date="2999-01-01" name=""/><FRBRauthor href=""/><FRBRlanguage language="eng"/></FRBRExpression><FRBRManifestation><FRBRthis value=""/><FRBRuri value=""/><FRBRdate date="2999-01-01" name=""/><FRBRauthor href=""/></FRBRManifestation></identification></meta><preface><longTitle><p><docStage/><docType>DECISION (EU) 2020/506 OF THE EUROPEAN CENTRAL BANK</docType>of 7 April 2020<docPurpose>amending Guideline (EU) 2015/510 on the implementation of the Eurosystem monetary policy framework and Guideline (EU) 2016/65 on the valuation haircuts applied in the implementation of the Eurosystem monetary policy framework (ECB/2020/20)</docPurpose></p></longTitle></preface><preamble><formula name="actingEntity"><p>THE GOVERNING COUNCIL OF THE EUROPEAN CENTRAL BANK,</p></formula><citations><citation><p>Having regard to the Treaty on the Functioning of the European Union, and in particular the first indent of Article 127(2) thereof,</p></citation><citation><p>Having regard to the Statute of the European System of Central Banks and of the European Central Bank, and in particular to the first subparagraph of Article 12.1 in conjunction with the first indent of Article 3.1 and Article 18 thereof,</p></citation></citations><recitals xml:id="recs_d167e61"><intro><p>Whereas:</p></intro><recital xml:id="rec_d167e64"><num>(1)</num><p>In accordance with Article 18.1 of the Statute of the European System of Central Banks and of the European Central Bank (hereinafter the &apos;Statute of the ESCB&apos;), the European Central Bank (ECB) and the national central banks of the Member States whose currency is the euro (hereinafter the &apos;NCBs&apos;) may conduct credit operations with credit institutions and other market participants, with lending being based on adequate collateral. The general conditions under which the ECB and the NCBs stand ready to enter into credit operations, including the criteria determining the eligibility of collateral for the purposes of Eurosystem credit operations, are laid down in Guideline (EU) 2015/510 of the European Central Bank (ECB/2014/60)<authorialNote placement="bottom" marker="1"><p>Guideline (EU) 2015/510 of the European Central Bank of 19 December 2014 on the implementation of the Eurosystem monetary policy framework (General Documentation Guideline) (ECB/2014/60) (OJ L 91, 2.4.2015, p. 3).</p></authorialNote> .</p></recital><recital xml:id="rec_d167e88"><num>(2)</num><p>Coronavirus disease 2019 (COVID-19) has been characterised by the World Health Organization as a pandemic and is the cause of a collective public health emergency which is unprecedented in recent history. It has produced an extreme economic shock that requires an ambitious, coordinated and urgent reaction on all policy fronts to support businesses and workers at risk. As a consequence of the pandemic, economic activity across the euro area is declining and will inevitably suffer a considerable contraction, especially as more countries are faced with the need to intensify containment measures. These measures place acute strains on the cash-flows of businesses and workers and put the survival of businesses and jobs at risk. It is also clear that this situation hampers the transmission of the monetary policy impulses and adds severe downside risks to the relevant inflation outlook.</p></recital><recital xml:id="rec_d167e94"><num>(3)</num><p>On 7 April 2020, the Governing Council adopted a further set of decisions in response to the COVID-19 pandemic, which could jeopardise the objective of price stability and the proper functioning of the monetary policy transmission mechanism. These include collateral easing measures to facilitate Eurosystem counterparties in maintaining sufficient eligible collateral in order to be able to participate in all liquidity-providing operations. These measures are proportionate to counter the serious risks to price stability, the monetary policy transmission mechanism and the economic outlook in the euro area posed by the outbreak and escalating diffusion of COVID-19. Such measures need to apply temporarily, until the Governing Council considers that the abovementioned risks have subsided.</p></recital><recital xml:id="rec_d167e104"><num>(4)</num><p>Therefore, Guideline (EU) 2015/510 (ECB/2014/60) should be amended accordingly.</p></recital><recital xml:id="rec_d167e110"><num>(5)</num><p>Moreover, the Governing Council has decided to temporarily increase its willingness to take on risks to support the provision of credit via its refinancing operations. In particular, the valuation haircuts applied to collateral will be reduced by a fixed factor.</p></recital><recital xml:id="rec_d167e116"><num>(6)</num><p>Therefore Guideline (EU) 2016/65 of the European Central Bank (ECB/2015/35)<authorialNote placement="bottom" marker="2"><p>Guideline (EU) 2016/65 of the European Central Bank of 18 November 2015 on the valuation haircuts applied in the implementation of the Eurosystem monetary policy framework (ECB/2015/35) (OJ L 14, 21.1.2016, p. 30).</p></authorialNote> should be amended accordingly.</p></recital><recital xml:id="rec_d167e132"><num>(7)</num><p>To react promptly to the current pandemic situation, these amendments should be made by a decision that takes effect on the date of notification to the NCBs and should be published without delay in the <i>Official Journal of the European Union</i>, so that those amendments will be applied directly by the NCBs on the dates specified,</p></recital></recitals><formula name="enactingFormula"><p>HAS ADOPTED THIS DECISION:</p></formula></preamble><body><article xml:id="art_d167e144" leos:compliant="false"><num>Article 1</num><heading>Amendments to Guideline (EU) 2015/510 (ECB/2014/60)</heading><paragraph><subparagraph><content><p>Guideline (EU) 2015/510 (ECB/2014/60) is amended as follows:</p></content></subparagraph><list><point><num>(1)</num><alinea><content><p>Article 93 is replaced by the following:</p></content></alinea><alinea><content><p><mod><quotedStructure startQuote="" endQuote=""><article xml:id="art_d167e161"><num>&apos;Article 93</num><heading>Minimum size of credit claims</heading><paragraph><content><p>For domestic use, credit claims shall, at the time of their submission as collateral by the counterparty, meet a minimum size threshold of EUR 0, or any higher amount that may be laid down by the home NCB. For cross-border use, a minimum size threshold of EUR 500000 shall apply.&apos;;</p></content></paragraph></article></quotedStructure></mod></p></content></alinea></point><point><num>(2)</num><content><p>in Article 141, paragraph 1, the percentage value &apos;2,5%&apos; is replaced by the percentage value &apos;10%&apos;.</p></content></point></list></paragraph></article><article xml:id="art_d167e188" leos:compliant="false"><num>Article 2</num><heading>Amendments to Guideline (EU) 2016/65 (ECB/2015/35)</heading><paragraph><subparagraph><content><p>Guideline (EU) 2016/65 (ECB/2015/35) is amended as follows:</p></content></subparagraph><list><point><num>(1)</num><alinea><content><p>Article 4 is replaced by the following:</p></content></alinea><alinea><content><p><mod><quotedStructure startQuote="" endQuote=""><article xml:id="art_d167e205"><num>&apos;Article 4</num><heading>Additional valuation haircuts applied to specific types of marketable assets</heading><paragraph><subparagraph><content><p>In addition to the valuation haircuts laid down in Article 3 of this Guideline, the following additional valuation haircuts shall apply for specific types of marketable assets:</p></content></subparagraph><list><point><num>(a)</num><content><p>asset-backed securities, covered bonds and unsecured debt instruments issued by credit institutions that are theoretically valued in accordance with the rules contained in Article 134 of Guideline (EU) 2015/510 (ECB/2014/60) shall be subject to an additional valuation haircut in the form of a valuation markdown of 4%;</p></content></point><point><num>(b)</num><content><p>own-use covered bonds shall be subject to an additional valuation haircut of (i) 6,4% applied to the value of the debt instruments allocated to credit quality steps 1 and 2, and (ii) 9,6% applied to the value of the debt instruments allocated to credit quality step 3;</p></content></point><point><num>(c)</num><content><p>for the purposes of paragraph (b), &quot;own-use&quot; shall mean the submission or use by a counterparty of covered bonds that are issued or guaranteed by the counterparty itself or by any other entity with which that counterparty has close links as determined in accordance with Article 138 of Guideline (EU) 2015/510 (ECB/2014/60);</p></content></point><point><num>(d)</num><content><p>if the additional valuation haircut referred to in paragraph (b) cannot be applied with respect to a collateral management system of an NCB, triparty agent, or TARGET2-Securities for auto-collateralisation, the additional valuation haircut shall be applied in such systems or platform to the entire issuance value of the covered bonds that can be own used.&apos;;</p></content></point></list></paragraph></article></quotedStructure></mod></p></content></alinea></point><point><num>(2)</num><alinea><content><p>in Article 5, paragraph 5 is replaced by the following:</p></content></alinea><alinea><content><p><mod><quotedStructure startQuote="" endQuote=""><list><num>&apos;5.</num><content><p>Non-marketable retail mortgage-backed debt instruments shall be subject to a valuation haircut of 25,2%.&apos;;</p></content></list></quotedStructure></mod></p></content></alinea></point><point><num>(3)</num><alinea><content><p>in the Annex, Tables 2, 2a and 3 are replaced by the following:</p></content></alinea><alinea><content><p><mod><quotedStructure startQuote="" endQuote=""><alinea><content><table class="TBL"><caption>&apos;Table 2<eol/>Valuation haircut levels (in %) applied to eligible marketable assets in haircut categories I to IV</caption><authorialNote placement="bottom" marker="3"><p>i.e. [0,1) residual maturity less than one year, [1,3) residual maturity equal to or greater than one year and less than three years, etc.</p></authorialNote><tr><th><p/></th><th><p>Haircut categories</p></th></tr><tr><th><p>Credit quality</p></th><th><p>Residual maturity (years)<authorialNote placement="bottom" marker="4"/></p></th><th><p>Category I</p></th><th><p>Category II</p></th><th><p>Category III</p></th><th><p>Category IV</p></th></tr><tr><th><p>fixed coupon</p></th><th><p>zero coupon</p></th><th><p>floating coupon</p></th><th><p>fixed coupon</p></th><th><p>zero coupon</p></th><th><p>floating coupon</p></th><th><p>fixed coupon</p></th><th><p>zero coupon</p></th><th><p>floating coupon</p></th><th><p>fixed coupon</p></th><th><p>zero coupon</p></th><th><p>floating coupon</p></th></tr><tr><td rowspan="6"><p>Steps 1 and 2</p></td><td><p>[0,1)</p></td><td><p>0,4</p></td><td><p>0,4</p></td><td><p>0,4</p></td><td><p>0,8</p></td><td><p>0,8</p></td><td><p>0,8</p></td><td><p>0,8</p></td><td><p>0,8</p></td><td><p>0,8</p></td><td><p>6,0</p></td><td><p>6,0</p></td><td><p>6,0</p></td></tr><tr><td><p>[1,3)</p></td><td><p>0,8</p></td><td><p>1,6</p></td><td><p>0,4</p></td><td><p>1,2</p></td><td><p>2,0</p></td><td><p>0,8</p></td><td><p>1,6</p></td><td><p>2,4</p></td><td><p>0,8</p></td><td><p>8,0</p></td><td><p>8,4</p></td><td><p>6,0</p></td></tr><tr><td><p>[3,5)</p></td><td><p>1,2</p></td><td><p>2,0</p></td><td><p>0,4</p></td><td><p>2,0</p></td><td><p>2,8</p></td><td><p>0,8</p></td><td><p>2,4</p></td><td><p>3,6</p></td><td><p>0,8</p></td><td><p>10,4</p></td><td><p>10,8</p></td><td><p>6,0</p></td></tr><tr><td><p>[5,7)</p></td><td><p>1,6</p></td><td><p>2,4</p></td><td><p>0,8</p></td><td><p>2,8</p></td><td><p>3,6</p></td><td><p>1,2</p></td><td><p>3,6</p></td><td><p>4,8</p></td><td><p>1,6</p></td><td><p>11,6</p></td><td><p>12,4</p></td><td><p>8,0</p></td></tr><tr><td><p>[7,10)</p></td><td><p>2,4</p></td><td><p>3,2</p></td><td><p>1,2</p></td><td><p>3,6</p></td><td><p>5,2</p></td><td><p>2,0</p></td><td><p>4,8</p></td><td><p>6,4</p></td><td><p>2,4</p></td><td><p>13,2</p></td><td><p>14,4</p></td><td><p>10,4</p></td></tr><tr><td><p>[10, ∞)</p></td><td><p>4,0</p></td><td><p>5,6</p></td><td><p>1,6</p></td><td><p>6,4</p></td><td><p>8,4</p></td><td><p>2,8</p></td><td><p>7,2</p></td><td><p>10,4</p></td><td><p>3,6</p></td><td><p>16,0</p></td><td><p>20,4</p></td><td><p>11,6</p></td></tr><tr><td rowspan="6"><p>Step 3</p></td><td><p>[0,1)</p></td><td><p>4,8</p></td><td><p>4,8</p></td><td><p>4,8</p></td><td><p>5,6</p></td><td><p>5,6</p></td><td><p>5,6</p></td><td><p>6,4</p></td><td><p>6,4</p></td><td><p>6,4</p></td><td><p>10,4</p></td><td><p>10,4</p></td><td><p>10,4</p></td></tr><tr><td><p>[1,3)</p></td><td><p>5,6</p></td><td><p>6,4</p></td><td><p>4,8</p></td><td><p>7,6</p></td><td><p>10,8</p></td><td><p>5,6</p></td><td><p>9,6</p></td><td><p>12,0</p></td><td><p>6,4</p></td><td><p>18,0</p></td><td><p>20,0</p></td><td><p>10,4</p></td></tr><tr><td><p>[3,5)</p></td><td><p>7,2</p></td><td><p>8,0</p></td><td><p>4,8</p></td><td><p>10,8</p></td><td><p>14,8</p></td><td><p>5,6</p></td><td><p>13,2</p></td><td><p>17,6</p></td><td><p>6,4</p></td><td><p>22,4</p></td><td><p>26,0</p></td><td><p>10,4</p></td></tr><tr><td><p>[5,7)</p></td><td><p>8,0</p></td><td><p>9,2</p></td><td><p>5,6</p></td><td><p>11,2</p></td><td><p>16,0</p></td><td><p>7,6</p></td><td><p>14,8</p></td><td><p>20,8</p></td><td><p>9,6</p></td><td><p>24,4</p></td><td><p>28,0</p></td><td><p>18,0</p></td></tr><tr><td><p>[7,10)</p></td><td><p>9,2</p></td><td><p>10,4</p></td><td><p>7,2</p></td><td><p>12,8</p></td><td><p>19,6</p></td><td><p>10,8</p></td><td><p>15,2</p></td><td><p>22,4</p></td><td><p>13,2</p></td><td><p>24,8</p></td><td><p>29,6</p></td><td><p>22,4</p></td></tr><tr><td><p>[10, ∞)</p></td><td><p>10,4</p></td><td><p>12,8</p></td><td><p>8,0</p></td><td><p>15,2</p></td><td><p>23,6</p></td><td><p>11,2</p></td><td><p>15,6</p></td><td><p>24,0</p></td><td><p>14,8</p></td><td><p>25,2</p></td><td><p>30,4</p></td><td><p>24,4</p></td></tr></table></content></alinea><alinea><content><table class="TBL"><caption>Table 2a<eol/>Valuation haircut levels (in %) applied to eligible marketable assets in haircut category V</caption><authorialNote placement="bottom" marker="5"><p>i.e. [0,1) WAL less than one year, [1,3) WAL equal to or greater than one year and less than three years, etc.</p></authorialNote><tr><th><p/></th><th><p/></th><th><p>Category V</p></th></tr><tr><th><p>Credit quality</p></th><th><p>Weighted Average Life<authorialNote placement="bottom" marker="6"/></p></th><th><p>Valuation haircut</p></th></tr><tr><td rowspan="6"><p>Steps 1 and 2</p></td><td><p>[0,1)</p></td><td><p>3,2</p></td></tr><tr><td><p>[1,3)</p></td><td><p>3,6</p></td></tr><tr><td><p>[3,5)</p></td><td><p>4,0</p></td></tr><tr><td><p>[5,7)</p></td><td><p>7,2</p></td></tr><tr><td><p>[7,10)</p></td><td><p>10,4</p></td></tr><tr><td><p>[10, ∞)</p></td><td><p>16,0</p></td></tr></table></content></alinea><alinea><content><table class="TBL"><caption>Table 3<eol/>Valuation haircut levels (in %) applied to eligible credit claims</caption><authorialNote placement="bottom" marker="7"><p>i.e. [0,1) residual maturity less than one year, [1,3) residual maturity equal to or greater than one year and less than three years, etc.&apos;.</p></authorialNote><tr><th><p>Credit quality</p></th><th><p>Residual maturity (years)<authorialNote placement="bottom" marker="8"/></p></th><th><p>Fixed interest payment</p></th><th><p>Floating interest payment</p></th></tr><tr><td rowspan="6"><p>Steps 1 and 2</p></td><td><p>[0,1)</p></td><td><p>6,4</p></td><td><p>6,4</p></td></tr><tr><td><p>[1,3)</p></td><td><p>9,6</p></td><td><p>6,4</p></td></tr><tr><td><p>[3,5)</p></td><td><p>12,8</p></td><td><p>6,4</p></td></tr><tr><td><p>[5,7)</p></td><td><p>14,8</p></td><td><p>9,6</p></td></tr><tr><td><p>[7,10)</p></td><td><p>19,2</p></td><td><p>12,8</p></td></tr><tr><td><p>[10, ∞)</p></td><td><p>28</p></td><td><p>14,8</p></td></tr><tr><td rowspan="6"><p>Step 3</p></td><td><p>[0,1)</p></td><td><p>12</p></td><td><p>12</p></td></tr><tr><td><p>[1,3)</p></td><td><p>22,4</p></td><td><p>12</p></td></tr><tr><td><p>[3,5)</p></td><td><p>29,2</p></td><td><p>12</p></td></tr><tr><td><p>[5,7)</p></td><td><p>34,4</p></td><td><p>22,4</p></td></tr><tr><td><p>[7,10)</p></td><td><p>36</p></td><td><p>29,2</p></td></tr><tr><td><p>[10, ∞)</p></td><td><p>38,4</p></td><td><p>34,4</p></td></tr></table></content></alinea></quotedStructure></mod></p></content></alinea></point></list></paragraph></article><article xml:id="art_d167e854"><num>Article 3</num><heading>Taking effect and application</heading><paragraph><num>1.</num><content><p>This Decision shall take effect on the day of its notification to the NCBs. It shall be notified immediately after adoption, and it shall be published in the <i>Official Journal of the European Union</i> without delay.</p></content></paragraph><paragraph><num>2.</num><content><p>Article 1 shall apply from 8 April 2020, and Article 2 shall apply from 20 April 2020.</p></content></paragraph></article><article xml:id="art_d167e879"><num>Article 4</num><heading>Addressees</heading><paragraph><content><p>This Decision is addressed to the NCBs.</p></content></paragraph></article></body><conclusions><p>Done at Frankfurt am Main, 7 April 2020.</p><block name="signatory"><signature><organization refersTo="">The President of the ECB</organization><role refersTo="">Christine LAGARDE</role></signature></block></conclusions></bill></akomaNtoso>