<?xml version="1.0" encoding="UTF-8"?><akomaNtoso xmlns="http://docs.oasis-open.org/legaldocml/ns/akn/3.0" xmlns:fmx="http://formex.publications.europa.eu/schema/formex-05.21-20110601.xd" xmlns:leos="urn:eu:europa:ec:leos" xmlns:xs="http://www.w3.org/2001/XMLSchema"><bill name=""><meta xmlns:fn="http://www.w3.org/2005/xpath-functions"><identification source="~COM"><FRBRWork><FRBRthis value=""/><FRBRuri value=""/><FRBRdate date="2999-01-01" name=""/><FRBRauthor href=""/><FRBRcountry value=""/></FRBRWork><FRBRExpression><FRBRthis value=""/><FRBRuri value=""/><FRBRdate date="2999-01-01" name=""/><FRBRauthor href=""/><FRBRlanguage language="eng"/></FRBRExpression><FRBRManifestation><FRBRthis value=""/><FRBRuri value=""/><FRBRdate date="2999-01-01" name=""/><FRBRauthor href=""/></FRBRManifestation></identification></meta><preface><longTitle><p><docStage/><docType>COMMISSION REGULATION (EU) 2020/499</docType>of 3 April 2020<docPurpose>correcting certain language versions of Regulation (EC) No 124/2009 setting maximum levels for the presence of coccidiostats or histomonostats in food resulting from the unavoidable carry-over of these substances in non-target feed</docPurpose></p></longTitle><container name="EEArelevance"><p>(Text with EEA relevance)</p></container></preface><preamble><formula name="actingEntity"><p>THE EUROPEAN COMMISSION,</p></formula><citations><citation><p>Having regard to the Treaty on the Functioning of the European Union,</p></citation><citation><p>Having regard to Council Regulation (EEC) No 315/93 of 8 February 1993 laying down Community procedures for contaminants in food<authorialNote placement="bottom" marker="1"><p>OJ L 37, 13.2.1993, p. 1.</p></authorialNote>, and in particular Article 2(3) thereof,</p></citation></citations><recitals xml:id="recs_d162e71"><intro><p>Whereas:</p></intro><recital xml:id="rec_d162e74"><num>(1)</num><p>The Bulgarian, Croatian and Lithuanian language versions of Commission Regulation (EC) No 124/2009<authorialNote placement="bottom" marker="2"><p>Commission Regulation (EC) No 124/2009 of 10 February 2009 setting maximum levels for the presence of coccidiostats or histomonostats in food resulting from the unavoidable carry-over of these substances in non-target feed (OJ L 40, 11.2.2009, p. 7).</p></authorialNote> contain an error in the Annex, in the header of the third column of the table, as regards the maximum content of substances in foodstuffs.</p></recital><recital xml:id="rec_d162e90"><num>(2)</num><p>The Bulgarian, Croatian and Lithuanian language versions of Regulation (EC) No 124/2009 should therefore be corrected accordingly. The other language versions are not affected.</p></recital><recital xml:id="rec_d162e96"><num>(3)</num><p>The measures provided for in this Regulation are in accordance with the opinion of the Standing Committee on Plants, Animals, Food and Feed,</p></recital></recitals><formula name="enactingFormula"><p>HAS ADOPTED THIS REGULATION:</p></formula></preamble><body><article xml:id="art_d162e105"><num>Article 1</num><heading/><paragraph><content><p><i>(does not concern the English language)</i></p></content></paragraph></article><article xml:id="art_d162e111"><num>Article 2</num><heading/><paragraph><content><p>This Regulation shall enter into force on the twentieth day following that of its publication in the <i>Official Journal of the European Union</i>.</p></content></paragraph></article><clause><content><p>This Regulation shall be binding in its entirety and directly applicable in all Member States.</p></content></clause></body><conclusions><p>Done at Brussels, 3 April 2020.</p><block name="signatory"><signature><organization refersTo="">For the Commission</organization><role refersTo="">The President</role><person refersTo="">Ursula VON DER LEYEN</person></signature></block></conclusions></bill></akomaNtoso>