<?xml version="1.0" encoding="UTF-8"?><akomaNtoso xmlns="http://docs.oasis-open.org/legaldocml/ns/akn/3.0" xmlns:fmx="http://formex.publications.europa.eu/schema/formex-05.21-20110601.xd" xmlns:leos="urn:eu:europa:ec:leos" xmlns:xs="http://www.w3.org/2001/XMLSchema"><bill name=""><meta xmlns:fn="http://www.w3.org/2005/xpath-functions"><identification source="~COM"><FRBRWork><FRBRthis value=""/><FRBRuri value=""/><FRBRdate date="2999-01-01" name=""/><FRBRauthor href=""/><FRBRcountry value=""/></FRBRWork><FRBRExpression><FRBRthis value=""/><FRBRuri value=""/><FRBRdate date="2999-01-01" name=""/><FRBRauthor href=""/><FRBRlanguage language="eng"/></FRBRExpression><FRBRManifestation><FRBRthis value=""/><FRBRuri value=""/><FRBRdate date="2999-01-01" name=""/><FRBRauthor href=""/></FRBRManifestation></identification></meta><preface><longTitle><p><docStage/><docType>COMMISSION REGULATION (EU) 2020/354</docType>of 4 March 2020<docPurpose>establishing a list of intended uses of feed intended for particular nutritional purposes and repealing Directive 2008/38/EC</docPurpose></p></longTitle><container name="EEArelevance"><p>(Text with EEA relevance)</p></container></preface><preamble><formula name="actingEntity"><p>THE EUROPEAN COMMISSION,</p></formula><citations><citation><p>Having regard to the Treaty on the Functioning of the European Union,</p></citation><citation><p>Having regard to Regulation (EC) No 767/2009 of the European Parliament and of the Council of 13 July 2009 on the placing on the market and use of feed, amending European Parliament and Council Regulation (EC) No 1831/2003 and repealing Council Directive 79/373/EEC, Commission Directive 80/511/EEC, Council Directives 82/471/EEC, 83/228/EEC, 93/74/EEC, 93/113/EC and 96/25/EC and Commission Decision 2004/217/EC<authorialNote placement="bottom" marker="1"><p>OJ L 229, 1.9.2009, p. 1.</p></authorialNote>, and in particular Article 10(5) thereof,</p></citation></citations><recitals xml:id="recs_d258e71"><intro><p>Whereas:</p></intro><recital xml:id="rec_d258e74"><num>(1)</num><p>The placing on the market and use of feed is regulated by Regulation (EC) No 767/2009. In accordance with Article 9 of that Regulation, feed intended for particular nutritional purposes may only be marketed if its intended use is included in a list of intended uses established in accordance with Article 10 of the said Regulation.</p></recital><recital xml:id="rec_d258e80"><num>(2)</num><p>Commission Directive 2008/38/EC<authorialNote placement="bottom" marker="2"><p>Commission Directive 2008/38/EC of 5 March 2008 establishing a list of intended uses of animal feedingstuffs for particular nutritional purposes (OJ L 62, 6.3.2008, p. 9).</p></authorialNote> established a list of intended uses of animal feedingstuffs for particular nutritional purposes.</p></recital><recital xml:id="rec_d258e96"><num>(3)</num><p>Part A of Annex I to Directive 2008/38/EC established the general provisions for feed intended for particular nutritional purposes. Considering scientific and technological developments and the labelling requirements established by Regulation (EC) No 767/2009, those general provisions are to be reviewed.</p></recital><recital xml:id="rec_d258e102"><num>(4)</num><p>Articles 11 to 17 of Regulation (EC) No 767/2009 established new principles and rules for the placing on the market of feed, including labelling. As a consequence, several entries in the list of intended uses of feed intended for particular nutritional purposes contained in Part B of Annex I to Directive 2008/38/EC became outdated, partially because of poor and overly general descriptions in the column &apos;Essential nutritional characteristics&apos;. For such entries, it has been very difficult for the control authorities to verify compliance with the provisions of Regulation (EC) No 767/2009, including whether the specific composition of the feed concerned fulfils the respective particular intended nutritional purpose.</p></recital><recital xml:id="rec_d258e112"><num>(5)</num><p>In accordance with Article 10 of Regulation (EC) No 767/2009, the Commission received a number of applications to amend and change the conditions associated with several intended uses of feed for particular nutritional purposes, which had become outdated. Outdated entries for which no application has been submitted or for which the application was withdrawn should be removed.</p></recital><recital xml:id="rec_d258e119"><num>(6)</num><p>As regards other intended uses of feed intended for particular nutritional purposes listed in Part B of Annex I to Directive 2008/38/EC, amendments are necessary to the provisions concerning the essential nutritional characteristics and the labelling declarations in order to adapt them to the scientific and technological developments and to improve the enforceability and clarity of the provisions.</p></recital><recital xml:id="rec_d258e125"><num>(7)</num><p>Furthermore, the Commission received, in accordance with Article 10 of Regulation (EC) No 767/2009, applications to add the particular nutritional purposes &apos;support of energy metabolism and of the muscle function in the case of rhabdomyolosis&apos; and &apos;support in stressful situations, which will lead to the reduction of associated behaviour&apos; to the list of intended uses of feed intended for particular nutritional purposes.</p></recital><recital xml:id="rec_d258e139"><num>(8)</num><p>The Commission made all applications, including the dossiers, available to the Member States.</p></recital><recital xml:id="rec_d258e145"><num>(9)</num><p>Following the assessment of the dossiers included in those applications, the Standing Committee on Plants, Animals, Food and Feed (&apos;the Committee&apos;) acknowledged that the specific composition of the feed concerned fulfils the respective particular intended nutritional purpose and that it has no adverse effects on animal health, human health, the environment or animal welfare.</p></recital><recital xml:id="rec_d258e156"><num>(10)</num><p>Based on the above considerations, the list of intended uses of feed for particular nutritional purposes should be updated.</p></recital><recital xml:id="rec_d258e162"><num>(11)</num><p>Since safety reasons do not require the immediate application of the new general provisions and of the updated list of intended uses of feed for particular nutritional purposes, it is appropriate to provide for transitional measures in order to avoid unnecessary disruption of commercial practices and to not create unnecessary administrative burden on the operators.</p></recital><recital xml:id="rec_d258e168"><num>(12)</num><p>In the interests of clarity and rationality, Directive 2008/38/EC should be repealed and replaced by a Regulation, which does not contain elements that would require transpositions by the Member States into national law. The last amendments to that Directive had already been successively brought through Regulations due to the absence of need of transposition into national law of the provisions concerned. In addition, the general requirements for the placing on the market and use of feed intended for particular nutritional purposes are provided for in Regulation (EC) No 767/2009.</p></recital><recital xml:id="rec_d258e174"><num>(13)</num><p>In order to enable Member States to make the necessary adjustments, an adequate period should be allowed before this Regulation becomes applicable.</p></recital><recital xml:id="rec_d258e180"><num>(14)</num><p>The measures provided for in this Regulation are in accordance with the opinion of the Committee,</p></recital></recitals><formula name="enactingFormula"><p>HAS ADOPTED THIS REGULATION:</p></formula></preamble><body><article xml:id="art_d258e189"><num>Article 1</num><heading/><paragraph><subparagraph><content><p>Feed intended for particular nutritional purposes within the meaning of Regulation (EC) No 767/2009 may be marketed only if:</p></content></subparagraph><list><indent><num>-</num><content><p>the general provisions for feed intended for particular nutritional purposes laid down in Part A of the Annex to this Regulation are complied with, and</p></content></indent><indent><num>-</num><content><p>its intended use is included in Part B of the Annex to this Regulation and the provisions of the respective entry are complied with.</p></content></indent></list></paragraph></article><article xml:id="art_d258e202"><num>Article 2</num><heading/><paragraph><content><p>By way of derogation from Article 1, feed intended for particular nutritional purposes which complies with the provisions of Directive 2008/38/EC may continue to be placed on the market, provided that an application for an intended use included therein has been submitted to the Commission in accordance with Article 10 of Regulation (EC) No 767/2009 before 25 March 2021 and until the Commission decides on the respective application.</p></content></paragraph></article><article xml:id="art_d258e210"><num>Article 3</num><heading/><paragraph><content><p>Feed intended for particular nutritional purposes which has been labelled before 25 March 2022 in accordance with the rules applicable before 25 March 2020 may continue to be placed on the market and used until the existing stocks are exhausted.</p></content></paragraph></article><article xml:id="art_d258e222"><num>Article 4</num><heading/><paragraph><content><p>Directive 2008/38/EC is repealed.</p></content></paragraph></article><article xml:id="art_d258e227"><num>Article 5</num><heading/><paragraph><content><p>This Regulation shall enter into force on the twentieth day following that of its publication in the <i>Official Journal of the European Union</i>.</p></content></paragraph><paragraph><content><p>It shall apply from 25 December 2020.</p></content></paragraph></article><clause><content><p>This Regulation shall be binding in its entirety and directly applicable in all Member States.</p></content></clause></body><conclusions><p>Done at Brussels, 4 March 2020.</p><block name="signatory"><signature><organization refersTo="">For the Commission</organization><role refersTo="">The President</role><person refersTo="">Ursula VON DER LEYEN</person></signature></block></conclusions></bill></akomaNtoso>