<?xml version="1.0" encoding="UTF-8"?><akomaNtoso xmlns="http://docs.oasis-open.org/legaldocml/ns/akn/3.0" xmlns:fmx="http://formex.publications.europa.eu/schema/formex-05.21-20110601.xd" xmlns:leos="urn:eu:europa:ec:leos" xmlns:xs="http://www.w3.org/2001/XMLSchema"><bill name=""><meta xmlns:fn="http://www.w3.org/2005/xpath-functions"><identification source="~COM"><FRBRWork><FRBRthis value=""/><FRBRuri value=""/><FRBRdate date="2999-01-01" name=""/><FRBRauthor href=""/><FRBRcountry value=""/></FRBRWork><FRBRExpression><FRBRthis value=""/><FRBRuri value=""/><FRBRdate date="2999-01-01" name=""/><FRBRauthor href=""/><FRBRlanguage language="eng"/></FRBRExpression><FRBRManifestation><FRBRthis value=""/><FRBRuri value=""/><FRBRdate date="2999-01-01" name=""/><FRBRauthor href=""/></FRBRManifestation></identification></meta><preface><longTitle><p><docStage/><docType>COMMISSION REGULATION (EU) 2020/49</docType>of 21 January 2020<docPurpose>correcting the German language version of Regulation (EU) 2017/1151 supplementing Regulation (EC) No 715/2007 of the European Parliament and of the Council on type-approval of motor vehicles with respect to emissions from light passenger and commercial vehicles (Euro 5 and Euro 6) and on access to vehicle repair and maintenance information, amending Directive 2007/46/EC of the European Parliament and of the Council, Commission Regulation (EC) No 692/2008 and Commission Regulation (EU) No 1230/2012 and repealing Commission Regulation (EC) No 692/2008</docPurpose></p></longTitle><container name="EEArelevance"><p>(Text with EEA relevance)</p></container></preface><preamble><formula name="actingEntity"><p>THE EUROPEAN COMMISSION,</p></formula><citations><citation><p>Having regard to the Treaty on the Functioning of the European Union,</p></citation><citation><p>Having regard to Regulation (EC) No 715/2007 of the European Parliament and of the Council of 20 June 2007 on type-approval of motor vehicles with respect to emissions from light passenger and commercial vehicles (Euro 5 and Euro 6)<authorialNote placement="bottom" marker="1"><p>OJ L 171, 29.6.2007, p. 1.</p></authorialNote>, and in particular Articles 8 and 14(3) thereof,</p></citation><citation><p>Having regard to Directive 2007/46/EC of the European Parliament and of the Council of 5 September 2007 establishing a framework for the approval of motor vehicles and their trailers, and of systems, components and separate technical units intended for such vehicles (Framework Directive)<authorialNote placement="bottom" marker="2"><p>OJ L 263, 9.10.2007, p. 1.</p></authorialNote>, and in particular Article 39(2) thereof.</p></citation></citations><recitals xml:id="recs_d95e82"><intro><p>Whereas:</p></intro><recital xml:id="rec_d95e85"><num>(1)</num><p>In the German language version of Commission Regulation (EU) 2017/1151<authorialNote placement="bottom" marker="3"><p>Commission Regulation (EU) 2017/1151 of 1 June 2017 supplementing Regulation (EC) No 715/2007 of the European Parliament and of the Council on type-approval of motor vehicles with respect to emissions from light passenger and commercial vehicles (Euro 5 and Euro 6) and on access to vehicle repair and maintenance information, amending Directive 2007/46/EC of the European Parliament and of the Council, Commission Regulation (EC) No 692/2008 and Commission Regulation (EU) No 1230/2012 and repealing Commission Regulation (EC) No 692/2008 (OJ L 175, 7.7.2017, p. 1).</p></authorialNote> the meaning of the provisions in points 4.2.1.1.2 and 4.2.2.1 of Sub-Annex 4 to Annex XXI and in points 3.2.3.2.2.2.2 and 3.2.4.1.1.2.2 of Sub-Annex 7 to Annex XXI, specifying that additional wheels and tyres are not to be considered as optional equipment, has been inversed.</p></recital><recital xml:id="rec_d95e101"><num>(2)</num><p>The German language version of Regulation (EU) 2017/1151 should therefore be corrected accordingly. The other language versions are not affected.</p></recital><recital xml:id="rec_d95e107"><num>(3)</num><p>The measures provided for in this Regulation are in accordance with the opinion of the Technical Committee &#45; Motor Vehicles,</p></recital></recitals><formula name="enactingFormula"><p>HAS ADOPTED THIS REGULATION:</p></formula></preamble><body><article xml:id="art_d95e117"><num>Article 1</num><heading/><paragraph><content><p><i>(does not concern the English language)</i></p></content></paragraph></article><article xml:id="art_d95e123"><num>Article 2</num><heading/><paragraph><content><p>This Regulation shall enter into force on the third day following that of its publication in the <i>Official Journal of the European Union</i>.</p></content></paragraph></article><clause><content><p>This Regulation shall be binding in its entirety and directly applicable in all Member States.</p></content></clause></body><conclusions><p>Done at Brussels, 21 January 2020.</p><block name="signatory"><signature><organization refersTo="">For the Commission</organization><role refersTo="">The President</role><person refersTo="">Ursula VON DER LEYEN</person></signature></block></conclusions></bill></akomaNtoso>