<?xml version="1.0" encoding="UTF-8"?>L0452020EN1010120191219EN00051018071<p xmlns="http://docs.oasis-open.org/legaldocml/ns/akn/3.0">Corrigendum to Council Decision (EU) 2019/2196 of 19 December 2019 amending Decision 2013/755/EU on the association of the overseas countries and territories with the European Union (&apos;Overseas Association Decision&apos;)</p><p xmlns="http://docs.oasis-open.org/legaldocml/ns/akn/3.0">(Official Journal of the European Union L 337 of 30 December 2019)</p><p xmlns="http://docs.oasis-open.org/legaldocml/ns/akn/3.0"><!--default P | TXT -->Decision (EU) 2019/2196 should read as follows:</p><p xmlns="http://docs.oasis-open.org/legaldocml/ns/akn/3.0"><!--default P | TXT --><mod><quotedStructure startQuote="" endQuote=""><p><!--default P | TXT -->&apos;</p><p><!--default P | TXT -->&apos;</p></quotedStructure></mod></p>