<?xml version="1.0" encoding="UTF-8"?><akomaNtoso xmlns="http://docs.oasis-open.org/legaldocml/ns/akn/3.0" xmlns:fmx="http://formex.publications.europa.eu/schema/formex-05.21-20110601.xd" xmlns:leos="urn:eu:europa:ec:leos" xmlns:xs="http://www.w3.org/2001/XMLSchema"><bill name=""><meta xmlns:fn="http://www.w3.org/2005/xpath-functions"><identification source="~COM"><FRBRWork><FRBRthis value=""/><FRBRuri value=""/><FRBRdate date="2999-01-01" name=""/><FRBRauthor href=""/><FRBRcountry value=""/></FRBRWork><FRBRExpression><FRBRthis value=""/><FRBRuri value=""/><FRBRdate date="2999-01-01" name=""/><FRBRauthor href=""/><FRBRlanguage language="eng"/></FRBRExpression><FRBRManifestation><FRBRthis value=""/><FRBRuri value=""/><FRBRdate date="2999-01-01" name=""/><FRBRauthor href=""/></FRBRManifestation></identification></meta><preface><longTitle><p><docStage/><docType>COUNCIL REGULATION (EU) 2020/455</docType>of 26 March 2020<docPurpose>amending Regulation (EU) 2019/1838 as regards certain fishing opportunities for 2020 in the Baltic Sea and other waters, and Regulation (EU) 2020/123 as regards certain fishing opportunities for 2020 in Union and non‐Union waters</docPurpose></p></longTitle></preface><preamble><formula name="actingEntity"><p>THE COUNCIL OF THE EUROPEAN UNION,</p></formula><citations><citation><p>Having regard to the Treaty on the Functioning of the European Union, and in particular Article 43(3) thereof,</p></citation><citation><p>Having regard to the proposal from the European Commission,</p></citation></citations><recitals xml:id="recs_d329e59"><intro><p>Whereas:</p></intro><recital xml:id="rec_d329e62"><num>(1)</num><p>Council Regulation (EU) 2019/1838<authorialNote placement="bottom" marker="1"><p>Council Regulation (EU) 2019/1838 of 30 October 2019 fixing for 2020 the fishing opportunities for certain fish stocks and groups of fish stocks applicable in the Baltic Sea and amending Regulation (EU) 2019/124 as regards certain fishing opportunities in other waters (OJ L 281, 31.10.2019, p. 1).</p></authorialNote> fixes for 2020 the fishing opportunities for certain fish stocks and groups of fish stocks applicable in the Baltic Sea. It establishes spawning closure periods for the two Baltic cod stocks. Ensuring uninterrupted time series of comparable data on fish stocks is an essential element for the scientific assessment of those stocks. It is therefore appropriate to allow, during the respective closure periods, fishing operations conducted exclusively for the purpose of scientific investigation and in full compliance with the conditions set out in Article 25 of Regulation (EU) 2019/1241 of the European Parliament and of the Council<authorialNote placement="bottom" marker="2"><p>Regulation (EU) 2019/1241 of the European Parliament and of the Council of 20 June 2019 on the conservation of fisheries resources and the protection of marine ecosystems through technical measures, amending Council Regulations (EC) No 1967/2006, (EC) No 1224/2009 and Regulations (EU) No 1380/2013, (EU) 2016/1139, (EU) 2018/973, (EU) 2019/472 and (EU) 2019/1022 of the European Parliament and of the Council, and repealing Council Regulations (EC) No 894/97, (EC) No 850/98, (EC) No 2549/2000, (EC) No 254/2002, (EC) No 812/2004 and (EC) No 2187/2005 (OJ L 198, 25.7.2019, p. 105).</p></authorialNote>. Regulation (EU) 2019/1838 should therefore be amended accordingly.</p></recital><recital xml:id="rec_d329e88"><num>(2)</num><p>Council Regulation (EU) 2020/123<authorialNote placement="bottom" marker="3"><p>Council Regulation (EU) 2020/123 of 27 January 2020 fixing for 2020 the fishing opportunities for certain fish stocks and groups of fish stocks, applicable in Union waters and, for Union fishing vessels, in certain non-Union waters (OJ L 25, 30.1.2020, p. 1).</p></authorialNote> fixes for 2020 the fishing opportunities for certain fish stocks and groups of fish stocks applicable in Union waters and, for Union vessels, in certain non‐Union waters. It should be clarified that the restrictions set out in Article 10(6) of that Regulation apply to recreational fisheries including from shore.</p></recital><recital xml:id="rec_d329e104"><num>(3)</num><p>At their annual meeting in July 2019, the Parties to the Southern Indian Ocean Fisheries Agreement (SIOFA) decided on bottom fishing measures and on fishing effort limitation in the SIOFA area. Those measures were implemented in Union law by Regulation (EU) 2020/123. At that meeting, the Parties to the SIOFA also agreed on five interim protected areas in which specific rules apply for fishing vessels in order to protect benthic ecosystems. Therefore, further changes should be made to that Regulation to ensure that implementing rules properly reflect the decisions taken by the Parties to the SIOFA.</p></recital><recital xml:id="rec_d329e111"><num>(4)</num><p>The catch limits for sandeels in the International Council for the Exploration of the Sea (ICES) divisions 2a and 3a and ICES subarea 4 should be amended in line with the latest scientific advice from ICES, issued on 27 February 2019 and 27 February 2020.</p></recital><recital xml:id="rec_d329e123"><num>(5)</num><p>At its annual meeting in November 2019, the International Commission for the Conservation of Atlantic Tunas (ICCAT) decided on new reporting obligations for tropical tunas. Member States are required to transmit data on monthly catches for large longline vessels (overall length of 20 metres and above) and for purse seiners fishing for bigeye tuna (<i>Thunnus obesus)</i> and yellowfin tuna (<i>Thunnus albacares</i>) in the Atlantic Ocean. When catches of bigeye tuna reach 80 % of the quota, Member States are required to transmit data on the catches for those vessels on a weekly basis.</p></recital><recital xml:id="rec_d329e135"><num>(6)</num><p>Those measures should be implemented in Union law by amending accordingly the total allowable catch (TAC) tables for bigeye tuna and yellowfin tuna in the Atlantic Ocean set out in Regulation (EU) 2020/123.</p></recital><recital xml:id="rec_d329e141"><num>(7)</num><p>Fishing effort limits for Union fishing vessels in the ICCAT Convention Area are based on information provided in the fishing capacity and farming plans for bluefin tuna (<i>Thunnus thynnus</i>) communicated by Member States to the Commission. Those fishing effort limits are reported through the Union plan endorsed by ICCAT during the Intersessional meeting of Panel 2 held on 5 and 6 March 2020. They should be established as part of fishing opportunities.</p></recital><recital xml:id="rec_d329e156"><num>(8)</num><p>Regulation (EU) 2020/123 should therefore be amended accordingly.</p></recital><recital xml:id="rec_d329e162"><num>(9)</num><p>The catch limits provided for in Regulations (EU) 2019/1838 and (EU) 2020/123 apply from 1 January 2020. The provisions on catch limits introduced by this amending Regulation should therefore also apply from that date. Such retroactive application is without prejudice to the principles of legal certainty and protection of legitimate expectations as the fishing opportunities concerned have not yet been exhausted.</p></recital><recital xml:id="rec_d329e172"><num>(10)</num><p>The United Kingdom has been consulted in accordance with Article 130(1) of the Agreement on the withdrawal of the United Kingdom of Great Britain and Northern Ireland from the European Union and the European Atomic Energy Community,</p></recital></recitals><formula name="enactingFormula"><p>HAS ADOPTED THIS REGULATION:</p></formula></preamble><body><article xml:id="art_d329e181"><num>Article 1</num><heading>Amendment of Regulation (EU) 2019/1838</heading><paragraph><content><p>The Annex to Regulation (EU) 2019/1838 is amended in accordance with Annex I to this Regulation.</p></content></paragraph></article><article xml:id="art_d329e188" leos:compliant="false"><num>Article 2</num><heading>Amendment of Regulation (EU) 2020/123</heading><paragraph><subparagraph><content><p>Regulation (EU) 2020/123 is amended as follows:</p></content></subparagraph><list><point><num>(a)</num><alinea><content><p>in Article 10, paragraph 6 is replaced by the following:</p></content></alinea><alinea><content><p><mod><quotedStructure startQuote="" endQuote=""><paragraph><num>&apos;6.</num><content><p>In recreational fisheries, including from shore, in ICES divisions 8a and 8b, a maximum of two specimens of European seabass may be caught and retained per fisherman per day. The minimum size of European seabass retained shall be 42 cm. This paragraph shall not apply to fixed nets, which may not be used to catch or retain European seabass.&apos;;</p></content></paragraph></quotedStructure></mod></p></content></alinea></point><point><num>(b)</num><alinea><content><p>the following Article is inserted:</p></content></alinea><alinea><content><p><mod><quotedStructure startQuote="" endQuote=""><article xml:id="art_d329e221"><num>&apos;Article 28a</num><heading><i>Mobulid rays</i></heading><paragraph><num>1.</num><subparagraph><content><p>It shall be prohibited for Union fishing vessels to fish for, to retain on board, to tranship, to land, to store, to offer for sale or to sell any part or whole carcass of Mobulid rays (<i>Mobulidae</i> family which includes the genera <i>Manta</i> and <i>Mobula</i>), except for fishing vessels carrying out subsistence fishery (where the fish caught are consumed directly by the families of the fishermen).</p></content></subparagraph><subparagraph><content><p>By way of derogation from the first subparagraph, Mobulid rays that are unintentionally caught by artisanal fishing (fisheries other than longline or surface fisheries, i.e. purse seines, pole and line, gillnet fisheries, handline and trolling vessels, and registered in the IOTC record of authorised vessels) may be landed for purposes of local consumption only.</p></content></subparagraph></paragraph><paragraph><num>2.</num><content><p>All fishing vessels, other than those carrying out subsistence fishery, shall promptly release alive and unharmed, to the extent practicable, Mobulid rays as soon as they are seen in the net, on the hook, or on the deck, and shall do so in a manner that will result in the least possible harm to the individuals captured.&apos;;</p></content></paragraph></article></quotedStructure></mod></p></content></alinea></point><point><num>(c)</num><content><p>Article 30 is deleted;</p></content></point><point><num>(d)</num><content><p>Annexes IA, ID, IK and VI are amended in accordance with Annex II to this Regulation.</p></content></point></list></paragraph></article><article xml:id="art_d329e264"><num>Article 3</num><heading/><paragraph><content><p>This Regulation shall enter into force on the day following that of its publication in the <i>Official Journal of the European Union</i>.</p></content></paragraph><paragraph><content><p>It shall apply from 1 January 2020.</p></content></paragraph></article><clause><content><p>This Regulation shall be binding in its entirety and directly applicable in all Member States.</p></content></clause></body><conclusions><p>Done at Brussels, 26 March 2020.</p><block name="signatory"><signature><organization refersTo="">For the Council</organization><role refersTo="">The President</role><person refersTo="">A. METELKO-ZGOMBIĆ</person></signature></block></conclusions></bill></akomaNtoso>