<?xml version="1.0" encoding="UTF-8"?><akomaNtoso xmlns="http://docs.oasis-open.org/legaldocml/ns/akn/3.0" xmlns:fmx="http://formex.publications.europa.eu/schema/formex-05.21-20110601.xd" xmlns:leos="urn:eu:europa:ec:leos" xmlns:xs="http://www.w3.org/2001/XMLSchema"><bill name=""><meta xmlns:fn="http://www.w3.org/2005/xpath-functions"><identification source="~COM"><FRBRWork><FRBRthis value=""/><FRBRuri value=""/><FRBRdate date="2999-01-01" name=""/><FRBRauthor href=""/><FRBRcountry value=""/></FRBRWork><FRBRExpression><FRBRthis value=""/><FRBRuri value=""/><FRBRdate date="2999-01-01" name=""/><FRBRauthor href=""/><FRBRlanguage language="eng"/></FRBRExpression><FRBRManifestation><FRBRthis value=""/><FRBRuri value=""/><FRBRdate date="2999-01-01" name=""/><FRBRauthor href=""/></FRBRManifestation></identification></meta><preface><longTitle><p><docStage/><docType>COMMISSION IMPLEMENTING REGULATION (EU) 2020/94</docType>of 22 January 2020<docPurpose>amending Implementing Regulation (EU) 2015/2078 as regards tariff quotas for poultrymeat originating in Ukraine and derogating from that Implementing Regulation for the quota year 2020</docPurpose></p></longTitle></preface><preamble><formula name="actingEntity"><p>THE EUROPEAN COMMISSION,</p></formula><citations><citation><p>Having regard to the Treaty on the Functioning of the European Union,</p></citation><citation><p>Having regard to Regulation (EU) No 1308/2013 of the European Parliament and of the Council of 17 December 2013 establishing a common organisation of the markets in agricultural products and repealing Council Regulations (EEC) No 922/72, (EEC) No 234/79, (EC) No 1037/2001 and (EC) No 1234/2007<authorialNote placement="bottom" marker="1"><p>OJ L 347, 20.12.2013, p. 671.</p></authorialNote>, and in particular points (a) and (b) of the first subparagraph of Article 187 thereof,</p></citation></citations><recitals xml:id="recs_d105e68"><intro><p>Whereas:</p></intro><recital xml:id="rec_d105e71"><num>(1)</num><p>By Council Decision (EU) 2019/2145<authorialNote placement="bottom" marker="2"><p>Council Decision (EU) 2019/2145 of 5 December 2019 on the conclusion, on behalf of the Union, of the Agreement in the form of an Exchange of Letters between the European Union and Ukraine amending the trade preferences for poultry meat and poultry meat preparations provided for by the Association Agreement between the European Union and the European Atomic Energy Community and their Member States, of the one part, and Ukraine, of the other part (OJ L 325, 16.12.2019, p. 41).</p></authorialNote>, the Council approved, on behalf of the European Union, an Agreement in the form of an Exchange of Letters between the European Union and Ukraine amending the trade preferences for poultry meat and poultry meat preparations provided for by the Association Agreement between the European Union and the European Atomic Energy Community and their Member States, of the one part, and Ukraine, of the other part (&apos;the Agreement&apos;).</p></recital><recital xml:id="rec_d105e91"><num>(2)</num><p>Commission Implementing Regulation (EU) 2015/2078<authorialNote placement="bottom" marker="3"><p>Commission Implementing Regulation (EU) 2015/2078 of 18 November 2015 opening and providing for the administration of Union import tariff quotas for poultrymeat originating in Ukraine (OJ L 302, 19.11.2015, p. 63).</p></authorialNote> provides for the opening and administration of Union import tariff quotas for poultry meat originating in Ukraine.</p></recital><recital xml:id="rec_d105e107"><num>(3)</num><p>In accordance with the Agreement, the Union is to increase by 50000 tonnes the tariff quota for meat and edible offal of poultry, fresh, chilled or frozen and for other prepared or preserved meat of turkeys and of fowls of the species <i>Gallus domesticus</i> concerning CN codes corresponding to order number 09.4273 set out in Implementing Regulation (EU) 2015/2078.</p></recital><recital xml:id="rec_d105e119"><num>(4)</num><p>It is therefore appropriate to amend Implementing Regulation (EU) No 2015/2078 to take account of the tariff rate quota quantities to be made available pursuant to the Agreement.</p></recital><recital xml:id="rec_d105e125"><num>(5)</num><p>The Agreement will enter into force as of 1 February 2020. For the quota year 2020, the additional quantities of poultry meat products for the tariff rate quota to be made available pursuant to the Agreement are to be calculated on a pro rata basis, taking into account the date of entry into force of the Agreement. As from the quota period commencing on 1 January 2021, the full annual quantities of poultry meat products under the Agreement should be available.</p></recital><recital xml:id="rec_d105e137"><num>(6)</num><p>The additional quota quantity for poultry meat products allocated to Ukraine under the Agreement should be made available as from 1 February 2020, the date of entry into force of the Agreement. According to Article 2 of Implementing Regulation (EU) 2015/2078, the quota for poultry meat products allocated to Ukraine is administered on a quarterly basis.</p></recital><recital xml:id="rec_d105e147"><num>(7)</num><p>According to Article 3(1) of Implementing Regulation (EU) 2015/2078, the application period for import rights is the first seven days of the month preceding each quarter. Therefore, for the subperiod covering 1 January to 31 March 2020, the application period will have already expired at the date of entry into force of the Agreement. Thus, an additional application period for import rights corresponding to the additional quota quantity under the Agreement for the period covering 1 February to 31 March 2020 should be set for the first seven days of February 2020.</p></recital><recital xml:id="rec_d105e165"><num>(8)</num><p>Article 3(3) of Implementing Regulation (EU) 2015/2078 provides that applicants for import rights, when presenting their first application for a given quota year are to submit the proof that a quantity of poultry products falling under CN codes 0207, 02109939, 160231, 160232 or 16023921 has been imported by them under the relevant customs provisions (&apos;the reference quantity&apos;) and that such proof is to relate to the 12 months&apos; period ending one month before their first application. At the date of entry into force of this Regulation, such proof of past imports will have been already submitted by applicants who submitted applications for import rights in December 2019 concerning a quarter of the original quantity of 19200 tonnes made available in December 2019. However, the annual quantity for the 2020 quota year provided for by the Agreement is 65033 tonnes. Therefore, there is a risk that the proof of past imports submitted by applicants for import rights in December 2019 do not take into account the increase in the quota quantities provided for by the Agreement. It is therefore appropriate to open, for those applicants who submitted proof of past imports in December 2019, an additional period for submission of additional proof of past imports.</p></recital><recital xml:id="rec_d105e194"><num>(9)</num><p>Article 3(4) of Implementing Regulation (EU) 2015/2078 sets at 25 % of the applicant&apos;s reference quantities the total quantity of products that an application for import rights may cover in each of the subperiods provided for in Article 2 of that Implementing Regulation. In order to apply a consistent framework to the additional application period opened by this Regulation, such a limit should also apply for the additional application period for import rights corresponding to the additional quota quantity under the Agreement for the period covering 1 February to 31 March 2020.</p></recital><recital xml:id="rec_d105e207"><num>(10)</num><p>Implementing Regulation (EU) 2015/2078 should therefore be amended accordingly.</p></recital><recital xml:id="rec_d105e213"><num>(11)</num><p>This Regulation should apply from the date of entry into force of the Agreement. Therefore, this Regulation should enter into force as a matter of urgency.</p></recital><recital xml:id="rec_d105e219"><num>(12)</num><p>The measures provided for in this Regulation are in accordance with the opinion of the Committee for the Common Organisation of the Agricultural Markets,</p></recital></recitals><formula name="enactingFormula"><p>HAS ADOPTED THIS REGULATION:</p></formula></preamble><body><article xml:id="art_d105e228"><num>Article 1</num><heading>Amendment to Implementing Regulation (EU) 2015/2078</heading><paragraph><content><p>Annex I to Implementing Regulation (EU) 2015/2078 is replaced by the text set out in the Annex to this Regulation.</p></content></paragraph></article><article xml:id="art_d105e235"><num>Article 2</num><heading>Derogations from Implementing Regulation (EU) 2015/2078 for the quota year 2020</heading><paragraph><num>1.</num><content><p>By way of derogation from Article 2 of Implementing Regulation (EU) 2015/2078, as regards the quota under order number 09.4273 set out in Annex I to that Implementing Regulation as amended by Article 1 of this Regulation, the additional quantity of 8333 tonnes shall be made available covering the period from 1 February to 31 March 2020.</p></content></paragraph><paragraph><num>2.</num><content><p>By way of derogation from Article 3(1) of Implementing Regulation (EU) 2015/2078, as regards the quota under order number 09.4273 set out in Annex I to that Implementing Regulation as amended by Article 1 of this Regulation, for the period from 1 February to 31 March 2020, applications for import rights covering the additional quantity referred to in paragraph 1, shall be submitted in the first seven days of February 2020.</p></content></paragraph><paragraph><num>3.</num><content><p>By way of derogation from Article 3(3) of Implementing Regulation (EU) 2015/2078, applicants who applied for import rights in December 2019 may submit additional proof of the quantity of poultry products falling under CN codes 0207, 02109939, 160231, 160232 or 16023921 that has been imported by them or on their behalf under the relevant customs provisions during the period 1 November 2018 to 31 October 2019 included. Such additional proof of past imports shall be submitted in the first seven days of February 2020.</p></content></paragraph></article><article xml:id="art_d105e290"><num>Article 3</num><heading>Import rights applications submitted in February 2020</heading><paragraph><content><p>The total quantity of products covered by the application for import rights submitted in February 2020 pursuant to Article 2(2) shall not exceed 25 % of the applicant&apos;s reference quantity. For applicants who submitted additional proof in accordance with Article 2(3), the reference quantity shall be determined taking into account that additional proof.</p></content></paragraph></article><article xml:id="art_d105e297"><num>Article 4</num><heading>Entry into force and application</heading><paragraph><content><p>This Regulation shall enter into force on the day of its publication in the <i>Official Journal of the European Union</i>.</p></content></paragraph><paragraph><content><p>It shall apply from 1 February 2020.</p></content></paragraph></article><clause><content><p>This Regulation shall be binding in its entirety and directly applicable in all Member States.</p></content></clause></body><conclusions><p>Done at Brussels, 22 January 2020.</p><block name="signatory"><signature><organization refersTo="">For the Commission</organization><role refersTo="">The President</role><person refersTo="">Ursula VON DER LEYEN</person></signature></block></conclusions></bill></akomaNtoso>