<?xml version="1.0" encoding="UTF-8"?>L0772020EN2710120190801EN0004271271<p xmlns="http://docs.oasis-open.org/legaldocml/ns/akn/3.0">Corrigendum to Commission Implementing Regulation (EU) 2019/1295 of 1 August 2019 amending Implementing Regulation (EU) 2018/1469 imposing a definitive anti-dumping duty on imports of certain seamless pipes and tubes, of iron or steel, originating in Russia and Ukraine, following a partial interim review pursuant to Article 11(3) of Regulation (EU) 2016/1036</p><p xmlns="http://docs.oasis-open.org/legaldocml/ns/akn/3.0">(Official Journal of the European Union L 204 of 2 August 2019)</p>On page 22, in recital 1:<p xmlns="http://docs.oasis-open.org/legaldocml/ns/akn/3.0"><!--default P | TXT -->for:</p><mod xmlns="http://docs.oasis-open.org/legaldocml/ns/akn/3.0"><quotedStructure startQuote="" endQuote=""><p><!--default P | TXT -->&apos;The definitive anti-dumping duty imposed on the exporting producer subject to the current review investigation, CJSC Nikopolsky Seamless Tubes Plant Niko Tube and OJSC Nizhnedneprovsky Tube Rolling Plant, now named LLC Interpipe Niko Tube and OJSC Interpipe Nizhnedneprovsky Tube Rolling Plant (&quot;the applicant&quot; or &quot;Interpipe&quot;) was 25,1 %.&apos;,</p></quotedStructure></mod><p xmlns="http://docs.oasis-open.org/legaldocml/ns/akn/3.0"><!--default P | TXT -->read:</p><mod xmlns="http://docs.oasis-open.org/legaldocml/ns/akn/3.0"><quotedStructure startQuote="" endQuote=""><p><!--default P | TXT -->&apos;The definitive anti-dumping duty imposed on the exporting producer subject to the current review investigation, CJSC Nikopolsky Seamless Tubes Plant Niko Tube and OJSC Nizhnedneprovsky Tube Rolling Plant, now named LLC Interpipe Niko Tube and PJSC Interpipe Nizhnedneprovsky Tube Rolling Plant (&quot;the applicant&quot; or &quot;Interpipe&quot;) was 25,1 %.&apos;;</p></quotedStructure></mod>on page 24, in recital 21:<p xmlns="http://docs.oasis-open.org/legaldocml/ns/akn/3.0"><!--default P | TXT -->for:</p><mod xmlns="http://docs.oasis-open.org/legaldocml/ns/akn/3.0"><quotedStructure startQuote="" endQuote=""><p><!--default P | TXT -->&apos;During the review investigation period, Interpipe had two fully-owned and controlled exporting producers (&quot;the manufacturing entities&quot;), LLC Interpipe Niko Tube (&quot;NIKO&quot;) and OJSC Interpipe Nizhnedneprovsky Tube Rolling Plant (&quot;NTRP&quot;).&apos;,</p></quotedStructure></mod><p xmlns="http://docs.oasis-open.org/legaldocml/ns/akn/3.0"><!--default P | TXT -->read:</p><mod xmlns="http://docs.oasis-open.org/legaldocml/ns/akn/3.0"><quotedStructure startQuote="" endQuote=""><p><!--default P | TXT -->&apos;During the review investigation period, Interpipe had two fully-owned and controlled exporting producers (&quot;the manufacturing entities&quot;), LLC Interpipe Niko Tube (&quot;NIKO&quot;) and PJSC Interpipe Nizhnedneprovsky Tube Rolling Plant (&quot;NTRP&quot;).&apos;;</p></quotedStructure></mod>on page 27 of OJ L 204, 2.8.2019, in Article 1, as corrected on page 100 of OJ L 261, 14.10.2019:<p xmlns="http://docs.oasis-open.org/legaldocml/ns/akn/3.0"><!--default P | TXT -->for:</p><mod xmlns="http://docs.oasis-open.org/legaldocml/ns/akn/3.0"><quotedStructure startQuote="" endQuote=""><p><!--default P | TXT -->&apos;The entry concerning LLC Interpipe Niko Tube and OJSC Interpipe Nizhnedneprovsky Tube Rolling Plant (Interpipe NTRP) in the table of Article 1(2) of Implementing Regulation (EU) 2018/1469 shall be replaced by the following:</p><mod><quotedStructure startQuote="" endQuote=""><alinea><content><table class="TBL"><tr><td><p>&quot;LLC Interpipe Niko Tube and OJSC Interpipe Nizhnedneprovsky Tube Rolling Plant (Interpipe NTRP)</p></td><td><p>8,1 %</p></td><td><p>A743&quot;&apos;</p></td></tr></table></content></alinea></quotedStructure></mod></quotedStructure></mod><p xmlns="http://docs.oasis-open.org/legaldocml/ns/akn/3.0"><!--default P | TXT -->read:</p><mod xmlns="http://docs.oasis-open.org/legaldocml/ns/akn/3.0"><quotedStructure startQuote="" endQuote=""><p><!--default P | TXT -->&apos;The entry concerning LLC Interpipe Niko Tube and PJSC Interpipe Nizhnedneprovsky Tube Rolling Plant (Interpipe NTRP) in the table of Article 1(2) of Implementing Regulation (EU) 2018/1469 shall be replaced by the following:</p><mod><quotedStructure startQuote="" endQuote=""><alinea><content><table class="TBL"><tr><td><p>&quot;LLC Interpipe Niko Tube and PJSC Interpipe Nizhnedneprovsky Tube Rolling Plant (Interpipe NTRP)</p></td><td><p>8,1 %</p></td><td><p>A743&quot;&apos;</p></td></tr></table></content></alinea></quotedStructure></mod></quotedStructure></mod>