<?xml version="1.0" encoding="UTF-8"?><akomaNtoso xmlns="http://docs.oasis-open.org/legaldocml/ns/akn/3.0" xmlns:fmx="http://formex.publications.europa.eu/schema/formex-05.21-20110601.xd" xmlns:leos="urn:eu:europa:ec:leos" xmlns:xs="http://www.w3.org/2001/XMLSchema"><bill name=""><meta xmlns:fn="http://www.w3.org/2005/xpath-functions"><identification source="~COM"><FRBRWork><FRBRthis value=""/><FRBRuri value=""/><FRBRdate date="2999-01-01" name=""/><FRBRauthor href=""/><FRBRcountry value=""/></FRBRWork><FRBRExpression><FRBRthis value=""/><FRBRuri value=""/><FRBRdate date="2999-01-01" name=""/><FRBRauthor href=""/><FRBRlanguage language="eng"/></FRBRExpression><FRBRManifestation><FRBRthis value=""/><FRBRuri value=""/><FRBRdate date="2999-01-01" name=""/><FRBRauthor href=""/></FRBRManifestation></identification></meta><preface><longTitle><p><docStage/><docType>COMMISSION IMPLEMENTING DECISION (EU) 2020/467</docType>of 25 March 2020<docPurpose>fixing the definitive allocation of Union aid to Member States for school fruit and vegetables and for school milk for the period from 1 August 2020 to 31 July 2021 and amending Implementing Decision C(2019) 2249 final</docPurpose></p></longTitle><container name="EEArelevance"><p>(notified under document C(2020) 1795)</p></container></preface><preamble><formula name="actingEntity"><p>THE EUROPEAN COMMISSION,</p></formula><citations><citation><p>Having regard to the Treaty on the Functioning of the European Union,</p></citation><citation><p>Having regard to Council Regulation (EU) No 1370/2013 of 16 December 2013 determining measures on fixing certain aids and refunds related to the common organisations of the markets in agricultural products<authorialNote placement="bottom" marker="1"><p>OJ L 346, 20.12.2013, p. 12.</p></authorialNote>, and in particular Article 5(6) thereof,</p></citation></citations><recitals xml:id="recs_d214e78"><intro><p>Whereas:</p></intro><recital xml:id="rec_d214e81"><num>(1)</num><p>Pursuant to Article 3 of Commission Implementing Regulation (EU) 2017/39<authorialNote placement="bottom" marker="2"><p>Commission Implementing Regulation (EU) 2017/39 of 3 November 2016 on rules for the application of Regulation (EU) No 1308/2013 of the European Parliament and of the Council with regard to Union aid for the supply of fruit and vegetables, bananas and milk in educational establishments (OJ L 5, 10.1.2017, p. 1).</p></authorialNote>, Member States wishing to participate in the Union aid scheme for the supply of fruit and vegetables, bananas and milk in educational establishments (the school scheme) are to submit to the Commission by 31 January each year their request for Union aid relating to the next school year and, if applicable, update the request for Union aid relating to the ongoing school year.</p></recital><recital xml:id="rec_d214e97"><num>(2)</num><p>In accordance with the first subparagraph of Article 137(1) of the Agreement on the withdrawal of the United Kingdom of Great Britain and Northern Ireland from the European Union and the European Atomic Energy Community, the Union programmes and activities committed under the multiannual financial framework for the years 2014-2020 or previous financial perspectives are to be implemented in 2019 and 2020 with regard to the United Kingdom on the basis of the applicable Union law.</p></recital><recital xml:id="rec_d214e103"><num>(3)</num><p>In order to ensure the effective implementation of the school scheme, the allocation of Union aid for school fruit and vegetables and for school milk among participating Member States should be fixed on the basis of the amounts indicated in the request for Union aid by those Member States and taking into account the transfers between Member State&apos;s indicative allocations referred to in Article 23a(4)(a) of Regulation (EU) No 1308/2013 of the European Parliament and of the Council<authorialNote placement="bottom" marker="3"><p>Regulation (EU) No 1308/2013 of the European Parliament and of the Council of 17 December 2013 establishing a common organisation of the markets in agricultural products and repealing Council Regulations (EEC) No 922/72, (EEC) No 234/79, (EC) No 1037/2001 and (EC) No 1234/2007 (OJ L 347, 20.12.2013, p. 671).</p></authorialNote>.</p></recital><recital xml:id="rec_d214e119"><num>(4)</num><p>All Member States notified the Commission of their request for Union aid for the period from 1 August 2020 to 31 July 2021, specifying the amount of aid required for school fruit and vegetables or for school milk, or for both parts of the scheme. In the case of Belgium, France, Cyprus and Sweden the amounts requested took account of the transfers between the indicative allocations.</p></recital><recital xml:id="rec_d214e131"><num>(5)</num><p>In order to maximise the full potential of available funds, the unrequested Union aid should be reallocated to Member States participating in the school scheme that indicate, in their request for Union aid, their willingness to use more than their indicative allocation, should additional resources be available.</p></recital><recital xml:id="rec_d214e137"><num>(6)</num><p>In their request for Union aid for the period from 1 August 2020 to 31 July 2021, Sweden and the United Kingdom sought less than the indicative allocation for school fruit and vegetables and/or for school milk. Bulgaria, Czechia, Denmark, Germany, Estonia, Ireland, Spain, Croatia, Italy, Latvia, Lithuania, Luxembourg, Hungary, the Netherlands, Austria, Poland, Romania, Slovenia, Slovakia and Sweden notified their willingness to use more than the indicative allocation for school fruit and vegetables and/or for school milk.</p></recital><recital xml:id="rec_d214e150"><num>(7)</num><p>On the basis of the notified information by Member States, the definitive allocation of Union aid for school fruit and vegetables and for school milk for the period from 1 August 2020 to 31 July 2021 should be fixed.</p></recital><recital xml:id="rec_d214e162"><num>(8)</num><p>Commission Implementing Decision C(2019) 2249<authorialNote placement="bottom" marker="4"><p>Commission Implementing Decision C(2019) 2249 final of 27 March 2019 fixing the definitive allocation of Union aid to Member States for school fruit and vegetables and for school milk for the period from 1 August 2019 to 31 July 2020 and amending Implementing Decision C(2018) 1762 final.</p></authorialNote> final fixed the definitive allocation of Union aid for school fruit and vegetables and for school milk among Member States participating in the school scheme for the period from 1 August 2019 to 31 July 2020. Some Member States updated their request for Union aid relating to that school year. Germany, Spain, Luxembourg, the Netherlands and Austria notified transfers between the definitive allocation for school fruit and vegetables and the definitive allocation for school milk. Belgium, the Netherlands and Portugal sought less than the definitive allocation for school fruit and vegetables and/or for school milk. Czechia, Germany, Estonia, Ireland, Spain, Latvia, Lithuania, Luxembourg, Hungary, Austria, Romania and Slovakia notified their willingness to use more than the definitive allocation for school fruit and vegetables and/or for school milk.</p></recital><recital xml:id="rec_d214e187"><num>(9)</num><p>Based on the notified information by Member States, Implementing Decision C(2019) 2249 final should be amended.</p></recital><recital xml:id="rec_d214e194"><num>(10)</num><p>The measures provided for in this Decision are in accordance with the opinion of the Committee for the Common Organisation of Agricultural Markets,</p></recital></recitals><formula name="enactingFormula"><p>HAS ADOPTED THIS DECISION:</p></formula></preamble><body><article xml:id="art_d214e203"><num>Article 1</num><heading/><paragraph><content><p>The definitive allocation of Union aid for school fruit and vegetables and for school milk among Member States participating in the school scheme for the period from 1 August 2020 to 31 July 2021 is set out in Annex I.</p></content></paragraph></article><article xml:id="art_d214e214"><num>Article 2</num><heading/><paragraph><content><p>Annex I to Implementing Decision C(2019) 2249 final is replaced by the text set out in Annex II to this Decision.</p></content></paragraph></article><article xml:id="art_d214e219"><num>Article 3</num><heading/><paragraph><content><p>This Decision is addressed to the Member States.</p></content></paragraph></article></body><conclusions><p>Done at Brussels, 25 March 2020.</p><block name="signatory"><signature><organization refersTo="">For the Commission</organization><role refersTo="">Janusz WOJCIECHOWSKI</role><person refersTo="">Member of the Commission</person></signature></block></conclusions></bill></akomaNtoso>