<?xml version="1.0" encoding="UTF-8"?><akomaNtoso xmlns="http://docs.oasis-open.org/legaldocml/ns/akn/3.0" xmlns:fmx="http://formex.publications.europa.eu/schema/formex-05.21-20110601.xd" xmlns:leos="urn:eu:europa:ec:leos" xmlns:xs="http://www.w3.org/2001/XMLSchema"><bill name=""><meta xmlns:fn="http://www.w3.org/2005/xpath-functions"><identification source="~COM"><FRBRWork><FRBRthis value=""/><FRBRuri value=""/><FRBRdate date="2999-01-01" name=""/><FRBRauthor href=""/><FRBRcountry value=""/></FRBRWork><FRBRExpression><FRBRthis value=""/><FRBRuri value=""/><FRBRdate date="2999-01-01" name=""/><FRBRauthor href=""/><FRBRlanguage language="eng"/></FRBRExpression><FRBRManifestation><FRBRthis value=""/><FRBRuri value=""/><FRBRdate date="2999-01-01" name=""/><FRBRauthor href=""/></FRBRManifestation></identification></meta><preface><longTitle><p><docStage/><docType>COMMISSION DECISION (EU) 2020/519</docType>of 3 April 2020<docPurpose>on the sectoral reference document on best environmental management practices, sector environmental performance indicators and benchmarks of excellence for the waste management sector under Regulation (EC) No 1221/2009 on the voluntary participation by organisations in a Community eco-management and audit scheme (EMAS)</docPurpose></p></longTitle><container name="EEArelevance"><p>(Text with EEA relevance)</p></container></preface><preamble><formula name="actingEntity"><p>THE EUROPEAN COMMISSION,</p></formula><citations><citation><p>Having regard to the Treaty on the Functioning of the European Union,</p></citation><citation><p>Having regard to Regulation (EC) No 1221/2009 of the European Parliament and of the Council of 25 November 2009 on the voluntary participation by organisations in a Community eco-management and audit scheme (EMAS), repealing Regulation (EC) No 761/2001 and Commission Decisions 2001/681/EC and 2006/193/EC<authorialNote placement="bottom" marker="1"><p>OJ L 342, 22.12.2009, p. 1.</p></authorialNote>, and in particular Article 46(1) thereof,</p></citation></citations><recitals xml:id="recs_d244e71"><intro><p>Whereas:</p></intro><recital xml:id="rec_d244e74"><num>(1)</num><p>Regulation (EC) No 1221/2009 obliges the Commission to develop sectoral reference documents for specific economic sectors. The documents must include best environmental management practices, environmental performance indicators and, where appropriate, benchmarks of excellence and rating systems identifying environmental performance levels. Organisations registered or preparing to become registered under the eco-management and audit scheme established by Regulation (EC) No 1221/2009 are required to take those documents into account when developing their environmental management system and when assessing their environmental performance in their environmental statement, or updated environmental statement, prepared in accordance with Annex IV to that Regulation.</p></recital><recital xml:id="rec_d244e80"><num>(2)</num><p>Regulation (EC) No 1221/2009 required the Commission to establish a working plan setting out an indicative list of sectors to be considered priority sectors for the adoption of sectoral and cross-sectoral reference documents. &apos;Communication from the Commission &#45; Establishment of the working plan setting out an indicative list of sectors for the adoption of sectoral and cross-sectoral reference documents, under Regulation (EC) No 1221/2009 on the voluntary participation of organisations in a Community eco-management and audit scheme (EMAS)&apos;<authorialNote placement="bottom" marker="2"><p>Communication from the Commission &#45; Establishment of the working plan setting out an indicative list of sectors for the adoption of sectoral and cross-sectoral reference documents, under Regulation (EC) No 1221/2009 on the voluntary participation by organisations in a Community eco-management and audit scheme (EMAS) (OJ C 358, 8.12.2011, p. 2).</p></authorialNote> identified the waste management sector as a priority sector.</p></recital><recital xml:id="rec_d244e96"><num>(3)</num><p>The sectoral reference document for the waste management sector should focus on best practices, indicators and benchmarks for waste management, addressing both public and private waste management companies, including companies implementing producer responsibility schemes, and public administrations in charge of waste management at local level. It should take into account and make reference to existing guidance for aspects covered by other Union policy tools, such as Directive 2008/98/EC of the European Parliament and of the Council<authorialNote placement="bottom" marker="3"><p>Directive 2008/98/EC of the European Parliament and of the Council of 19 November 2008 on waste and repealing certain Directives (OJ L 312, 22.11.2008, p. 3).</p></authorialNote> and other specific relevant waste legislation and the Best Available Techniques (BAT) reference documents developed under Directive 2010/75/EU of the European Parliament and of the Council<authorialNote placement="bottom" marker="4"><p>Directive 2010/75/EU of the European Parliament and of the Council of 24 November 2010 on industrial emissions (integrated pollution prevention and control) (OJ L 334, 17.12.2010, p. 17).</p></authorialNote>.</p></recital><recital xml:id="rec_d244e123"><num>(4)</num><p>Taking into consideration best environmental management practices<authorialNote placement="bottom" marker="5"><p>Dri M., Canfora P., Antonopoulos I. S., Gaudillat P., Best Environmental Management Practice for the Waste Management Sector, JRC Science for Policy Report, EUR 29136 EN, Publications Office of the European Union, Luxembourg, 2018, ISBN 978-92-79-80361-1, doi:10.2760/50247, JRC111059; http://susproc.jrc.ec.europa.eu/activities/emas/documents/WasteManagementBEMP.pdf</p></authorialNote>, the sectoral reference document for the waste management sector should identify specific environmental performance indicators, benchmarks of excellence and actions for waste authorities and other private or public waste management companies to improve their waste management performance, such as promoting waste prevention and reaching higher levels of re-use and recycling. These elements help organisations identify the most relevant areas where they can take action to address the most significant environmental aspects as well as provide a framework to track sustainability improvements.</p></recital><recital xml:id="rec_d244e133"><num>(5)</num><p>In order to allow organisations, environmental verifiers and others, including national authorities, accreditation and licensing bodies and auditors who are involved in the internal audit, sufficient time to prepare for introduction of the sectoral reference document for the waste management sector, the date of application of this Decision should be deferred by a period of 120 days from the date of its publication in the <i>Official Journal of the European Union.</i></p></recital><recital xml:id="rec_d244e141"><num>(6)</num><p>In developing the sectoral reference document annexed to this Decision, the Commission has consulted with Member States and other stakeholders in accordance with Regulation (EC) No 1221/2009.</p></recital><recital xml:id="rec_d244e147"><num>(7)</num><p>The measures provided for in this Decision are in accordance with the opinion of the Committee established by Article 49 of Regulation (EC) No 1221/2009,</p></recital></recitals><formula name="enactingFormula"><p>HAS ADOPTED THIS DECISION:</p></formula></preamble><body><article xml:id="art_d244e156"><num>Article 1</num><heading/><paragraph><content><p>The sectoral reference document on best environmental management practices, sector environmental performance indicators and benchmarks of excellence for the waste management sector is set out in the Annex to this Decision.</p></content></paragraph></article><article xml:id="art_d244e161"><num>Article 2</num><heading/><paragraph><content><p>This Decision shall enter into force on the twentieth day following that of its publication in the <i>Official Journal of the European Union</i>.</p></content></paragraph><paragraph><content><p>It shall apply from 12 August 2020.</p></content></paragraph></article></body><conclusions><p>Done at Brussels, 3 April 2020.</p><block name="signatory"><signature><organization refersTo="">For the Commission</organization><role refersTo="">The President</role><person refersTo="">Ursula VON DER LEYEN</person></signature></block></conclusions></bill></akomaNtoso>