<?xml version="1.0" encoding="UTF-8"?>L0512020EN1310120191004EN0005131131<p xmlns="http://docs.oasis-open.org/legaldocml/ns/akn/3.0">Corrigendum to Commission Delegated Regulation (EU) 2020/217 of 4 October 2019 amending, for the purposes of its adaptation to technical and scientific progress, Regulation (EC) No 1272/2008 of the European Parliament and of the Council on classification, labelling and packaging of substances and mixtures and correcting that Regulation</p><p xmlns="http://docs.oasis-open.org/legaldocml/ns/akn/3.0">(Official Journal of the European Union of L 44 of 18 February 2020)</p><p xmlns="http://docs.oasis-open.org/legaldocml/ns/akn/3.0"><!--default P | TXT -->On page 4, Article 3 is replaced as follows:</p><mod xmlns="http://docs.oasis-open.org/legaldocml/ns/akn/3.0"><quotedStructure startQuote="" endQuote=""><num>&apos;Article 3</num><heading>Entry into force and application</heading><paragraph><content><p>This Regulation shall enter into force on the twentieth day following that of its publication in the <i>Official Journal of the European Union</i>.</p></content></paragraph><paragraph><content><p>It shall apply from 1 October 2021.</p></content></paragraph><paragraph><content><p>However, Article 2 shall apply from 1 December 2019.</p></content></paragraph><paragraph><content><p>Substances and mixtures may, before 1 October 2021, be classified, labelled and packaged in accordance with Regulation (EC) No 1272/2008 as amended by this Regulation.&apos;</p></content></paragraph></quotedStructure></mod>