<?xml version="1.0" encoding="UTF-8"?><akomaNtoso xmlns="http://docs.oasis-open.org/legaldocml/ns/akn/3.0" xmlns:fmx="http://formex.publications.europa.eu/schema/formex-05.21-20110601.xd" xmlns:leos="urn:eu:europa:ec:leos" xmlns:xs="http://www.w3.org/2001/XMLSchema"><bill name=""><meta xmlns:fn="http://www.w3.org/2005/xpath-functions"><identification source="~COM"><FRBRWork><FRBRthis value=""/><FRBRuri value=""/><FRBRdate date="2999-01-01" name=""/><FRBRauthor href=""/><FRBRcountry value=""/></FRBRWork><FRBRExpression><FRBRthis value=""/><FRBRuri value=""/><FRBRdate date="2999-01-01" name=""/><FRBRauthor href=""/><FRBRlanguage language="eng"/></FRBRExpression><FRBRManifestation><FRBRthis value=""/><FRBRuri value=""/><FRBRdate date="2999-01-01" name=""/><FRBRauthor href=""/></FRBRManifestation></identification></meta><preface><longTitle><p><docStage/><docType>COMMISSION IMPLEMENTING REGULATION (EU) 2020/230</docType>of 19 February 2020<docPurpose>initiating an investigation concerning possible circumvention of anti-dumping measures imposed by Implementing Regulation (EU) 2015/83 on imports of monosodium glutamate originating in the People&apos;s Republic of China, and making such imports subject to registration</docPurpose></p></longTitle></preface><preamble><formula name="actingEntity"><p>THE EUROPEAN COMMISSION,</p></formula><citations><citation><p>Having regard to the Treaty on the Functioning of the European Union,</p></citation><citation><p>Having regard to Regulation (EU) 2016/1036 of the European Parliament and of the Council of 8 June 2016 on protection against dumped imports from countries not members of the European Union<authorialNote placement="bottom" marker="1"><p>OJ L 176, 30.6.2016, p. 21.</p></authorialNote> and in particular Articles 13(3) and 14(5) thereof,</p></citation><citation><p>After having informed the Member States,</p></citation></citations><recitals xml:id="recs_d316e70"><intro><p>Whereas:</p></intro><num>A.</num><p>REQUEST</p><recital xml:id="rec_d316e82"><num>(1)</num><p>The European Commission received a request pursuant to Articles 13(3) and 14(5) of Regulation (EU) 2016/1036 (&apos;the basic Regulation&apos;), to investigate the possible circumvention of the anti-dumping measures imposed on imports of monosodium glutamate originating in the People&apos;s Republic of China and to make such imports subject to registration.</p></recital><num>B.</num><p>PRODUCT</p><recital xml:id="rec_d316e101"><num>(2)</num><p>The product concerned by the possible circumvention is monosodium glutamate (&apos;MSG&apos;). It is currently falling under CN code ex29224200 (TARIC code 2922420010) and originating in the People&apos;s Republic of China (&apos;the product concerned&apos;). The product concerned is subject to anti-dumping measures.</p></recital><recital xml:id="rec_d316e122"><num>(3)</num><p>The product under investigation for possible circumvention is the same as that defined in the previous recital, but in mixture or in solution, containing by dry weight 50 % or more of monosodium glutamate. Products, with which MSG may be mixed, are, for example salts, sugars, starches, maltodextrins or various seasonings. The product to be investigated was falling at the time of the entry into force of Commission Implementing Regulation (EU) 2015/83<authorialNote placement="bottom" marker="2"><p>Commission Implementing Regulation (EU) 2015/83 of 21 January 2015 imposing a definitive anti-dumping duty on imports of monosodium glutamate originating in the People&apos;s Republic of China following an expiry review pursuant to Article 11(2) of Council Regulation (EC) No 1225/2009 (OJ L 15, 22.1.2015, p. 31).</p></authorialNote> (&apos;the existing measures&apos;) under CN codes ex21039090, ex21041000, ex21042000, ex38249092, ex38249093 and ex38249096 (TARIC codes ex2103909010, ex2103909080, ex2104100010, ex2104100090, ex3824909299, ex3824909390 and ex3824909699. There was no specific TARIC code for ex21042000) (&apos;MSG mixtures&apos;).</p></recital><num>C.</num><p>EXISTING MEASURES</p><recital xml:id="rec_d316e201"><num>(4)</num><p>The measures currently in force and possibly being circumvented are a definitive anti-dumping duty imposed by Implementing Regulation (EU) 2015/83.</p></recital><num>D.</num><p>GROUNDS</p><recital xml:id="rec_d316e216"><num>(5)</num><p>The applicant provided sufficient evidence that the existing anti-dumping measures on imports of the product concerned are being circumvented by slight modifications of the product concerned.</p></recital><recital xml:id="rec_d316e222"><num>(6)</num><p>More specifically, export statistics (Comext and IHS Global) show that a significant change in the pattern of trade involving exports from the People&apos;s Republic of China to the Union has taken place following the imposition of the definitive anti-dumping duty on the product concerned imposed by Implementing Regulation (EU) 2015/83. This change appears without sufficient due cause or economic justification for such a change other than the imposition of the duty.</p></recital><recital xml:id="rec_d316e228"><num>(7)</num><p>In addition, the evidence points to the fact that this change stems from the importation of the slightly modified product concerned. The product concerned is modified by adding small quantities of NaCl (table salt), which slightly modifies the product concerned without altering its fundamental characteristics. The evidence demonstrates that there is no due cause or economic justification other than the imposition of the duty for such practice, process or work.</p></recital><recital xml:id="rec_d316e234"><num>(8)</num><p>Furthermore, the applicant provided sufficient evidence that the remedial effects of the existing anti-dumping measures on the product concerned are being undermined both in terms of quantity and price. Significant volumes of imports of the product under investigation appear to have replaced imports of the product concerned. In addition, there is sufficient evidence that imports of the product under investigation are made at prices below the non-injurious price established in the investigation that led to the existing measures.</p></recital><recital xml:id="rec_d316e240"><num>(9)</num><p>Finally, the applicant provided sufficient evidence that the prices of the product under investigation are dumped in relation to the normal value previously established.</p></recital><recital xml:id="rec_d316e246"><num>(10)</num><p>Should circumvention practices covered by Article 13 of the basic Regulation, other than as described in recital 7, be identified in the course of the investigation, the investigation may also cover these practices.</p></recital><num>E.</num><p>PROCEDURE</p><recital xml:id="rec_d316e261"><num>(11)</num><p>In light of the above, the Commission has concluded that sufficient evidence exists to justify the initiation of an investigation pursuant to Article 13(3) of the basic Regulation and to make imports of the products under investigation subject to registration, in accordance with Article 14(5) of the basic Regulation.</p></recital><recital xml:id="rec_d316e267"><num>(12)</num><p>In order to obtain information it deems necessary for its investigation, all interested parties should contact the Commission forthwith, but not later than the time-limit set in Article 3(2) of this Regulation. The time-limit set in Article 3(2) of this Regulation applies to all interested parties. Information, as appropriate, may also be sought from the Union industry.</p></recital><recital xml:id="rec_d316e273"><num>(13)</num><p>The authorities of the People&apos;s Republic of China will be notified of the initiation of the investigation.</p></recital><num>(a)</num><p>Instructions for making written submissions and sending completed questionnaires and correspondence</p><recital xml:id="rec_d316e288"><num>(14)</num><p>Information submitted to the Commission for the purpose of trade defence investigations shall be free from copyrights. Interested parties, before submitting to the Commission information and/or data which is subject to third party copyrights, must request specific permission to the copyright holder explicitly allowing (a) the Commission to use the information and data for the purpose of this trade defence proceeding; and (b) to provide the information and/or data to interested parties to this investigation in a form that allows them to exercise their right of defence.</p></recital><recital xml:id="rec_d316e295"><num>(15)</num><p>All written submissions, including the information requested in this Regulation, completed questionnaires and correspondence provided by interested parties for which confidential treatment is requested shall be labelled &apos;Limited&apos;<authorialNote placement="bottom" marker="3"><p>A &apos;Limited&apos; document is a document which is considered confidential pursuant to Article 19 of the basic Regulation and Article 6 of the WTO Agreement on Implementation of Article VI of the GATT 1994 (Anti-Dumping Agreement). It is also a document protected pursuant to Article 4 of Regulation (EC) No 1049/2001 of the European Parliament and of the Council (OJ L 145, 31.5.2001, p. 43).</p></authorialNote>. Parties submitting information in the course of this investigation are invited to reason their request for confidential treatment.</p></recital><recital xml:id="rec_d316e315"><num>(16)</num><p>Interested parties providing &apos;Limited&apos; information are required to furnish non-confidential summaries of it pursuant to Article 19(2) of Regulation (EU) 2016/1036, which will be labelled &apos;For inspection by interested parties&apos;. These summaries should be sufficiently detailed to permit a reasonable understanding of the substance of the information submitted in confidence.</p></recital><recital xml:id="rec_d316e329"><num>(17)</num><p>If a party providing confidential information fails to show good cause for a confidential treatment or does not furnish a non-confidential summary of it in the requested format and quality, the Commission may disregard such information unless it can be satisfactorily demonstrated from appropriate sources that the information is correct.</p></recital><recital xml:id="rec_d316e335"><num>(18)</num><p>Interested parties are invited to make all submissions and requests via TRON.tdi (https://tron.trade.ec.europa.eu/tron/TDI), including scanned powers of attorney and certification sheets. In order to have access to TRON.tdi, interested parties need an EU Login account. Full instructions on how to register and use TRON.tdi are available on https://webgate.ec.europa.eu/tron/resources/documents/gettingStarted.pdf By using TRON.tdi or email, interested parties express their agreement with the rules applicable to electronic submissions contained in the document &apos;CORRESPONDENCE WITH THE EUROPEAN COMMISSION IN TRADE DEFENCE CASES&apos; published on the website of the Directorate-General for Trade: http://trade.ec.europa.eu/doclib/docs/2011/june/tradoc_148003.pdf The interested parties must indicate their name, address, telephone and a valid email address and they should ensure that the provided email address is a functioning official business email which is checked on a daily basis. Once contact details are provided, the Commission will communicate with interested parties by email only, unless they explicitly request to receive all documents from the Commission by another means of communication or unless the nature of the document to be sent requires the use of a registered mail. For further rules and information concerning correspondence with the Commission including principles that apply to submissions by email, interested parties should consult the communication instructions with interested parties referred to above. Commission address for correspondence:  European Commission Directorate-General for Trade Directorate H Office: CHAR 04/039 1049 Brussels BELGIUM TRON.tdi: https://tron.trade.ec.europa.eu/tron/TDI Email: TRADE-R719@ec.europa.eu</p></recital><num>(b)</num><p>Collection of information and holding of hearings</p><recital xml:id="rec_d316e380"><num>(19)</num><p>All interested parties including the Union industry, importers and any relevant association are invited to make their views known in writing and to provide supporting evidence provided that such submissions are made within the deadline provided for in Article 3(2). Furthermore, the Commission may hear interested parties, provided that they make a request in writing and show that there are particular reasons why they should be heard.</p></recital><num>(c)</num><p>Exemption from registration of imports or measures</p><recital xml:id="rec_d316e396"><num>(20)</num><p>In accordance with Article 13(4) of the basic Regulation, imports of the product under investigation may be exempted from registration or measures if the importation does not constitute circumvention.</p></recital><recital xml:id="rec_d316e402"><num>(21)</num><p>Since the possible circumvention takes place outside the Union, exemptions may be granted, in accordance with Article 13(4) of the basic Regulation, to producers of the product under investigation in the People&apos;s Republic of China that can show that they are not engaged in circumvention practices as defined in Articles 13(1) and 13(2) of the basic Regulation. Producers, if any, wishing to obtain an exemption should come forward within the time-limit indicated in Article 3(1) of this Regulation. A questionnaire is available in the file for inspection by interested parties and on DG Trade&apos;s website: https://trade.ec.europa.eu/tdi/case_details.cfm?id=2448 which has to be submitted within the time-limit indicated in Article 3(2) of this Regulation.</p></recital><recital xml:id="rec_d316e408"><num>(22)</num><p>Extensions to the deadline to reply to questionnaires and to other time-limits as specified in this Regulation or otherwise provided in specific communications with interested parties will be limited to a maximum of 3 additional days. Such an extension may be prolonged up to a maximum of 7 days where the requesting party can demonstrate the existence of exceptional circumstances.</p></recital><num>F.</num><p>REGISTRATION</p><recital xml:id="rec_d316e423"><num>(23)</num><p>Pursuant to Article 14(5) of the basic Regulation, imports of the product under investigation is to be made subject to registration in order to ensure that, should the investigation result in findings of circumvention, anti-dumping duties of an appropriate amount can be levied from the date on which registration of such imports was imposed.</p></recital><recital xml:id="rec_d316e429"><num>(24)</num><p>The extension of the measures to the slightly modified product should bear the same liability as the one established under the existing measures. If it can be established that the circumvention comes from cooperating exporter with individual margins, those become applicable. Otherwise, the residual duty would apply.</p></recital><num>G.</num><p>TIME-LIMITS</p><recital xml:id="rec_d316e444"><num>(25)</num><p>In the interest of sound administration, time-limits should be stated within which:<list><indent><num>-</num><content><p>interested parties may make themselves known to the Commission, present their views in writing and submit questionnaire replies or any other information to be taken into account during the investigation,</p></content></indent><indent><num>-</num><content><p>interested parties may make a written request to be heard by the Commission.</p></content></indent></list></p></recital><recital xml:id="rec_d316e458"><num>(26)</num><p>Attention is drawn to the fact that the exercise of procedural rights set out in the basic Regulation depends on the party&apos;s making itself known within the time-limits laid down in Article 3 of this Regulation.</p></recital><num>H.</num><p>NON-COOPERATION</p><recital xml:id="rec_d316e473"><num>(27)</num><p>If any interested party refuses access to or does not provide the necessary information within the time-limits, or significantly impedes the investigation, findings, affirmative or negative, may be made on the basis of facts available in accordance with Article 18 of the basic Regulation.</p></recital><recital xml:id="rec_d316e479"><num>(28)</num><p>Where it is found that any interested party has supplied false or misleading information, the information shall be disregarded and use may be made of facts available in accordance with Article 18 of the basic Regulation.</p></recital><recital xml:id="rec_d316e485"><num>(29)</num><p>If an interested party does not cooperate or cooperates only partially and findings are therefore based on the facts available in accordance with Article 18 of the basic Regulation, the result may be less favourable to that party than if it had cooperated.</p></recital><num>I.</num><p>SCHEDULE OF THE INVESTIGATION</p><recital xml:id="rec_d316e500"><num>(30)</num><p>The investigation will be concluded, pursuant to Article 13(3) of the basic Regulation, within nine months of the date of entry into force of this Regulation.</p></recital><num>J.</num><p>PROCESSING OF PERSONAL DATA</p><recital xml:id="rec_d316e517"><num>(31)</num><p>It is noted that any personal data collected in this investigation will be treated in accordance with Regulation (EU) 2018/1725 of the European Parliament and of the Council on the protection of natural persons with regard to the processing of personal data by the Union institutions, bodies, offices and agencies and on the free movement of such data<authorialNote placement="bottom" marker="4"><p>Regulation (EU) 2018/1725 of the European Parliament and of the Council of 23 October 2018 on the protection of natural persons with regard to the processing of personal data by the Union institutions, bodies, offices and agencies and on the free movement of such data, and repealing Regulation (EC) No 45/2001 and Decision No 1247/2002/EC (OJ L 295, 21.11.2018, p. 39).</p></authorialNote>.</p></recital><recital xml:id="rec_d316e533"><num>(32)</num><p>A data protection notice that informs all individuals of the processing of personal data in the framework of Commission&apos;s trade defence activities is available on DG Trade&apos;s website: http://ec.europa.eu/trade/policy/accessing-markets/trade-defence/</p></recital><num>K.</num><p>HEARING OFFICER</p><recital xml:id="rec_d316e548"><num>(33)</num><p>Interested parties may request the intervention of the Hearing Officer in trade proceedings. The Hearing Officer reviews requests for access to the file, disputes regarding the confidentiality of documents, requests for extension of time limits and any other request concerning the rights of defence of interested parties and third parties as may arise during the proceeding.</p></recital><recital xml:id="rec_d316e554"><num>(34)</num><p>The Hearing Officer may organise hearings and mediate between the interested party/‐ies and Commission services to ensure that the interested parties&apos; rights of defence are being fully exercised.</p></recital><recital xml:id="rec_d316e560"><num>(35)</num><p>A request for a hearing with the Hearing Officer should be made in writing and should specify the reasons for the request. The Hearing Officer will examine the reasons for the requests. These hearings should only take place if the issues have not been settled with the Commission services in the due course.</p></recital><recital xml:id="rec_d316e566"><num>(36)</num><p>Any request must be submitted in good time and expeditiously so as not to jeopardise the orderly conduct of proceedings. To that effect, interested parties should request the intervention of the Hearing Officer at the earliest possible time following the occurrence of the event justifying such intervention. In principle, the timeframes set out in Article 3 to request hearings with the Commission services apply <i>mutatis mutandis</i> to requests for hearings with the Hearing Officer. Where hearing requests are submitted outside the relevant timeframes, the Hearing Officer will also examine the reasons for such late requests, the nature of the issues raised and the impact of those issues on the rights of defence, having due regard to the interests of good administration and the timely completion of the investigation.</p></recital><recital xml:id="rec_d316e575"><num>(37)</num><p>For further information and contact details interested parties may consult the Hearing Officer&apos;s web pages on the Directorate-General for Trade&apos;s website: http://ec.europa.eu/trade/trade-policy-and-you/contacts/hearing-officer/,</p></recital></recitals><formula name="enactingFormula"><p>HAS ADOPTED THIS REGULATION:</p></formula></preamble><body><article xml:id="art_d316e584"><num>Article 1</num><heading/><paragraph><content><p>An investigation is initiated pursuant to Article 13(3) of Regulation (EU) 2016/1036, in order to determine if imports into the Union of monosodium glutamate in mixture or in solution, containing by dry weight 50 % or more of monosodium glutamate, currently falling under CN codes ex21039090, ex21041000, ex21042000, ex38249992, ex38249993 and ex38249996 (TARIC codes 2103909011, 2103909081, 2104100011, 2104100081, 2104200011, 3824999298, 3824999389 and 3824999689), originating in the People&apos;s Republic of China, are circumventing the measures imposed by Commission Implementing Regulation (EU) 2015/83.</p></content></paragraph></article><article xml:id="art_d316e633"><num>Article 2</num><heading/><paragraph><num>1.</num><content><p>The customs authorities of the Member States shall, pursuant to Article 13(3) and Article 14(5) of Regulation (EU) 2016/1036, take the appropriate steps to register the imports into the Union identified in Article 1 of this Regulation.</p></content></paragraph><paragraph><num>2.</num><content><p>Registration shall expire nine months following the date of entry into force of this Regulation.</p></content></paragraph><paragraph><num>3.</num><content><p>The Commission may direct customs authorities to cease registration in respect of imports into the Union of products made by exporters/producers having applied for an exemption from registration and having been found to fulfil the conditions for an exemption to be granted.</p></content></paragraph></article><article xml:id="art_d316e652"><num>Article 3</num><heading/><paragraph><num>1.</num><content><p>Interested parties must make themselves known by contacting the Commission within 15 days from the date of entry into force of this Regulation.</p></content></paragraph><paragraph><num>2.</num><content><p>Interested parties, if their representations are to be taken into account during the investigation, must make themselves known by contacting the Commission, present their views in writing and submit questionnaire replies or any other information within 37 days from the date of entry into force of this Regulation, unless otherwise specified.</p></content></paragraph><paragraph><num>3.</num><content><p>Interested parties may also apply to be heard by the Commission within the same 37-day time limit. For hearings pertaining to the initiation stage of the investigation the request must be submitted within 15 days of the date of entry into force of this Regulation. Any request to be heard must be made in writing and must specify the reasons for the request.</p></content></paragraph></article><article xml:id="art_d316e670"><num>Article 4</num><heading/><paragraph><content><p>This Regulation shall enter into force on the day following that of its publication in the <i>Official Journal of the European Union</i>.</p></content></paragraph></article><clause><content><p>This Regulation shall be binding in its entirety and directly applicable in all Member States.</p></content></clause></body><conclusions><p>Done at Brussels, 19 February 2020.</p><block name="signatory"><signature><organization refersTo="">For the Commission</organization><role refersTo="">The President</role><person refersTo="">Ursula VON DER LEYEN</person></signature></block></conclusions></bill></akomaNtoso>