<?xml version="1.0" encoding="UTF-8"?><akomaNtoso xmlns="http://docs.oasis-open.org/legaldocml/ns/akn/3.0" xmlns:fmx="http://formex.publications.europa.eu/schema/formex-05.21-20110601.xd" xmlns:leos="urn:eu:europa:ec:leos" xmlns:xs="http://www.w3.org/2001/XMLSchema"><bill name=""><meta xmlns:fn="http://www.w3.org/2005/xpath-functions"><identification source="~COM"><FRBRWork><FRBRthis value=""/><FRBRuri value=""/><FRBRdate date="2999-01-01" name=""/><FRBRauthor href=""/><FRBRcountry value=""/></FRBRWork><FRBRExpression><FRBRthis value=""/><FRBRuri value=""/><FRBRdate date="2999-01-01" name=""/><FRBRauthor href=""/><FRBRlanguage language="eng"/></FRBRExpression><FRBRManifestation><FRBRthis value=""/><FRBRuri value=""/><FRBRdate date="2999-01-01" name=""/><FRBRauthor href=""/></FRBRManifestation></identification></meta><preface><longTitle><p><docStage/><docType>COUNCIL DECISION (EU) 2020/102</docType>of 20 January 2020<docPurpose>appointing the members and alternate members of the Committee of the Regions for the period from 26 January 2020 to 25 January 2025</docPurpose></p></longTitle></preface><preamble><formula name="actingEntity"><p>THE COUNCIL OF THE EUROPEAN UNION,</p></formula><citations><citation><p>Having regard to the Treaty on the Functioning of the European Union, and in particular Article 300(3) and Article 305 thereof,</p></citation><citation><p>Having regard to Council Decision (EU) 2019/852 of 21 May 2019 determining the composition of the Committee of the Regions<authorialNote placement="bottom" marker="1"><p>OJ L 139, 27.5.2019, p. 13.</p></authorialNote>,</p></citation><citation><p>Having regard to the proposals made by each Member State,</p></citation></citations><recitals xml:id="recs_d39e75"><intro><p>Whereas:</p></intro><recital xml:id="rec_d39e78"><num>(1)</num><p>Article 300(3) of the Treaty provides that the Committee of the Regions is to consist of representatives of regional and local bodies who either hold a regional or local authority electoral mandate or are politically accountable to an elected assembly.</p></recital><recital xml:id="rec_d39e84"><num>(2)</num><p>Article 305 of the Treaty provides for the members of the Committee of the Regions and an equal number of alternate members to be appointed by the Council for a term of five years in accordance with the proposals made by each Member State.</p></recital><recital xml:id="rec_d39e90"><num>(3)</num><p>As the term of office of the members and alternate members of the Committee of the Regions is due to expire on 25 January 2020, new members and alternate members should be appointed.</p></recital><recital xml:id="rec_d39e99"><num>(4)</num><p>On 10 December 2019, the Council adopted Decision (EU) 2019/2157<authorialNote placement="bottom" marker="2"><p>Council Decision (EU) 2019/2157 of 10 December 2019 appointing the members and alternate members of the Committee of the Regions for the period from 26 January 2020 to 25 January 2025 (OJ L 327, 17.12.2019, p. 78).</p></authorialNote>. That Decision appointed, for the period from 26 January 2020 to 25 January 2025, the members and alternate members proposed by the Czech, Danish, Estonian, Cypriot, Latvian, Luxembourg, Dutch, Austrian, Romanian, Slovenian, Slovak and Swedish Governments. Decision (EU) 2019/2157 also appointed for the same period 3 members proposed by the Belgian Government, 21 members and 20 alternate members proposed by the German Government, 16 members and 16 alternate members proposed by the Spanish Government, 8 members and 8 alternate members proposed by the Irish Government, 10 members and 14 alternate members proposed by the Italian Government, 4 members and 4 alternate members proposed by the Maltese Government and 8 members and 8 alternate members proposed by the Finnish Government. Members and alternate members whose nominations had not been communicated to the Council before 15 November 2019 could not be included in Decision (EU) 2019/2157.</p></recital><recital xml:id="rec_d39e133"><num>(5)</num><p>By 20 December 2019, further lists were submitted to the Council, namely the list of members and alternate members proposed by the Greek, French, Croatian, Lithuanian, Hungarian and Portuguese Governments, as well as the list containing 4 members and 4 alternate members proposed by the Belgian Government, the list containing one member proposed by the Bulgarian Government, the list containing one member and one alternate member proposed by the Irish Government, the list containing one member and one alternate member proposed by the Spanish Government, the list containing 14 members and 10 alternate members proposed by the Italian Government and the list containing 21 members and 20 alternate members proposed by the Polish Government. Those members and alternate members should be appointed for the same period, from 26 January 2020 to 25 January 2025, as the members and alternate members appointed by Decision (EU) 2019/2157.</p></recital><recital xml:id="rec_d39e149"><num>(6)</num><p>That appointment will be followed at a later stage by the appointment of the other members and alternate members whose nominations have not been communicated to the Council before 20 December 2019,</p></recital></recitals><formula name="enactingFormula"><p>HAS ADOPTED THIS DECISION:</p></formula></preamble><body><article xml:id="art_d39e161"><num>Article 1</num><heading/><paragraph><subparagraph><content><p>The following are hereby appointed to the Committee of the Regions for the period from 26 January 2020 to 25 January 2025:</p></content></subparagraph><list><indent><num>-</num><content><p>as members, the persons listed by Member State in Annex I;</p></content></indent><indent><num>-</num><content><p>as alternate members, the persons listed by Member State in Annex II.</p></content></indent></list></paragraph></article><article xml:id="art_d39e180"><num>Article 2</num><heading/><paragraph><content><p>This Decision shall enter into force on the date of its adoption.</p></content></paragraph></article></body><conclusions><p>Done at Brussels, 20 January 2020.</p><block name="signatory"><signature><organization refersTo="">For the Council</organization><role refersTo="">The President</role><person refersTo="">J. BORRELL FONTELLES</person></signature></block></conclusions></bill></akomaNtoso>