<?xml version="1.0" encoding="UTF-8"?><akomaNtoso xmlns="http://docs.oasis-open.org/legaldocml/ns/akn/3.0" xmlns:fmx="http://formex.publications.europa.eu/schema/formex-05.21-20110601.xd" xmlns:leos="urn:eu:europa:ec:leos" xmlns:xs="http://www.w3.org/2001/XMLSchema"><bill name=""><meta xmlns:fn="http://www.w3.org/2005/xpath-functions"><identification source="~COM"><FRBRWork><FRBRthis value=""/><FRBRuri value=""/><FRBRdate date="2999-01-01" name=""/><FRBRauthor href=""/><FRBRcountry value=""/></FRBRWork><FRBRExpression><FRBRthis value=""/><FRBRuri value=""/><FRBRdate date="2999-01-01" name=""/><FRBRauthor href=""/><FRBRlanguage language="eng"/></FRBRExpression><FRBRManifestation><FRBRthis value=""/><FRBRuri value=""/><FRBRdate date="2999-01-01" name=""/><FRBRauthor href=""/></FRBRManifestation></identification></meta><preface><longTitle><p><docStage/><docType>COMMISSION REGULATION (EU) 2020/355</docType>of 26 February 2020<docPurpose>amending Annex II to Regulation (EC) No 1333/2008 of the European Parliament and of the Council as regards the use of polyglycerol polyricinoleate (E 476) in liquid vegetable oil emulsions</docPurpose></p></longTitle><container name="EEArelevance"><p>(Text with EEA relevance)</p></container></preface><preamble><formula name="actingEntity"><p>THE EUROPEAN COMMISSION,</p></formula><citations><citation><p>Having regard to the Treaty on the Functioning of the European Union,</p></citation><citation><p>Having regard to Regulation (EC) No 1333/2008 of the European Parliament and of the Council of 16 December 2008 on food additives<authorialNote placement="bottom" marker="1"><p>OJ L 354, 31.12.2008, p. 16.</p></authorialNote>, and in particular Article 10(3) thereof,</p></citation></citations><recitals xml:id="recs_d259e71"><intro><p>Whereas:</p></intro><recital xml:id="rec_d259e74"><num>(1)</num><p>Annex II to Regulation (EC) No 1333/2008 lays down a Union list of food additives approved for use in foods and their conditions of use.</p></recital><recital xml:id="rec_d259e80"><num>(2)</num><p>That list may be updated in accordance with the common procedure referred to in Article 3(1) of Regulation (EC) No 1331/2008 of the European Parliament and of the Council<authorialNote placement="bottom" marker="2"><p>Regulation (EC) No 1331/2008 of the European Parliament and of the Council of 16 December 2008 establishing a common authorisation procedure for food additives, food enzymes and food flavourings (OJ L 354, 31.12.2008, p. 1).</p></authorialNote>, either on the initiative of the Commission or following an application.</p></recital><recital xml:id="rec_d259e96"><num>(3)</num><p>Pursuant to Annex II to Regulation (EC) No 1333/2008 polyglycerol polyricinoleate (E 476) is an already authorised food additive in food category 02.2.2 &apos;Other fat and oil emulsions including spreads as defined by Regulation (EC) No 1234/2007 and liquid emulsions&apos; (at a maximum level of 4000 mg/kg), but only for spreadable fats as defined in Article 115 of Council Regulation (EC) No 1234/2007<authorialNote placement="bottom" marker="3"><p>Council Regulation (EC) No 1234/2007 of 22 October 2007 establishing a common organisation of agricultural markets and on specific provisions for certain agricultural products (Single CMO Regulation) (OJ L 299, 16.11.2007, p. 1).</p></authorialNote> and Annex XV thereto, having a fat content of 41 % or less and similar spreadable products with a fat content of less than 10 % fat. Regulation (EC) No 1234/2007 has been later repealed by Regulation (EU) No 1308/2013 of the European Parliament and of the Council<authorialNote placement="bottom" marker="4"><p>Regulation (EU) No 1308/2013 of the European Parliament and of the Council of 17 December 2013 establishing a common organisation of the markets in agricultural products and repealing Council Regulations (EEC) No 922/72, (EEC) No 234/79, (EC) No 1037/2001 and (EC) No 1234/2007 (OJ L 347, 20.12.2013, p. 671).</p></authorialNote>.</p></recital><recital xml:id="rec_d259e129"><num>(4)</num><p>On 27 May 2017, an application was submitted for the authorisation of the use of polyglycerol polyricinoleate (E 476) as an emulsifier in liquid vegetable oil emulsions for sale to the final consumer, having a fat content of 70 % or less. The application was subsequently made available to the Member States by the Commission pursuant to Article 4 of Regulation (EC) No 1331/2008.</p></recital><recital xml:id="rec_d259e138"><num>(5)</num><p>Polyglycerol polyricinoleate (E 476) is a water-in-oil emulsifier capable of forming very stable oil emulsions with high water content. In studies carried out by the applicant, comparing the effectiveness of different emulsifiers for the production of liquid vegetable oil emulsions with reduced fat content, polyglycerol polyricinoleate (E 476) gave the best results both in terms of physical as well as organoleptic properties of the obtained product. The emulsion can be used in the same way as vegetable oils for the preparation of cold and hot dishes. However, the emulsion has a lower fat content (70 % or less), and therefore a lower caloric content than the vegetable oil used for its production. The level of use of polyglycerol polyricinoleate (E 476) needed to achieve the intended technological function was 4000 mg/kg.</p></recital><recital xml:id="rec_d259e147"><num>(6)</num><p>On 24 March 2017, the European Food Safety Authority (&apos;the Authority&apos;) delivered a scientific opinion on the re-evaluation of polyglycerol polyricinoleate (E 476)<authorialNote placement="bottom" marker="5"><p><i>EFSA Journal</i> 2017;15(3):4743.</p></authorialNote> and established an acceptable daily intake (ADI) of 25 mg polyglycerol polyricinoleate/kg body weight/day. Considering that the exposure estimates did not exceed the ADI, the Authority concluded that polyglycerol polyricinoleate (E 476) as a food additive would not be of safety concern, if used at the permitted or reported use and use levels</p></recital><recital xml:id="rec_d259e167"><num>(7)</num><p>In the application the applicant estimated the exposure by using the Food Additives Intake Model<authorialNote placement="bottom" marker="6"><p>https://www.efsa.europa.eu/en/applications/foodingredients/tools</p></authorialNote> developed by the Authority. The estimates provided indicate that the additional use of polyglycerol polyricinoleate (E 476) at the maximum level of 4000 mg/kg in liquid vegetable oil emulsions having a fat content of 70 % or less, is not of safety concern, since it would not result in a total exposure to this substance exceeding the established ADI.</p></recital><recital xml:id="rec_d259e180"><num>(8)</num><p>Pursuant to Article 3(2) of Regulation (EC) No 1331/2008, the Commission is to seek the opinion of the Authority in order to update the Union list of food additives set out in Annex II to Regulation (EC) No 1333/2008, except where the update in question is not liable to have an effect on human health.</p></recital><recital xml:id="rec_d259e186"><num>(9)</num><p>Since the extended use of polyglycerol polyricinoleate (E 476) in food category 02.2.2 is not of safety concern, it requires an update of the Union list, which is not liable to have an effect on human health and hence it is not necessary to seek the opinion of the Authority.</p></recital><recital xml:id="rec_d259e193"><num>(10)</num><p>Therefore, it is appropriate to authorise the use of polyglycerol polyricinolate (E 476) as an emulsifier in liquid vegetable oil emulsions for sale to the final consumer, having a fat content of 70 % or less, in food category 02.2.2 &apos;Other fat and oil emulsions including spreads as defined by Regulation (EC) No 1234/2007 and liquid emulsions&apos;.</p></recital><recital xml:id="rec_d259e203"><num>(11)</num><p>Annex II to Regulation (EC) No 1333/2008 should therefore be amended accordingly.</p></recital><recital xml:id="rec_d259e209"><num>(12)</num><p>The measures provided for in this Regulation are in accordance with the opinion of the Standing Committee on Plants, Animals, Food and Feed,</p></recital></recitals><formula name="enactingFormula"><p>HAS ADOPTED THIS REGULATION:</p></formula></preamble><body><article xml:id="art_d259e218"><num>Article 1</num><heading/><paragraph><content><p>Annex II to Regulation (EC) No 1333/2008 is amended in accordance with the Annex to this Regulation.</p></content></paragraph></article><article xml:id="art_d259e223"><num>Article 2</num><heading/><paragraph><content><p>This Regulation shall enter into force on the twentieth day following that of its publication in the <i>Official Journal of the European Union</i>.</p></content></paragraph></article><clause><content><p>This Regulation shall be binding in its entirety and directly applicable in all Member States.</p></content></clause></body><conclusions><p>Done at Brussels, 26 February 2020.</p><block name="signatory"><signature><organization refersTo="">For the Commission</organization><role refersTo="">The President</role><person refersTo="">Ursula VON DER LEYEN</person></signature></block></conclusions></bill></akomaNtoso>