<?xml version="1.0" encoding="UTF-8"?><akomaNtoso xmlns="http://docs.oasis-open.org/legaldocml/ns/akn/3.0" xmlns:fmx="http://formex.publications.europa.eu/schema/formex-05.21-20110601.xd" xmlns:leos="urn:eu:europa:ec:leos" xmlns:xs="http://www.w3.org/2001/XMLSchema"><bill name=""><meta xmlns:fn="http://www.w3.org/2005/xpath-functions"><identification source="~COM"><FRBRWork><FRBRthis value=""/><FRBRuri value=""/><FRBRdate date="2999-01-01" name=""/><FRBRauthor href=""/><FRBRcountry value=""/></FRBRWork><FRBRExpression><FRBRthis value=""/><FRBRuri value=""/><FRBRdate date="2999-01-01" name=""/><FRBRauthor href=""/><FRBRlanguage language="eng"/></FRBRExpression><FRBRManifestation><FRBRthis value=""/><FRBRuri value=""/><FRBRdate date="2999-01-01" name=""/><FRBRauthor href=""/></FRBRManifestation></identification></meta><preface><longTitle><p><docStage/><docType>COMMISSION IMPLEMENTING REGULATION (EU) 2020/393</docType>of 11 March 2020<docPurpose>amending Annex I to Regulation (EC) No 798/2008 as regards the entry for Russia in the list of third countries, territories, zones or compartments from which certain poultry commodities may be imported into or transit through the Union in relation to Newcastle disease</docPurpose></p></longTitle><container name="EEArelevance"><p>(Text with EEA relevance)</p></container></preface><preamble><formula name="actingEntity"><p>THE EUROPEAN COMMISSION,</p></formula><citations><citation><p>Having regard to the Treaty on the Functioning of the European Union,</p></citation><citation><p>Having regard to Council Directive 2002/99/EC of 16 December 2002 laying down the animal health rules governing the production, processing, distribution and introduction of products of animal origin for human consumption<authorialNote placement="bottom" marker="1"><p>OJ L 18, 23.1.2003, p. 11.</p></authorialNote>, and in particular the introductory phrase of Article 8, the first subparagraph of point 1 of Article 8, point 4 of Article 8 and Article 9(4)(c) thereof,</p></citation><citation><p>Having regard to Council Directive 2009/158/EC of 30 November 2009 on animal health conditions governing intra-Community trade in, and imports from third countries of, poultry and hatching eggs<authorialNote placement="bottom" marker="2"><p>OJ L 343, 22.12.2009, p. 74.</p></authorialNote>, and in particular Articles 23(1), 24(2) and Article 25(2) thereof,</p></citation></citations><recitals xml:id="recs_d284e82"><intro><p>Whereas:</p></intro><recital xml:id="rec_d284e85"><num>(1)</num><p>Commission Regulation (EC) No 798/2008<authorialNote placement="bottom" marker="3"><p>Commission Regulation (EC) No 798/2008 of 8 August 2008 laying down a list of third countries, territories, zones or compartments from which poultry and poultry products may be imported into and transit through the Community and the veterinary certification requirements (OJ L 226, 23.8.2008, p. 1).</p></authorialNote> lays down veterinary certification requirements for imports into and transit, including storage during transit, through the Union of poultry and poultry products (the commodities). It provides that the commodities are only to be imported into and transit through the Union from the third countries, territories, zones or compartments listed in columns 1 and 3 of the table in Part 1 of Annex I thereto.</p></recital><recital xml:id="rec_d284e101"><num>(2)</num><p>Regulation (EC) No 798/2008 also lays down the conditions for a third country, territory, zone or compartment to be considered as free from highly pathogenic avian influenza (HPAI) and from Newcastle disease.</p></recital><recital xml:id="rec_d284e107"><num>(3)</num><p>Russia is listed in the table in Part 1 of Annex I to Regulation (EC) No 798/2008 as a third country from which imports into and transit through the Union of certain poultry commodities are authorised from the whole of its territory. However, the authorisation of Russia for meat of poultry for human consumption intended for import into or transit through the Union has been suspended since 17 November 2016, due to the confirmation of outbreaks of HPAI of subtype H5N8 in poultry holdings on its territory.</p></recital><recital xml:id="rec_d284e117"><num>(4)</num><p>On 28 January 2019, Russia confirmed the presence of Newcastle disease in a poultry holding on its territory. Since then Russia has confirmed several outbreaks of Newcastle disease in poultry holdings on its territory.</p></recital><recital xml:id="rec_d284e126"><num>(5)</num><p>In August 2019, the veterinary authorities of Russia submitted information to the Commission on the outbreaks of Newcastle disease on its territory since January 2019.</p></recital><recital xml:id="rec_d284e132"><num>(6)</num><p>Due to those confirmed outbreaks of Newcastle disease, Russia cannot be considered as free from that disease and the veterinary authorities of Russia are not in the position to certify consignments of meat of poultry for human consuption intended for import into or transit through the Union.</p></recital><recital xml:id="rec_d284e138"><num>(7)</num><p>For reasons of clarity and legal certainty the entry for Russia in the table in Part 1 of Annex I to Regulation (EC) No 798/2008 should be amended to take account of the epidemiological situation in that third country and indicate the closing date from which that third country cannot be considered as free from Newcastle disease.</p></recital><recital xml:id="rec_d284e144"><num>(8)</num><p>Annex I to Regulation (EC) No 798/2008 should therefore be amended accordingly.</p></recital><recital xml:id="rec_d284e150"><num>(9)</num><p>The measures provided for in this Regulation are in accordance with the opinion of the Standing Committee on Plants, Animals, Food and Feed,</p></recital></recitals><formula name="enactingFormula"><p>HAS ADOPTED THIS REGULATION:</p></formula></preamble><body><article xml:id="art_d284e159"><num>Article 1</num><heading/><paragraph><content><p>Part 1 of Annex I to Regulation (EC) No 798/2008 is amended in accordance with the Annex to this Regulation.</p></content></paragraph></article><article xml:id="art_d284e164"><num>Article 2</num><heading/><paragraph><content><p>This Regulation shall enter into force on the third day following that of its publication in the <i>Official Journal of the European Union</i>.</p></content></paragraph></article><clause><content><p>This Regulation shall be binding in its entirety and directly applicable in all Member States.</p></content></clause></body><conclusions><p>Done at Brussels, 11 March 2020.</p><block name="signatory"><signature><organization refersTo="">For the Commission</organization><role refersTo="">The President</role><person refersTo="">Ursula VON DER LEYEN</person></signature></block></conclusions></bill></akomaNtoso>