<?xml version="1.0" encoding="UTF-8"?><akomaNtoso xmlns="http://docs.oasis-open.org/legaldocml/ns/akn/3.0" xmlns:fmx="http://formex.publications.europa.eu/schema/formex-05.21-20110601.xd" xmlns:leos="urn:eu:europa:ec:leos" xmlns:xs="http://www.w3.org/2001/XMLSchema"><bill name=""><meta xmlns:fn="http://www.w3.org/2005/xpath-functions"><identification source="~COM"><FRBRWork><FRBRthis value=""/><FRBRuri value=""/><FRBRdate date="2999-01-01" name=""/><FRBRauthor href=""/><FRBRcountry value=""/></FRBRWork><FRBRExpression><FRBRthis value=""/><FRBRuri value=""/><FRBRdate date="2999-01-01" name=""/><FRBRauthor href=""/><FRBRlanguage language="eng"/></FRBRExpression><FRBRManifestation><FRBRthis value=""/><FRBRuri value=""/><FRBRdate date="2999-01-01" name=""/><FRBRauthor href=""/></FRBRManifestation></identification></meta><preface><longTitle><p><docStage/><docType>DECISION No 1/2020 OF THE GEOGRAPHICAL INDICATIONS SUB-COMMITTEE</docType>of 23 January 2020<docPurpose>replacing Annexes XVII-C and XVII-D to the Association Agreement between the European Union and the European Atomic Energy Community and their Member States, of the one part, and Georgia, of the other part [2020/273]</docPurpose></p></longTitle></preface><preamble><formula name="actingEntity"><p>THE GEOGRAPHICAL INDICATIONS SUB-COMMITTEE,</p></formula><citations><citation><p>Having regard to the Association Agreement between the European Union and the European Atomic Energy Community and their Member States, of the one part, and Georgia, of the other part, and in particular Article 179(3)(b) thereof,</p></citation></citations><recitals xml:id="recs_d247e57"><intro><p>Whereas:</p></intro><recital xml:id="rec_d247e60"><num>(1)</num><p>The Agreement between the European Union and Georgia on protection of geographical indications of agricultural products and foodstuffs entered into force on 1 April 2012.</p></recital><recital xml:id="rec_d247e69"><num>(2)</num><p>That Agreement was subsequently incorporated into the Association Agreement between the European Union and the European Atomic Energy Community and their Member States, of the one part, and Georgia, of the other part (hereinafter &apos;the Agreement&apos;), which entered into force on 1 July 2016.</p></recital><recital xml:id="rec_d247e82"><num>(3)</num><p>Article 171 of the Agreement provides for the possibility to add new geographical indications to be protected in Annexes XVII-C and XVII-D thereto after having completed the objection procedure and after having examined a summary of the specifications as referred to in Article 170(3) and (4) thereof, to the satisfaction of both Parties.</p></recital><recital xml:id="rec_d247e88"><num>(4)</num><p>That procedure and examination have been completed and Annexes XVII-C and XVII-D may therefore be replaced,</p></recital></recitals><formula name="enactingFormula"><p>HAS DECIDED AS FOLLOWS:</p></formula></preamble><body><article xml:id="art_d247e97"><num>Article 1</num><heading/><paragraph><content><p>Annexes XVII-C and XVII-D to the Association Agreement between the European Union and the European Atomic Energy Community and their Member States, of the one part, and Georgia, of the other part are replaced by the text in the Annex to this Decision.</p></content></paragraph></article><article xml:id="art_d247e103"><num>Article 2</num><heading/><paragraph><content><p>This Decision shall enter into force on the day of its adoption.</p></content></paragraph></article></body><conclusions><p>Done at Brussels, 23 January 2020.</p><p><i>For the Geographical Indications Sub-Committee</i></p><block name="signatory"><signature><organization refersTo="">The Chair (Head of the EU Delegation</organization><role refersTo="">Susana MARAZUELA</role></signature><signature><organization refersTo="">The Sub-Committee Secretaries</organization><role refersTo="">EU Secretary</role><person refersTo="">Manuel ROSSI PRIETO</person></signature><signature><organization refersTo="">Georgia Secretary</organization><role refersTo="">Manana PRUIDZE</role></signature></block></conclusions></bill></akomaNtoso>