<?xml version="1.0" encoding="UTF-8"?><akomaNtoso xmlns="http://docs.oasis-open.org/legaldocml/ns/akn/3.0" xmlns:fmx="http://formex.publications.europa.eu/schema/formex-05.21-20110601.xd" xmlns:leos="urn:eu:europa:ec:leos" xmlns:xs="http://www.w3.org/2001/XMLSchema"><bill name=""><meta xmlns:fn="http://www.w3.org/2005/xpath-functions"><identification source="~COM"><FRBRWork><FRBRthis value=""/><FRBRuri value=""/><FRBRdate date="2999-01-01" name=""/><FRBRauthor href=""/><FRBRcountry value=""/></FRBRWork><FRBRExpression><FRBRthis value=""/><FRBRuri value=""/><FRBRdate date="2999-01-01" name=""/><FRBRauthor href=""/><FRBRlanguage language="eng"/></FRBRExpression><FRBRManifestation><FRBRthis value=""/><FRBRuri value=""/><FRBRdate date="2999-01-01" name=""/><FRBRauthor href=""/></FRBRManifestation></identification></meta><preface><longTitle><p><docStage/><docType>COUNCIL DECISION (CFSP) 2020/20</docType>of 13 January 2020<docPurpose>updating the list of persons, groups and entities subject to Articles 2, 3 and 4 of Common Position 2001/931/CFSP on the application of specific measures to combat terrorism, and repealing Decision (CFSP) 2019/1341</docPurpose></p></longTitle></preface><preamble><formula name="actingEntity"><p>THE COUNCIL OF THE EUROPEAN UNION,</p></formula><citations><citation><p>Having regard to the Treaty on European Union, and in particular Article 29 thereof,</p></citation><citation><p>Having regard to the proposal of the High Representative of the Union for Foreign Affairs and Security Policy,</p></citation></citations><recitals xml:id="recs_d37e59"><intro><p>Whereas:</p></intro><recital xml:id="rec_d37e62"><num>(1)</num><p>On 27 December 2001, the Council adopted Common Position 2001/931/CFSP<authorialNote placement="bottom" marker="1"><p>Council Common Position 2001/931/CFSP of 27 December 2001 on the application of specific measures to combat terrorism (OJ L 344, 28.12.2001, p. 93).</p></authorialNote>.</p></recital><recital xml:id="rec_d37e81"><num>(2)</num><p>On 8 August 2019, the Council adopted Decision (CFSP) 2019/1341<authorialNote placement="bottom" marker="2"><p>Council Decision (CFSP) 2019/1341 of 8 August 2019 updating the list of persons, groups and entities subject to Articles 2, 3 and 4 of Common Position 2001/931/CFSP on the application of specific measures to combat terrorism, and repealing Decision (CFSP) 2019/25 (OJ L 209, 9.8.2019, p. 15).</p></authorialNote> updating the list of persons, groups and entities subject to Articles 2, 3 and 4 of Common Position 2001/931/CFSP (&apos;the list&apos;).</p></recital><recital xml:id="rec_d37e104"><num>(3)</num><p>In accordance with Article 1(6) of Common Position 2001/931/CFSP, it is necessary to review at regular intervals the names of persons, groups and entities in the list to ensure that there are grounds for keeping them thereon.</p></recital><recital xml:id="rec_d37e110"><num>(4)</num><p>This Decision sets out the result of the review that the Council has carried out in respect of persons, groups and entities to which Articles 2, 3 and 4 of Common Position 2001/931/CFSP apply.</p></recital><recital xml:id="rec_d37e116"><num>(5)</num><p>The Council has verified that competent authorities, as referred to in Article 1(4) of Common Position 2001/931/CFSP, have taken decisions with regard to all persons, groups and entities on the list to the effect that they have been involved in terrorist acts within the meaning of Article 1(2) and (3) of Common Position 2001/931/CFSP. The Council has also concluded that the persons, groups and entities to which Articles 2, 3 and 4 of Common Position 2001/931/CFSP apply should continue to be subject to the specific restrictive measures provided for in Common Position 2001/931/CFSP.</p></recital><recital xml:id="rec_d37e122"><num>(6)</num><p>The list should be updated accordingly, and Decision (CFSP) 2019/1341 should be repealed,</p></recital></recitals><formula name="enactingFormula"><p>HAS ADOPTED THIS DECISION:</p></formula></preamble><body><article xml:id="art_d37e131"><num>Article 1</num><heading/><paragraph><content><p>The list of persons, groups and entities to which Articles 2, 3 and 4 of Common Position 2001/931/CFSP apply is set out in the Annex to this Decision.</p></content></paragraph></article><article xml:id="art_d37e137"><num>Article 2</num><heading/><paragraph><content><p>Decision (CFSP) 2019/1341 is hereby repealed.</p></content></paragraph></article><article xml:id="art_d37e142"><num>Article 3</num><heading/><paragraph><content><p>This Decision shall enter into force on the day following that of its publication in the <i>Official Journal of the European Union</i>.</p></content></paragraph></article></body><conclusions><p>Done at Brussels, 13 January 2020.</p><block name="signatory"><signature><organization refersTo="">For the Council</organization><role refersTo="">The President</role><person refersTo="">A. METELKO-ZGOMBIĆ</person></signature></block></conclusions></bill></akomaNtoso>