<?xml version="1.0" encoding="UTF-8"?><akomaNtoso xmlns="http://docs.oasis-open.org/legaldocml/ns/akn/3.0" xmlns:fmx="http://formex.publications.europa.eu/schema/formex-05.21-20110601.xd" xmlns:leos="urn:eu:europa:ec:leos" xmlns:xs="http://www.w3.org/2001/XMLSchema"><bill name=""><meta xmlns:fn="http://www.w3.org/2005/xpath-functions"><identification source="~COM"><FRBRWork><FRBRthis value=""/><FRBRuri value=""/><FRBRdate date="2999-01-01" name=""/><FRBRauthor href=""/><FRBRcountry value=""/></FRBRWork><FRBRExpression><FRBRthis value=""/><FRBRuri value=""/><FRBRdate date="2999-01-01" name=""/><FRBRauthor href=""/><FRBRlanguage language="eng"/></FRBRExpression><FRBRManifestation><FRBRthis value=""/><FRBRuri value=""/><FRBRdate date="2999-01-01" name=""/><FRBRauthor href=""/></FRBRManifestation></identification></meta><preface><longTitle><p><docStage/><docType>COMMISSION REGULATION (EU) 2020/436</docType>of 24 March 2020<docPurpose>amending Regulation (EC) No 906/2009 as regards its period of application</docPurpose></p></longTitle><container name="EEArelevance"><p>(Text with EEA relevance)</p></container></preface><preamble><formula name="actingEntity"><p>THE EUROPEAN COMMISSION,</p></formula><citations><citation><p>Having regard to the Treaty on the Functioning of the European Union,</p></citation><citation><p>Having regard to Council Regulation (EC) No 246/2009 of 26 February 2009 on the application of Article 81(3) of the Treaty to certain categories of agreements, decisions and concerted practices between liner shipping companies (consortia)<authorialNote placement="bottom" marker="1"><p>OJ L 79, 25.3.2009, p. 1. With effect from 1 December 2009, Articles 81 and 82 of the EC Treaty have become respectively Articles 101 and 102 TFEU.</p></authorialNote>, and in particular Article 1 thereof,</p></citation><citation><p>After consulting the Advisory Committee on Restrictive Practices and Dominant Positions,</p></citation></citations><recitals xml:id="recs_d228e76"><intro><p>Whereas:</p></intro><recital xml:id="rec_d228e79"><num>(1)</num><p>Commission Regulation (EC) No 906/2009<authorialNote placement="bottom" marker="2"><p>Commission Regulation (EC) No 906/2009 of 28 September 2009 on the application of Article 81(3) of the Treaty to certain categories of agreements, decisions and concerted practices between liner shipping companies (consortia) (OJ L 256, 29.9.2009, p. 31).</p></authorialNote> grants a block exemption to liner shipping consortia from the prohibition contained in Article 101(1) of the Treaty, subject to certain conditions. That Regulation applies until 25 April 2020.</p></recital><recital xml:id="rec_d228e98"><num>(2)</num><p>Based on the Commission&apos;s evaluation of Regulation (EC) No 906/2009, following a public consultation, the Commission has gathered information and data showing with a sufficient degree of certainty that consortia meeting the conditions of Regulation (EC) No 906/2009 still satisfy all four conditions of Article 101(3) TFEU. Under current and expected market conditions, consortia reduce costs through economies of scale, rationalisation of services, and better vessel utilisation. For consortia agreements meeting the conditions of Regulation (EC) No 906/2009, a fair share of those cost reductions can be expected to flow to customers as a result of competition among members of the same consortium (internal competition), complemented by the 30 % market share threshold, which ensures that sufficient competition remains from outside each consortium (external competition). Consortia agreements meeting the conditions of Regulation (EC) No 906/2009 are indispensable to produce those efficiencies. There is no other less restrictive type of cooperation among container liner shipping operators that would produce the same benefits. Finally, consortia agreements meeting the conditions of Regulation (EC) No 906/2009 do not afford their members the possibility of eliminating competition in respect of a substantial part of liner shipping services in the respective relevant markets, because of both external competition and internal competition. Therefore, the reasons justifying a block exemption for consortia, which also facilitates the implementation of relevant consortia, are still valid.</p></recital><recital xml:id="rec_d228e104"><num>(3)</num><p>The conditions on the basis of which the scope and content of Regulation (EC) No 906/2009 were determined have remained sufficiently similar for the application of that Regulation to be extended.</p></recital><recital xml:id="rec_d228e110"><num>(4)</num><p>In order to allow the Commission to take into account possible changes in market circumstances and in line with the Commission&apos;s powers under Article 2, paragraphs 1 and 2 of Regulation (EC) No 246/2009, the period of application of Regulation (EC) No 906/2009 should be extended by four years.</p></recital><recital xml:id="rec_d228e117"><num>(5)</num><p>Regulation (EC) No 906/2009 should therefore be amended accordingly,</p></recital></recitals><formula name="enactingFormula"><p>HAS ADOPTED THIS REGULATION:</p></formula></preamble><body><article xml:id="art_d228e126"><num>Article 1</num><heading/><paragraph><content><p>In Article 7 of Regulation (EC) No 906/2009, the second paragraph is replaced by the following:</p></content></paragraph><paragraph><content><p>&apos;It shall apply until 25 April 2024&apos;.</p></content></paragraph></article><article xml:id="art_d228e138"><num>Article 2</num><heading/><paragraph><content><p>This Regulation shall enter into force on the twentieth day following that of its publication in the <i>Official Journal of the European Union</i>.</p></content></paragraph></article><clause><content><p>This Regulation shall be binding in its entirety and directly applicable in all Member States.</p></content></clause></body><conclusions><p>Done at Brussels, 24 March 2020.</p><block name="signatory"><signature><organization refersTo="">For the Commission</organization><role refersTo="">The President</role><person refersTo="">Ursula VON DER LEYEN</person></signature></block></conclusions></bill></akomaNtoso>