<?xml version="1.0" encoding="UTF-8"?><akomaNtoso xmlns="http://docs.oasis-open.org/legaldocml/ns/akn/3.0" xmlns:fmx="http://formex.publications.europa.eu/schema/formex-05.21-20110601.xd" xmlns:leos="urn:eu:europa:ec:leos" xmlns:xs="http://www.w3.org/2001/XMLSchema"><bill name=""><meta xmlns:fn="http://www.w3.org/2005/xpath-functions"><identification source="~COM"><FRBRWork><FRBRthis value=""/><FRBRuri value=""/><FRBRdate date="2999-01-01" name=""/><FRBRauthor href=""/><FRBRcountry value=""/></FRBRWork><FRBRExpression><FRBRthis value=""/><FRBRuri value=""/><FRBRdate date="2999-01-01" name=""/><FRBRauthor href=""/><FRBRlanguage language="eng"/></FRBRExpression><FRBRManifestation><FRBRthis value=""/><FRBRuri value=""/><FRBRdate date="2999-01-01" name=""/><FRBRauthor href=""/></FRBRManifestation></identification></meta><preface><longTitle><p><docStage/><docType>COUNCIL DECISION (EU) 2020/234</docType>of 17 February 2020<docPurpose>appointing an alternate member, proposed by the Kingdom of Denmark, of the Committee of the Regions</docPurpose></p></longTitle></preface><preamble><formula name="actingEntity"><p>THE COUNCIL OF THE EUROPEAN UNION,</p></formula><citations><citation><p>Having regard to the Treaty on the Functioning of the European Union, and in particular Article 305 thereof,</p></citation><citation><p>Having regard to the proposal of the Danish Government,</p></citation></citations><recitals xml:id="recs_d319e59"><intro><p>Whereas:</p></intro><recital xml:id="rec_d319e62"><num>(1)</num><p>On 10 December 2019, 20 January 2020 and 3 February 2020, the Council adopted Decisions (EU) 2019/2157<authorialNote placement="bottom" marker="1"><p>Council Decision (EU) 2019/2157 of 10 December 2019 appointing the members and alternate members of the Committee of the Regions for the period from 26 January 2020 to 25 January 2025 (OJ L 327, 17.12.2019, p. 78).</p></authorialNote>, (EU) 2020/102<authorialNote placement="bottom" marker="2"><p>Council Decision (EU) 2020/102 of 20 January 2020 appointing the members and alternate members of the Committee of the Regions for the period from 26 January 2020 to 25 January 2025 (OJ L 20, 24.1.2020, p. 2).</p></authorialNote> and (EU) 2020/144<authorialNote placement="bottom" marker="3"><p>Council Decision (EU) 2020/144 of 3 February 2020 appointing the members and alternate members of the Committee of the Regions for the period from 26 January 2020 to 25 January 2025 (OJ L 32, 4.2.2020, p. 16).</p></authorialNote> appointing the members and alternate members of the Committee of the Regions for the period from 26 January 2020 to 25 January 2025.</p></recital><recital xml:id="rec_d319e132"><num>(2)</num><p>An alternate member&apos;s seat on the Committee of the Regions has become vacant following the end of the term of office of Ms Ursula Beate DIETERICH-PEDERSEN,</p></recital></recitals><formula name="enactingFormula"><p>HAS ADOPTED THIS DECISION:</p></formula></preamble><body><article xml:id="art_d319e141"><num>Article 1</num><heading/><paragraph><subparagraph><content><p>The following is hereby appointed as an alternate member of the Committee of the Regions for the remainder of the current term of office, which runs until 25 January 2025:</p></content></subparagraph><list><indent><num>-</num><content><p>Ms Vibeke Syppli ENRUM, Member of a Regional Assembly: <i>Regionsrådet, Region Syddanmark</i>.</p></content></indent></list></paragraph></article><article xml:id="art_d319e157"><num>Article 2</num><heading/><paragraph><content><p>This Decision shall enter into force on the date of its adoption.</p></content></paragraph></article></body><conclusions><p>Done at Brussels, 17 February 2020.</p><block name="signatory"><signature><organization refersTo="">For the Council</organization><role refersTo="">The President</role><person refersTo="">J. BORRELL FONTELLES</person></signature></block></conclusions></bill></akomaNtoso>