<?xml version="1.0" encoding="UTF-8"?><akomaNtoso xmlns="http://docs.oasis-open.org/legaldocml/ns/akn/3.0" xmlns:fmx="http://formex.publications.europa.eu/schema/formex-05.21-20110601.xd" xmlns:leos="urn:eu:europa:ec:leos" xmlns:xs="http://www.w3.org/2001/XMLSchema"><bill name=""><meta xmlns:fn="http://www.w3.org/2005/xpath-functions"><identification source="~COM"><FRBRWork><FRBRthis value=""/><FRBRuri value=""/><FRBRdate date="2999-01-01" name=""/><FRBRauthor href=""/><FRBRcountry value=""/></FRBRWork><FRBRExpression><FRBRthis value=""/><FRBRuri value=""/><FRBRdate date="2999-01-01" name=""/><FRBRauthor href=""/><FRBRlanguage language="eng"/></FRBRExpression><FRBRManifestation><FRBRthis value=""/><FRBRuri value=""/><FRBRdate date="2999-01-01" name=""/><FRBRauthor href=""/></FRBRManifestation></identification></meta><preface><longTitle><p><docStage/><docType>COMMISSION IMPLEMENTING REGULATION (EU) 2020/267</docType>of 26 February 2020<docPurpose>operating a deduction from the Atlantic salmon fishing quota available to Poland in 2019 on account of overfishing in 2017</docPurpose></p></longTitle></preface><preamble><formula name="actingEntity"><p>THE EUROPEAN COMMISSION,</p></formula><citations><citation><p>Having regard to the Treaty on the Functioning of the European Union,</p></citation><citation><p>Having regard to Council Regulation (EC) No 1224/2009 of 20 November 2009 establishing a Union control system for ensuring compliance with the rules of the common fisheries policy, amending Regulations (EC) No 847/96, (EC) No 2371/2002, (EC) No 811/2004, (EC) No 768/2005, (EC) No 2115/2005, (EC) No 2166/2005, (EC) No 388/2006, (EC) No 509/2007, (EC) No 676/2007, (EC) No 1098/2007, (EC) No 1300/2008, (EC) No 1342/2008 and repealing Regulations (EEC) No 2847/93, (EC) No 1627/94 and (EC) No 1966/2006<authorialNote placement="bottom" marker="1"><p>OJ L 343, 22.12.2009, p. 1.</p></authorialNote>, and in particular Article 105(4) thereof,</p></citation></citations><recitals xml:id="recs_d123e68"><intro><p>Whereas:</p></intro><recital xml:id="rec_d123e71"><num>(1)</num><p>The fishing quota for Atlantic salmon in Union waters of Subdivisions 22 to 31 (SAL/3BCD-F) was allocated to Poland for the year 2017 by Council Regulation (EU) 2016/1903.<authorialNote placement="bottom" marker="2"><p>Council Regulation (EU) 2016/1903 of 28 October 2016 fixing for 2017 the fishing opportunities for certain fish stocks and groups of fish stocks applicable in the Baltic Sea and amending Regulation (EU) 2016/72 (OJ L 295, 29.10.2016, p. 1).</p></authorialNote></p></recital><recital xml:id="rec_d123e86"><num>(2)</num><p>Following quota exchanges between Poland and Latvia pursuant to Article 16(8) of Regulation (EU) No 1380/2013 of the European Parliament and of the Council<authorialNote placement="bottom" marker="3"><p>Regulation (EU) No 1380/2013 of the European Parliament and of the Council of 11 December 2013 on the Common Fisheries Policy, amending Council Regulations (EC) No 1954/2003 and (EC) No 1224/2009 and repealing Council Regulations (EC) No 2371/2002 and (EC) No 639/2004 and Council Decision 2004/585/EC (OJ L 354, 28.12.2013, p. 22).</p></authorialNote> and the use by Poland of the year-to-year flexibility pursuant to Article 15(9) of that Regulation, the salmon fishing quota for Poland for 2017 was increased from initially 6030 to 13693 pieces of salmon.</p></recital><recital xml:id="rec_d123e108"><num>(3)</num><p>During inspection missions carried out in Poland in accordance with Regulation (EC) No 1224/2009 during 2018 the Commission detected misreported and under-reported catch data revealing that the 2017 Polish quota for Atlantic Salmon in Union waters of Subdivisions 22-31 had been exceeded by 2246 pieces of salmon. The inconsistencies in catch composition reporting and the level of overfishing were corroborated by several audit and verification missions conducted in Poland during 2018 and 2019 in accordance with Regulation (EC) No 1224/2009. These audit reports were duly communicated to and discussed with Poland</p></recital><recital xml:id="rec_d123e117"><num>(4)</num><p>According to the procedure set out in Article 105(4) of Regulation (EC) No 1224/2009 the Commission engaged a consultation with Poland on the quantities overfished and on the deductions to be operated by means of a letter dated 11 October 2019. The Polish authorities confirmed the receipt of this letter on 11 October 2019.</p></recital><recital xml:id="rec_d123e129"><num>(5)</num><p>In a letter dated 31 October 2019, Poland acknowledged that it had exceeded its salmon quota in the year 2017 by 2246 pieces of salmon, and proposed to deduct the amount from its 2019 quota. Following quota exchanges, Poland&apos;s quota for Atlantic salmon in 2019 is sufficient to operate this deduction in addition to the deduction operated on account of overfishing in 2018.<authorialNote placement="bottom" marker="4"><p>Commission Implementing Regulation (EU) 2019/2095 of 29 November 2019 operating deduction from the Atlantic salmon fishing quota available to Poland in 2019 on account of overfishing in 2018 (OJ L 317, 9.12.2019, p. 105).</p></authorialNote></p></recital><recital xml:id="rec_d123e151"><num>(6)</num><p>According to Article 105(2) of Regulation (EC) No 1224/2009 a multiplying factor of 1,00 is to be applied where, as in this case, the extent of overfishing relative to permitted landing was equal to, or less than a 100 tonnes.</p></recital><recital xml:id="rec_d123e157"><num>(7)</num><p>The measures provided for in this Regulation are in accordance with the opinion of the Committee for Fisheries and Aquaculture,</p></recital></recitals><formula name="enactingFormula"><p>HAS ADOPTED THIS REGULATION:</p></formula></preamble><body><article xml:id="art_d123e166"><num>Article 1</num><heading/><paragraph><content><p>The fishing quota for Atlantic salmon (<i>Salmo Salar</i>) in Union waters of Subdivisions 22-31 allocated to Poland for the year 2019 by Council Regulation (EU) 2018/1628<authorialNote placement="bottom" marker="5"><p>Council Regulation (EU) 2018/1628 of 30 October 2018 fixing for 2019 the fishing opportunities for certain fish stocks and groups of fish stocks applicable in the Baltic Sea and amending Regulation (EU) 2018/120 as regards certain fishing opportunities in other waters (OJ L 272, 31.10.2018, p. 1).</p></authorialNote> shall be reduced as shown in the Annex to this Regulation.</p></content></paragraph></article><article xml:id="art_d123e184"><num>Article 2</num><heading/><paragraph><content><p>This Regulation shall enter into force on the seventh day following that of its publication in the <i>Official Journal of the European Union</i>.</p></content></paragraph></article><clause><content><p>This Regulation shall be binding in its entirety and directly applicable in all Member States.</p></content></clause></body><conclusions><p>Done at Brussels, 26 February 2020.</p><block name="signatory"><signature><organization refersTo="">For the Commission</organization><role refersTo="">The President</role><person refersTo="">Ursula VON DER LEYEN</person></signature></block></conclusions></bill></akomaNtoso>