<?xml version="1.0" encoding="UTF-8"?><akomaNtoso xmlns="http://docs.oasis-open.org/legaldocml/ns/akn/3.0" xmlns:fmx="http://formex.publications.europa.eu/schema/formex-05.21-20110601.xd" xmlns:leos="urn:eu:europa:ec:leos" xmlns:xs="http://www.w3.org/2001/XMLSchema"><bill name=""><meta xmlns:fn="http://www.w3.org/2005/xpath-functions"><identification source="~COM"><FRBRWork><FRBRthis value=""/><FRBRuri value=""/><FRBRdate date="2999-01-01" name=""/><FRBRauthor href=""/><FRBRcountry value=""/></FRBRWork><FRBRExpression><FRBRthis value=""/><FRBRuri value=""/><FRBRdate date="2999-01-01" name=""/><FRBRauthor href=""/><FRBRlanguage language="eng"/></FRBRExpression><FRBRManifestation><FRBRthis value=""/><FRBRuri value=""/><FRBRdate date="2999-01-01" name=""/><FRBRauthor href=""/></FRBRManifestation></identification></meta><preface><longTitle><p><docStage/><docType>COMMISSION IMPLEMENTING DECISION (EU) 2020/153</docType>of 3 February 2020<docPurpose>prohibiting Lithuania to repeat granting authorisations under Article 53(1) of Regulation (EC) No 1107/2009 for the plant protection products containing the active substance thiamethoxam for use on spring rape against Phyllotreta spp. and/or Psylliodes spp.</docPurpose></p></longTitle><container name="EEArelevance"><p>(notified under document C(2020) 464)</p></container></preface><preamble><formula name="actingEntity"><p>THE EUROPEAN COMMISSION,</p></formula><citations><citation><p>Having regard to the Treaty on the Functioning of the European Union,</p></citation><citation><p>Having regard to Regulation (EC) No 1107/2009 of the European Parliament and of the Council of 21 October 2009 concerning the placing of plant protection products on the market and repealing Council Directives 79/117/EEC and 91/414/EEC<authorialNote placement="bottom" marker="1"><p>OJ L 309, 24.11.2009, p. 1.</p></authorialNote>, and in particular Article 53(3)(a) thereof,</p></citation></citations><recitals xml:id="recs_d128e83"><intro><p>Whereas:</p></intro><recital xml:id="rec_d128e86"><num>(1)</num><p>Commission Implementing Regulation (EU) No 485/2013<authorialNote placement="bottom" marker="2"><p>Commission Implementing Regulation (EU) No 485/2013 of 24 May 2013 amending Implementing Regulation (EU) No 540/2011, as regards the conditions of approval of the active substances clothianidin, thiametoxam and imidacloprid, and prohibiting the use and sale of seeds treated with plant protection products containing those active substances (OJ L 139, 25.5.2013, p. 12).</p></authorialNote> amended the conditions of approval of the active substances thiamethoxam, clothianidin and imidacloprid, belonging to the class of neonicotinoids. Article 2 of that Regulation prohibited the sale and use of seeds of certain crops treated with plant protection products containing these active substances, with the exception of seeds used in greenhouses. Accordingly, Member States had to amend or withdraw existing authorisations for plant protection products containing those active substances.</p></recital><recital xml:id="rec_d128e102"><num>(2)</num><p>Since 26 February 2016, Lithuania has repeatedly granted emergency authorisations covering the treatment of seeds, sale and sowing of seeds treated with plant protection products containing those active substances, based on the derogation provided for in Article 53(1) of Regulation (EC) No 1107/2009 for emergency situations. These emergency authorisations were duly notified to the Commission and to the other Member States.</p></recital><recital xml:id="rec_d128e111"><num>(3)</num><p>On 3 March 2017, Lithuania notified the Commission two emergency authorisations in force from 1 March 2017 until 28 June 2017 for a plant protection product containing thiamethoxam (CRUISER OSR) for use on spring rape against <i>Phyllotreta</i><i>nemorum</i> and <i>Psylliodes</i><i>chrysocephala</i> and for a plant protection product containing clothianidin (MODESTO) for the use on spring rape against <i>Athalia rosae</i>, <i>Delia radicum</i>, <i>Phyllotreta</i> spp. and <i>Psylliodes</i> spp..</p></recital><recital xml:id="rec_d128e149"><num>(4)</num><p>On 15 September 2017, in accordance with Article 53(2) of Regulation (EC) No 1107/2009, the Commission asked the European Food Safety Authority (&apos;the Authority&apos;) to assess several Member States&apos;, including Lithuania&apos;s, emergency authorisations for plant protection products containing the active substances clothianidin, imidacloprid and thiametoxam for uses no longer approved by Implementing Regulation (EU) No 485/2013, in the light of the conditions for emergency authorisations laid down in Article 53(1) of Regulation (EC) No 1107/2009.</p></recital><recital xml:id="rec_d128e162"><num>(5)</num><p>On 1 March 2018, Lithuania again notified an emergency authorisation for the product CRUISER OSR containing the active substance thiamethoxam for seed treatment and sowing of treated seeds, for use on spring rape against <i>Phyllotreta</i><i>nemorum</i> and <i>Psylliodes</i><i>chrysocephala</i>.</p></recital><recital xml:id="rec_d128e182"><num>(6)</num><p>In respect of the three active substances concerned, Commission Implementing Regulations (EU) 2018/783<authorialNote placement="bottom" marker="3"><p>Commission Implementing Regulation (EU) 2018/783 of 29 May 2018 amending Implementing Regulation (EU) No 540/2011 as regards the conditions of approval of the active substance imidacloprid (OJ L 132, 30.5.2018, p. 31).</p></authorialNote>, (EU) 2018/784<authorialNote placement="bottom" marker="4"><p>Commission Implementing Regulation (EU) 2018/784 of 29 May 2018 amending Implementing Regulation (EU) No 540/2011 as regards the conditions of approval of the active substance clothianidin (OJ L 132, 30.5.2018, p. 35).</p></authorialNote> and (EU) 2018/785<authorialNote placement="bottom" marker="5"><p>Commission Implementing Regulation (EU) 2018/785 of 29 May 2018 amending Implementing Regulation (EU) No 540/2011 as regards the conditions of approval of the active substance thiamethoxam (OJ L 132, 30.5.2018, p. 40).</p></authorialNote> confirmed the restrictions imposed by Implementing Regulation (EU) No 485/2013. They further restricted the use of plant protection products containing the active substances imidacloprid, clothianidin and thiamethoxam allowing only for authorisation of uses as insecticides in permanent greenhouses or for the treatment of seeds intended to be used only in permanent greenhouses. Furthermore, resulting crops must stay within permanent greenhouses during their entire life cycle.</p></recital><recital xml:id="rec_d128e218"><num>(7)</num><p>In the technical report prepared upon Commission&apos;s request referred to in recital 4 and published on 21 June 2018<authorialNote placement="bottom" marker="6"><p>EFSA supporting publication 2018:EN-1421.</p></authorialNote> regarding the four crop/pest combinations, for which the emergency authorisation were given by Lithuania, the Authority concluded that for two crop/pest combinations there was a product containing an alternative active substance authorised with the same mode of action, namely, spring rape/<i>Phyllotreta</i> spp. and spring rape/<i>Psylliodes</i> spp.. Yet, one product did not only cover spring rape/<i>Phyllotreta</i> spp. and spring rape/<i>Psylliodes</i> spp., for which an alternative existed, but was used at the same time to cover other crop/pest combinations, namely spring rape/<i>Athalia rosae</i> and spring rape/<i>Delia radicum</i>, for which no product containing an alternative substance was available.</p></recital><recital xml:id="rec_d128e249"><num>(8)</num><p>Therefore, based on the assessment by the Authority, the Commission considers that the conditions laid down in Article 53(1) of Regulation (EC) No 1107/2009 were not met in Lithuania as regards CRUISER OSR, containing the active substance thiamethoxam for use for the crop/pest combinations spring rape/<i>Phyllotreta</i> spp. and spring rape/<i>Psylliodes</i> spp. as these emergency authorisations contain a crop/pest combination for which another product, containing an alternative active substance with the same mode of action, was authorised. The product covering spring rape/<i>Athalia rosae</i> and spring rape/<i>Delia radicum,</i> for which another product, containing an alternative active substance with the same mode of action, was authorised also covered another pest for the same crop for which no alternative was available, and, consequently the Commission considers the use of this product acceptable on spring rape as usage of multiple plant protection products on the same crop to address different pests should not be encouraged when avoidable.</p></recital><recital xml:id="rec_d128e267"><num>(9)</num><p>Accordingly, by letter of 16 July 2018 the Commission requested Lithuania to confirm that it would not repeat the granting of emergency authorisations for the plant protection product CRUISER OSR containing the active substance thiamethoxam for use on the crop/pest combinations spring rape/<i>Phyllotreta</i> spp. and spring rape/<i>Psylliodes</i> spp. In its reply of 17 September 2018, Lithuania informed that it considered the emergency authorisation justified.</p></recital><recital xml:id="rec_d128e286"><num>(10)</num><p>The Commission considers it necessary to decide that Lithuania may not repeat the granting of emergency authorisations for plant protection products, containing the active substance clothianidin or thiamethoxam, for use on the crop/pest combinations spring rape/<i>Phyllotreta</i> spp. and spring rape/<i>Psylliodes</i> spp..</p></recital><recital xml:id="rec_d128e298"><num>(11)</num><p>The Standing Committee on Plants, Animals, Food and Feed has not delivered an opinion within the time limit laid down by its Chairman. An implementing act was deemed to be necessary and the chair submitted the draft implementing act to the appeal committee for further deliberation. The appeal committee did not deliver an opinion,</p></recital></recitals><formula name="enactingFormula"><p>HAS ADOPTED THIS DECISION:</p></formula></preamble><body><article xml:id="art_d128e307"><num>Article 1</num><heading/><paragraph><content><p>Lithuania may not repeat the granting of authorisation under Article 53(1) of Regulation (EC) No 1107/2009 for plant protection products containing the active substance thiamethoxam for use on spring rape against the pests <i>Phyllotreta</i> spp. or <i>Psylliodes</i> spp..</p></content></paragraph></article><article xml:id="art_d128e319"><num>Article 2</num><heading/><paragraph><content><p>This decision is addressed to the Republic of Lithuania.</p></content></paragraph></article></body><conclusions><p>Done at Brussels, 3 February 2020.</p><block name="signatory"><signature><organization refersTo="">For the Commission</organization><role refersTo="">Stella KYRIAKIDES</role><person refersTo="">Member of the Commission</person></signature></block></conclusions></bill></akomaNtoso>