<?xml version="1.0" encoding="UTF-8"?><akomaNtoso xmlns="http://docs.oasis-open.org/legaldocml/ns/akn/3.0" xmlns:fmx="http://formex.publications.europa.eu/schema/formex-05.21-20110601.xd" xmlns:leos="urn:eu:europa:ec:leos" xmlns:xs="http://www.w3.org/2001/XMLSchema"><bill name=""><meta xmlns:fn="http://www.w3.org/2005/xpath-functions"><identification source="~COM"><FRBRWork><FRBRthis value=""/><FRBRuri value=""/><FRBRdate date="2999-01-01" name=""/><FRBRauthor href=""/><FRBRcountry value=""/></FRBRWork><FRBRExpression><FRBRthis value=""/><FRBRuri value=""/><FRBRdate date="2999-01-01" name=""/><FRBRauthor href=""/><FRBRlanguage language="eng"/></FRBRExpression><FRBRManifestation><FRBRthis value=""/><FRBRuri value=""/><FRBRdate date="2999-01-01" name=""/><FRBRauthor href=""/></FRBRManifestation></identification></meta><preface><longTitle><p><docStage/><docType>COUNCIL DECISION (CFSP) 2020/408</docType>of 17 March 2020<docPurpose>amending Decision 2013/798/CFSP concerning restrictive measures against the Central African Republic</docPurpose></p></longTitle></preface><preamble><formula name="actingEntity"><p>THE COUNCIL OF THE EUROPEAN UNION,</p></formula><citations><citation><p>Having regard to the Treaty on European Union, and in particular Article 29 thereof,</p></citation><citation><p>Having regard to the proposal from the High Representative of the Union for Foreign Affairs and Security Policy,</p></citation></citations><recitals xml:id="recs_d159e59"><intro><p>Whereas:</p></intro><recital xml:id="rec_d159e62"><num>(1)</num><p>On 23 December 2013, the Council adopted Decision 2013/798/CFSP<authorialNote placement="bottom" marker="1"><p>Council Decision 2013/798/CFSP of 23 December 2013 concerning restrictive measures against the Central African Republic (OJ L 352, 24.12.2013, p. 51).</p></authorialNote> concerning restrictive measures against the Central African Republic.</p></recital><recital xml:id="rec_d159e81"><num>(2)</num><p>On 31 January 2020, the United Nations Security Council adopted Resolution 2507 (2020), which extends the exemptions to the arms embargo.</p></recital><recital xml:id="rec_d159e90"><num>(3)</num><p>Decision 2013/798/CFSP should therefore be amended accordingly,</p></recital></recitals><formula name="enactingFormula"><p>HAS ADOPTED THIS DECISION:</p></formula></preamble><body><article xml:id="art_d159e99" leos:compliant="false"><num>Article 1</num><heading/><paragraph><content><p>Point (g) of Article 2(1) of Decision 2013/798/CFSP is replaced by the following:</p></content></paragraph><paragraph><content><p><mod><quotedStructure startQuote="" endQuote=""><list><point><num>&apos;(g)</num><content><p>the sale, supply, transfer or export of weapons with a calibre of 14,5 mm or less and ammunition and components specially designed for such weapons, and of unarmed ground military vehicles and ground military vehicles mounted with weapons with a calibre of 14,5 mm or less, to the CAR security forces, including state civilian law enforcement institutions, where such weapons, ammunition, components and vehicles are intended solely for support of, or use in, the CAR process of SSR, as notified in advance to the Committee;&apos;.</p></content></point></list></quotedStructure></mod></p></content></paragraph></article><article xml:id="art_d159e116"><num>Article 2</num><heading/><paragraph><content><p>This Decision shall enter into force on the day following that of its publication in the <i>Official Journal of the European Union</i>.</p></content></paragraph></article></body><conclusions><p>Done at Brussels, 17 March 2020.</p><block name="signatory"><signature><organization refersTo="">For the Council</organization><role refersTo="">The President</role><person refersTo="">A. METELKO-ZGOMBIĆ</person></signature></block></conclusions></bill></akomaNtoso>