<?xml version="1.0" encoding="UTF-8"?><akomaNtoso xmlns="http://docs.oasis-open.org/legaldocml/ns/akn/3.0" xmlns:fmx="http://formex.publications.europa.eu/schema/formex-05.21-20110601.xd" xmlns:leos="urn:eu:europa:ec:leos" xmlns:xs="http://www.w3.org/2001/XMLSchema"><bill name=""><meta xmlns:fn="http://www.w3.org/2005/xpath-functions"><identification source="~COM"><FRBRWork><FRBRthis value=""/><FRBRuri value=""/><FRBRdate date="2999-01-01" name=""/><FRBRauthor href=""/><FRBRcountry value=""/></FRBRWork><FRBRExpression><FRBRthis value=""/><FRBRuri value=""/><FRBRdate date="2999-01-01" name=""/><FRBRauthor href=""/><FRBRlanguage language="eng"/></FRBRExpression><FRBRManifestation><FRBRthis value=""/><FRBRuri value=""/><FRBRdate date="2999-01-01" name=""/><FRBRauthor href=""/></FRBRManifestation></identification></meta><preface><longTitle><p><docStage/><docType>COMMISSION IMPLEMENTING REGULATION (EU) 2020/383</docType>of 6 March 2020<docPurpose>fixing the import duties applicable to certain husked rice from 9 March 2020</docPurpose></p></longTitle></preface><preamble><formula name="actingEntity"><p>THE EUROPEAN COMMISSION,</p></formula><citations><citation><p>Having regard to the Treaty on the Functioning of the European Union,</p></citation><citation><p>Having regard to Regulation (EU) No 1308/2013 of the European Parliament and of the Council of 17 December 2013 establishing a common organisation of the markets in agricultural products and repealing Council Regulations (EEC) No 922/72, (EEC) No 234/79, (EC) No 1037/2001 and (EC) No 1234/2007<authorialNote placement="bottom" marker="1"><p>OJ L 347, 20.12.2013, p. 671.</p></authorialNote>, and in particular point (a) of the first paragraph of Article 183 thereof,</p></citation></citations><recitals xml:id="recs_d249e70"><intro><p>Whereas:</p></intro><recital xml:id="rec_d249e73"><num>(1)</num><p>The Agreement in the form of an Exchange of Letters between the European Community and the United States of America relating to the method of calculation of applied duties for husked rice, approved by Council Decision 2005/476/EC<authorialNote placement="bottom" marker="2"><p>Council Decision 2005/476/EC of 21 June 2005 on the conclusion of an Agreement in the form of an Exchange of Letters between the European Community and the United States of America relating to the method of calculation of applied duties for husked rice and amending Decisions 2004/617/EC, 2004/618/EC and 2004/619/EC (OJ L 170, 1.7.2005, p. 67).</p></authorialNote>, establishes a method for calculating duties applied to imports of husked rice.</p></recital><recital xml:id="rec_d249e89"><num>(2)</num><p>On the basis of the information provided by the competent authorities, the Commission notes that import licences for husked rice falling within CN code 100620, other than import licences for basmati rice, were issued in respect of 235233 tonnes for the period from 1 September 2019 to 29 February 2020. The import duty for husked rice falling within CN code 100620 other than basmati rice, fixed by Commission Implementing Regulation (EU) 2019/371<authorialNote placement="bottom" marker="3"><p>Commission Implementing Regulation (EU) 2019/371 of 7 March 2019 fixing the import duties applicable to certain types of husked rice from 8 March 2019 (OJ L 68, 8.3.2019, p. 3).</p></authorialNote>, should therefore be adjusted.</p></recital><recital xml:id="rec_d249e124"><num>(3)</num><p>Implementing Regulation (EU) 2019/371 should thus be repealed.</p></recital><recital xml:id="rec_d249e130"><num>(4)</num><p>The applicable duty must be fixed within 10 days of the end of the period referred to above. This Regulation should therefore enter into force immediately,</p></recital></recitals><formula name="enactingFormula"><p>HAS ADOPTED THIS REGULATION:</p></formula></preamble><body><article xml:id="art_d249e139"><num>Article 1</num><heading/><paragraph><content><p>The import duty for husked rice falling within CN code 100620 other than basmati rice shall be EUR 42,50 per tonne.</p></content></paragraph></article><article xml:id="art_d249e147"><num>Article 2</num><heading/><paragraph><content><p>Implementing Regulation (EU) 2019/371 is repealed.</p></content></paragraph></article><article xml:id="art_d249e153"><num>Article 3</num><heading/><paragraph><content><p>This Regulation shall enter into force on the day of its publication in the <i>Official Journal of the European Union</i>.</p></content></paragraph></article><clause><content><p>This Regulation shall be binding in its entirety and directly applicable in all Member States.</p></content></clause></body><conclusions><p>Done at Brussels, 6 March 2020.</p><block name="signatory"><signature><organization refersTo="">For the Commission,</organization><role refersTo="">On behalf of the President,</role><person refersTo="">María Ángeles BENÍTEZ SALAS</person><!-- <leos:unknown><P xmlns="" xmlns:xsi="http://www.w3.org/2001/XMLSchema-instance"><HT TYPE="ITALIC">Acting Director-General</HT></P></leo:unknown> --><!-- <leos:unknown><P xmlns="" xmlns:xsi="http://www.w3.org/2001/XMLSchema-instance"><HT TYPE="ITALIC">Directorate-General for Agriculture and Rural Development</HT></P></leo:unknown> --></signature></block></conclusions></bill></akomaNtoso>