<?xml version="1.0" encoding="UTF-8"?><akomaNtoso xmlns="http://docs.oasis-open.org/legaldocml/ns/akn/3.0" xmlns:fmx="http://formex.publications.europa.eu/schema/formex-05.21-20110601.xd" xmlns:leos="urn:eu:europa:ec:leos" xmlns:xs="http://www.w3.org/2001/XMLSchema"><bill name=""><meta xmlns:fn="http://www.w3.org/2005/xpath-functions"><identification source="~COM"><FRBRWork><FRBRthis value=""/><FRBRuri value=""/><FRBRdate date="2999-01-01" name=""/><FRBRauthor href=""/><FRBRcountry value=""/></FRBRWork><FRBRExpression><FRBRthis value=""/><FRBRuri value=""/><FRBRdate date="2999-01-01" name=""/><FRBRauthor href=""/><FRBRlanguage language="eng"/></FRBRExpression><FRBRManifestation><FRBRthis value=""/><FRBRuri value=""/><FRBRdate date="2999-01-01" name=""/><FRBRauthor href=""/></FRBRManifestation></identification></meta><preface><longTitle><p><docStage/><docType>DECISION (EU) 2020/141 OF THE EUROPEAN CENTRAL BANK</docType>of 22 January 2020<docPurpose>amending Decision ECB/2010/29 on the issue of euro banknotes (ECB/2020/7)</docPurpose></p></longTitle></preface><preamble><formula name="actingEntity"><p>THE GOVERNING COUNCIL OF THE EUROPEAN CENTRAL BANK,</p></formula><citations><citation><p>Having regard to the Treaty on the Functioning of the European Union, and in particular Article 128(1) thereof,</p></citation><citation><p>Having regard to the Statute of the European System of Central Banks and of the European Central Bank, and in particular Article 16 thereof,</p></citation></citations><recitals xml:id="recs_d92e61"><intro><p>Whereas:</p></intro><recital xml:id="rec_d92e64"><num>(1)</num><p>On 29 March 2017, the United Kingdom of Great Britain and Northern Ireland (the &apos;United Kingdom&apos;) submitted the notification of its intention to withdraw from the European Union pursuant to Article 50 of the Treaty on European Union. The Treaty on European Union and the Treaty on the Functioning of the European Union will cease to apply to the United Kingdom from the date following the date referred to in Article 1(1) of Decision (EU) 2019/1810 of the European Council<authorialNote placement="bottom" marker="1"><p>European Council Decision (EU) 2019/1810 taken in agreement with the United Kingdom of 29 October 2019 extending the period under Article 50(3)TEU (OJ L 278 I, 30.10.2019, p. 1).</p></authorialNote>. Upon the withdrawal of the United Kingdom from the European Union, the Bank of England (BoE) ceases to be a national central bank of a Member State and therefore of the European System of Central Banks. Decision (EU) 2020/137 of the European Central Bank (ECB/2020/3)<authorialNote placement="bottom" marker="2"><p>Decision (EU) 2020/137 of the European Central Bank of 22 January 2020 on the national central banks&apos; percentage shares in the key for subscription to the European Central Bank&apos;s capital and repealing Decision (EU) 2019/43 (ECB/2020/3) (see page 4 of this Official Journal).</p></authorialNote> provides for the adjustment of the key for subscription to the capital of the European Central Bank (ECB) (hereinafter the &apos;capital key&apos;) in accordance with Article 29.3 and Article 29.4 of the Statute of the European System of Central Banks and of the European Central Bank and establishes, with effect from 1 February 2020, new weightings assigned to the national central banks in the adjusted capital key (hereinafter the &apos;capital key weightings&apos;).</p></recital><recital xml:id="rec_d92e106"><num>(2)</num><p>Article 1(d) of Decision ECB/2010/29<authorialNote placement="bottom" marker="3"><p>Decision ECB/2010/29 of 13 December 2010 on the issue of euro banknotes (OJ L 35, 9.2.2011, p. 26).</p></authorialNote> defines the &apos;banknote allocation key&apos; and refers to Annex I to that Decision, which specifies the banknote allocation key applying since 1 January 2019. Given that new capital key weightings will apply from 1 February 2020, Decision ECB/2010/29 needs to be amended in order to determine the banknote allocation key applying from that date,</p></recital></recitals><formula name="enactingFormula"><p>HAS ADOPTED THIS DECISION:</p></formula></preamble><body><article xml:id="art_d92e135" leos:compliant="false"><num>Article 1</num><heading>Amendments</heading><paragraph><num>1.</num><subparagraph><content><p>The final sentence of Article 1(d) of Decision ECB/2010/29 is replaced by the following:</p></content></subparagraph><mod><quotedStructure startQuote="" endQuote=""><alinea><content><p>&apos;Annex I to this Decision specifies the banknote allocation key that shall apply from 1 February 2020.&apos;</p></content></alinea></quotedStructure></mod></paragraph><paragraph><num>2.</num><content><p>Annex I to Decision ECB/2010/29 is replaced by the text set out in the Annex to this Decision.</p></content></paragraph></article><article xml:id="art_d92e159"><num>Article 2</num><heading>Entry into force</heading><paragraph><content><p>This Decision shall enter into force on 1 February 2020.</p></content></paragraph></article></body><conclusions><p>Done at Frankfurt am Main, 22 January 2020.</p><block name="signatory"><signature><organization refersTo="">The President of the ECB</organization><role refersTo="">Christine LAGARDE</role></signature></block></conclusions></bill></akomaNtoso>