<?xml version="1.0" encoding="UTF-8"?><akomaNtoso xmlns="http://docs.oasis-open.org/legaldocml/ns/akn/3.0" xmlns:fmx="http://formex.publications.europa.eu/schema/formex-05.21-20110601.xd" xmlns:leos="urn:eu:europa:ec:leos" xmlns:xs="http://www.w3.org/2001/XMLSchema"><bill name=""><meta xmlns:fn="http://www.w3.org/2005/xpath-functions"><identification source="~COM"><FRBRWork><FRBRthis value=""/><FRBRuri value=""/><FRBRdate date="2999-01-01" name=""/><FRBRauthor href=""/><FRBRcountry value=""/></FRBRWork><FRBRExpression><FRBRthis value=""/><FRBRuri value=""/><FRBRdate date="2999-01-01" name=""/><FRBRauthor href=""/><FRBRlanguage language="eng"/></FRBRExpression><FRBRManifestation><FRBRthis value=""/><FRBRuri value=""/><FRBRdate date="2999-01-01" name=""/><FRBRauthor href=""/></FRBRManifestation></identification></meta><preface><longTitle><p><docStage/><docType>COMMISSION IMPLEMENTING REGULATION (EU) 2020/352</docType>of 3 March 2020<docPurpose>amending Annex I to Regulation (EC) No 798/2008 as regards the entry for Ukraine in the list of third countries, territories, zones or compartments from which certain poultry commodities may be imported into and transit through the Union in relation to highly pathogenic avian influenza</docPurpose></p></longTitle><container name="EEArelevance"><p>(Text with EEA relevance)</p></container></preface><preamble><formula name="actingEntity"><p>THE EUROPEAN COMMISSION,</p></formula><citations><citation><p>Having regard to the Treaty on the Functioning of the European Union,</p></citation><citation><p>Having regard to Council Directive 2002/99/EC of 16 December 2002 laying down the animal health rules governing the production, processing, distribution and introduction of products of animal origin for human consumption<authorialNote placement="bottom" marker="1"><p>OJ L 18, 23.1.2003, p. 11.</p></authorialNote>, and in particular the introductory phrase of Article 8, the first subparagraph of point 1 of Article 8, point 4 of Article 8 and Article 9(4) thereof,</p></citation><citation><p>Having regard to Council Directive 2009/158/EC of 30 November 2009 on animal health conditions governing intra-Community trade in, and imports from third countries of, poultry and hatching eggs<authorialNote placement="bottom" marker="2"><p>OJ L 343, 22.12.2009, p. 74.</p></authorialNote>, and in particular Articles 23(1), 24(2) and 25(2) thereof,</p></citation></citations><recitals xml:id="recs_d257e82"><intro><p>Whereas:</p></intro><recital xml:id="rec_d257e85"><num>(1)</num><p>Commission Regulation (EC) No 798/2008<authorialNote placement="bottom" marker="3"><p>Commission Regulation (EC) No 798/2008 of 8 August 2008 laying down a list of third countries, territories, zones or compartments from which poultry and poultry products may be imported into and transit through the Community and the veterinary certification requirements (OJ L 226, 23.8.2008, p. 1).</p></authorialNote> lays down veterinary certification requirements for imports into and transit, including storage during transit, through the Union of poultry and poultry products (‛the commodities&apos;). It provides that the commodities are only to be imported into and transit through the Union from the third countries, territories, zones or compartments listed in columns 1 and 3 of the table in Part 1 of Annex I thereto.</p></recital><recital xml:id="rec_d257e101"><num>(2)</num><p>Regulation (EC) No 798/2008 also lays down the conditions for a third country, territory, zone or compartment to be considered as free from highly pathogenic avian influenza (HPAI).</p></recital><recital xml:id="rec_d257e107"><num>(3)</num><p>Ukraine is listed in Part 1 of Annex I to Regulation (EC) No 798/2008 as a third country from which imports into and transit through the Union of certain poultry commodities are authorised from certain parts of its territory depending on the presence of HPAI. That regionalisation was set out in Part 1 of Annex I to Regulation (EC) No 798/2008, as amended by Implementing Regulation (EU) 2017/193<authorialNote placement="bottom" marker="4"><p>Commission Implementing Regulation (EU) 2017/193 of 3 February 2017 amending Annex II to Decision 2007/777/EC and Annex I to Regulation (EC) No 798/2008 as regards the entries for Ukraine in the lists of third countries from which the introduction of certain commodities into the Union is authorised in relation to highly pathogenic avian influenza (OJ L 31, 4.2.2017, p. 13).</p></authorialNote>, following the confirmation of outbreaks of HPAI of subtype H5N8 on 30 November 2016 and 4 January 2017.</p></recital><recital xml:id="rec_d257e129"><num>(4)</num><p>Ukraine has reported on the completion of cleaning and disinfection following the stamping out policy on the areas where those outbreaks of HPAI were detected in 2016 and 2017 and submitted information on the measures it has taken to prevent the further spread of the disease, which were evaluated by the Commission. On the basis of that evaluation, it was concluded that those outbreaks have been cleared and that there is no risk associated with the introduction into the Union of poultry commodities from the areas of Ukraine listed in Part 1 of Annex I to Regulation (EC) No 798/2008 from where imports have been suspended by that Regulation, as amended by Implementing Regulation (EU) 2017/193.</p></recital><recital xml:id="rec_d257e136"><num>(5)</num><p>On 19 January 2020, however, Ukraine confirmed the presence of HPAI of subtype H5 in a poultry holding on its territory. Due to that confirmed outbreak of HPAI, the whole territory of Ukraine can no longer be considered as free from that disease and the veterinary authorities of Ukraine can, therefore, no longer certify consignments of poultry commodities for import into, or transit through, the Union from the areas concerned by that outbreak.</p></recital><recital xml:id="rec_d257e145"><num>(6)</num><p>The veterinary authorities of Ukraine have confirmed that following the outbreak in January 2020, they immediately suspended issuing certificates for consignments of commodities intended for import into, or transit through, the Union and implemented a stamping-out policy in order to control HPAI and limit the spread of that disease.</p></recital><recital xml:id="rec_d257e151"><num>(7)</num><p>Furthermore, Ukraine has submitted information to the Commission on the epidemiological situation on its territory and indicated the areas placed under restrictions as well as the measures it has taken to prevent the further spread of HPAI outside those restricted areas. That information has now been evaluated by the Commission and on the basis of that evaluation, as well as the guarantees provided by Ukraine, it should be concluded that limiting the restrictions on the introduction into the Union of consignments of poultry commodities to the areas affected by HPAI, which the veterinary authorities of Ukraine have placed under restrictions due to the current outbreak, should be sufficient to cover the risks associated with the introduction into the Union of such commodities.</p></recital><recital xml:id="rec_d257e157"><num>(8)</num><p>The entry for Ukraine in the list in Part 1 of Annex I to Regulation (EC) No 798/2008 should threfore be amended to take account of the current epidemiological situation in that country. Annex I to Regulation (EC) No 798/2008 should therefore be amended accordingly.</p></recital><recital xml:id="rec_d257e163"><num>(9)</num><p>The measures provided for in this Regulation are in accordance with the opinion of the Standing Committee on Plants, Animals, Food and Feed,</p></recital></recitals><formula name="enactingFormula"><p>HAS ADOPTED THIS REGULATION:</p></formula></preamble><body><article xml:id="art_d257e172"><num>Article 1</num><heading/><paragraph><content><p>Part 1 of Annex I to Regulation (EC) No 798/2008 is amended in accordance with the Annex to this Regulation.</p></content></paragraph></article><article xml:id="art_d257e177"><num>Article 2</num><heading/><paragraph><content><p>This Regulation shall enter into force on the third day following that of its publication in the <i>Official Journal of the European Union</i>.</p></content></paragraph></article><clause><content><p>This Regulation shall be binding in its entirety and directly applicable in all Member States.</p></content></clause></body><conclusions><p>Done at Brussels, 3 March 2020.</p><block name="signatory"><signature><organization refersTo="">For the Commission</organization><role refersTo="">The President</role><person refersTo="">Ursula VON DER LEYEN</person></signature></block></conclusions></bill></akomaNtoso>