<?xml version="1.0" encoding="UTF-8"?><akomaNtoso xmlns="http://docs.oasis-open.org/legaldocml/ns/akn/3.0" xmlns:fmx="http://formex.publications.europa.eu/schema/formex-05.21-20110601.xd" xmlns:leos="urn:eu:europa:ec:leos" xmlns:xs="http://www.w3.org/2001/XMLSchema"><bill name=""><meta xmlns:fn="http://www.w3.org/2005/xpath-functions"><identification source="~COM"><FRBRWork><FRBRthis value=""/><FRBRuri value=""/><FRBRdate date="2999-01-01" name=""/><FRBRauthor href=""/><FRBRcountry value=""/></FRBRWork><FRBRExpression><FRBRthis value=""/><FRBRuri value=""/><FRBRdate date="2999-01-01" name=""/><FRBRauthor href=""/><FRBRlanguage language="eng"/></FRBRExpression><FRBRManifestation><FRBRthis value=""/><FRBRuri value=""/><FRBRdate date="2999-01-01" name=""/><FRBRauthor href=""/></FRBRManifestation></identification></meta><preface><longTitle><p><docStage/><docType>COMMISSION IMPLEMENTING REGULATION (EU) 2020/29</docType>of 14 January 2020<docPurpose>concerning the non-approval of Vitis vinifera cane tannins as a basic substance in accordance with Regulation (EC) No 1107/2009 of the European Parliament and of the Council concerning the placing of plant protection products on the market</docPurpose></p></longTitle><container name="EEArelevance"><p>(Text with EEA relevance)</p></container></preface><preamble><formula name="actingEntity"><p>THE EUROPEAN COMMISSION,</p></formula><citations><citation><p>Having regard to the Treaty on the Functioning of the European Union,</p></citation><citation><p>Having regard to Regulation (EC) No 1107/2009 of the European Parliament and of the Council of 21 October 2009 concerning the placing of plant protection products on the market and repealing Council Directives 79/117/EEC and 91/414/EEC<authorialNote placement="bottom" marker="1"><p>OJ L 309, 24.11.2009, p. 1.</p></authorialNote>, and in particular Article 23(5) in conjunction with Article 13(2) thereof,</p></citation></citations><recitals xml:id="recs_d27e74"><intro><p>Whereas:</p></intro><recital xml:id="rec_d27e77"><num>(1)</num><p>On 30 June 2017, the Commission received an application from Biomolécules et Biotechnologies Végétales (BBV) EA2106 and Institut Technique de l&apos;Agriculture Biologique (ITAB) for the approval of <i>Vitis vinifera</i> cane tannins as a basic substance. That application was accompanied by the information required under the second subparagraph of Article 23(3) of Regulation (EC) No 1107/2009.</p></recital><recital xml:id="rec_d27e89"><num>(2)</num><p>The Commission asked the European Food Safety Authority (&apos;the Authority&apos;) for scientific assistance. The Authority provided the Commission with a technical report on <i>Vitis vinifera</i> cane tannins on 2 May 2018<authorialNote placement="bottom" marker="2"><p>EFSA (European Food Safety Authority), 2017. Technical report on the outcome of the consultation with Member States and EFSA on the basic substance application for <i>Vitis vinifera</i> cane tannins for use in plant protection as protectant and repellent. EFSA supporting publication 2018:EN-1414. 46 pp. doi: 10.2903/sp.efsa.2018.EN-1414.</p></authorialNote>. The Commission presented the review report<authorialNote placement="bottom" marker="3"><p>http://ec.europa.eu/food/plant/pesticides/eu-pesticides-database/public/?event=activesubstance.selection&amp;language=EN</p></authorialNote> and the draft of this Regulation on the non-approval of <i>Vitis vinifera</i> cane tannins to the Standing Committee on Plants, Animals, Food and Feed on 24 June 2019 and finalised them for the meeting of that Committee on 22 October 2019.</p></recital><recital xml:id="rec_d27e125"><num>(3)</num><p>The documentation provided by the applicants do not show that <i>Vitis vinifera</i> cane tannins fulfils the criteria of a foodstuff as defined in Article 2 of Regulation (EC) No 178/2002 of the European Parliament and of the Council<authorialNote placement="bottom" marker="4"><p>Regulation (EC) No 178/2002 of the European Parliament and of the Council of 28 January 2002 laying down the general principles and requirements of food law, establishing the European Food Safety Authority and laying down procedures in matters of food safety (OJ L 31, 1.2.2002, p. 1).</p></authorialNote>.</p></recital><recital xml:id="rec_d27e144"><num>(4)</num><p>Specific concerns were identified, in the technical report of the Authority, regarding <i>Vitis vinifera</i> cane tannins. No toxicological assessment was available for <i>Vitis vinifera</i> cane tannins used as a plant protection product, especially as regards the protection of children. This applies to the estimation of the non-dietary exposure risk assessment, in particular bystanders and residents. Furthermore, there was insufficient information for performing an environmental risk assessment for the substance.</p></recital><recital xml:id="rec_d27e156"><num>(5)</num><p>No relevant evaluation, carried out in accordance with other Union legislation as referred to in Article 23(2) of Regulation (EC) No 1107/2009, was available.</p></recital><recital xml:id="rec_d27e163"><num>(6)</num><p>The Commission invited the applicants to submit their comments on the technical report of the Authority and on the Commission&apos;s draft review report. The applicants did not submit comments.</p></recital><recital xml:id="rec_d27e169"><num>(7)</num><p>Consequently, as laid down in the Commission&apos;s review report, it has not been established that the requirements laid down in Article 23 of Regulation (EC) No 1107/2009 are satisfied. It is therefore appropriate not to approve <i>Vitis vinifera</i> cane tannins as a basic substance.</p></recital><recital xml:id="rec_d27e178"><num>(8)</num><p>This Regulation does not prejudice the submission of a further application for the approval of <i>Vitis vinifera</i> cane tannins as a basic substance in accordance with Article 23(3) of Regulation (EC) No 1107/2009.</p></recital><recital xml:id="rec_d27e187"><num>(9)</num><p>The measures provided for in this Regulation are in accordance with the opinion of the Standing Committee on Plants, Animals, Food and Feed,</p></recital></recitals><formula name="enactingFormula"><p>HAS ADOPTED THIS REGULATION:</p></formula></preamble><body><article xml:id="art_d27e196"><num>Article 1</num><heading/><paragraph><content><p><i>Vitis vinifera</i> cane tannins is not approved as a basic substance.</p></content></paragraph></article><article xml:id="art_d27e203"><num>Article 2</num><heading/><paragraph><content><p>This Regulation shall enter into force on the twentieth day following that of its publication in the <i>Official Journal of the European Union</i>.</p></content></paragraph></article><clause><content><p>This Regulation shall be binding in its entirety and directly applicable in all Member States.</p></content></clause></body><conclusions><p>Done at Brussels, 14 January 2020.</p><block name="signatory"><signature><organization refersTo="">For the Commission</organization><role refersTo="">The President</role><person refersTo="">Ursula VON DER LEYEN</person></signature></block></conclusions></bill></akomaNtoso>