<?xml version="1.0" encoding="UTF-8"?><akomaNtoso xmlns="http://docs.oasis-open.org/legaldocml/ns/akn/3.0" xmlns:fmx="http://formex.publications.europa.eu/schema/formex-05.21-20110601.xd" xmlns:leos="urn:eu:europa:ec:leos" xmlns:xs="http://www.w3.org/2001/XMLSchema"><bill name=""><meta xmlns:fn="http://www.w3.org/2005/xpath-functions"><identification source="~COM"><FRBRWork><FRBRthis value=""/><FRBRuri value=""/><FRBRdate date="2999-01-01" name=""/><FRBRauthor href=""/><FRBRcountry value=""/></FRBRWork><FRBRExpression><FRBRthis value=""/><FRBRuri value=""/><FRBRdate date="2999-01-01" name=""/><FRBRauthor href=""/><FRBRlanguage language="eng"/></FRBRExpression><FRBRManifestation><FRBRthis value=""/><FRBRuri value=""/><FRBRdate date="2999-01-01" name=""/><FRBRauthor href=""/></FRBRManifestation></identification></meta><preface><longTitle><p><docStage/><docType>COUNCIL DECISION (EU) 2020/142</docType>of 21 January 2020<docPurpose>on the conclusion of the Protocol between the European Union, the Swiss Confederation and the Principality of Liechtenstein to the Agreement between the European Community and the Swiss Confederation concerning the criteria and mechanisms for establishing the State responsible for examining a request for asylum lodged in a Member State or in Switzerland regarding access to Eurodac for law enforcement purposes</docPurpose></p></longTitle></preface><preamble><formula name="actingEntity"><p>THE COUNCIL OF THE EUROPEAN UNION,</p></formula><citations><citation><p>Having regard to the Treaty on the Functioning of the European Union, and in particular point (a) of Article 87(2) and point (a) of the first subparagraph of Article 88(2), in conjunction with point (a) of the second subparagraph of Article 218(6) thereof,</p></citation><citation><p>Having regard to the proposal from the European Commission,</p></citation><citation><p>Having regard to the consent of the European Parliament<authorialNote placement="bottom" marker="1"><p>Consent of 17 December 2019 (not yet published in the Official Journal).</p></authorialNote>,</p></citation></citations><recitals xml:id="recs_d107e68"><intro><p>Whereas:</p></intro><recital xml:id="rec_d107e71"><num>(1)</num><p>In accordance with Council Decision (EU) 2019/393<authorialNote placement="bottom" marker="2"><p>Council Decision (EU) 2019/393 of 7 March 2019 on the signing, on behalf of the European Union, of the Protocol between the European Union, the Swiss Confederation and the Principality of Liechtenstein to the Agreement between the European Community and the Swiss Confederation concerning the criteria and mechanisms for establishing the State responsible for examining a request for asylum lodged in a Member State or in Switzerland regarding access to Eurodac for law enforcement purposes (OJ L 71, 13.3.2019, p. 5).</p></authorialNote>, the Protocol between the European Union, the Swiss Confederation and the Principality of Liechtenstein to the Agreement between the European Community and the Swiss Confederation concerning the criteria and mechanisms for establishing the State responsible for examining a request for asylum lodged in a Member State or in Switzerland regarding access to Eurodac for law enforcement purposes (the &apos;Protocol&apos;) was signed on 27 June 2019, subject to its conclusion at a later date.</p></recital><recital xml:id="rec_d107e94"><num>(2)</num><p>In order to support and strengthen police cooperation between the competent authorities of the Member States and those of Switzerland and Liechtenstein for the purpose of prevention, detection and investigation of terrorist offences and other serious criminal offences, the involvement of the Union is required to enable Switzerland and Liechtenstein to participate in the law-enforcement-related aspects of Eurodac.</p></recital><recital xml:id="rec_d107e100"><num>(3)</num><p>The Protocol should be approved.</p></recital><recital xml:id="rec_d107e106"><num>(4)</num><p>The United Kingdom and Ireland are bound by Regulation (EU) No 603/2013 of the European Parliament and of the Council<authorialNote placement="bottom" marker="3"><p>Regulation (EU) No 603/2013 of the European Parliament and of the Council of 26 June 2013 on the establishment of &apos;Eurodac&apos; for the comparison of fingerprints for the effective application of Regulation (EU) No 604/2013 establishing the criteria and mechanisms for determining the Member State responsible for examining an application for international protection lodged in one of the Member States by a third-country national or a stateless person and on requests for the comparison with Eurodac data by Member States&apos; law enforcement authorities and Europol for law enforcement purposes, and amending Regulation (EU) No 1077/2011 establishing a European Agency for the operational management of large-scale IT systems in the area of freedom, security and justice (OJ L 180, 29.6.2013, p. 1).</p></authorialNote> and are therefore taking part in the adoption of this Decision.</p></recital><recital xml:id="rec_d107e127"><num>(5)</num><p>In accordance with Articles 1 and 2 of Protocol No 22 on the position of Denmark, annexed to the Treaty on European Union and to the Treaty on the Functioning of the European Union, Denmark is not taking part in the adoption of this Decision and is not bound by it or subject to its application,</p></recital></recitals><formula name="enactingFormula"><p>HAS ADOPTED THIS DECISION:</p></formula></preamble><body><article xml:id="art_d107e136"><num>Article 1</num><heading/><paragraph><content><p>The Protocol between the European Union, the Swiss Confederation and the Principality of Liechtenstein to the Agreement between the European Community and the Swiss Confederation concerning the criteria and mechanisms for establishing the State responsible for examining a request for asylum lodged in a Member State or in Switzerland regarding access to Eurodac for law enforcement purposes is hereby approved on behalf of the Union<authorialNote placement="bottom" marker="4"><p>See page 3 of this Official Journal.</p></authorialNote>.</p></content></paragraph></article><article xml:id="art_d107e145"><num>Article 2</num><heading/><paragraph><content><p>The President of the Council shall, on behalf of the Union, give the notification provided for in Article 4(1) of the Protocol.</p></content></paragraph></article><article xml:id="art_d107e150"><num>Article 3</num><heading/><paragraph><content><p>This Decision shall enter into force on the day following that of its publication in the <i>Official Journal of the European Union</i>.</p></content></paragraph></article></body><conclusions><p>Done at Brussels, 21 January 2020.</p><block name="signatory"><signature><organization refersTo="">For the Council</organization><role refersTo="">The President</role><person refersTo="">Z. MARIĆ</person></signature></block></conclusions></bill></akomaNtoso>