<?xml version="1.0" encoding="UTF-8"?><akomaNtoso xmlns="http://docs.oasis-open.org/legaldocml/ns/akn/3.0" xmlns:fmx="http://formex.publications.europa.eu/schema/formex-05.21-20110601.xd" xmlns:leos="urn:eu:europa:ec:leos" xmlns:xs="http://www.w3.org/2001/XMLSchema"><bill name=""><meta xmlns:fn="http://www.w3.org/2005/xpath-functions"><identification source="~COM"><FRBRWork><FRBRthis value=""/><FRBRuri value=""/><FRBRdate date="2999-01-01" name=""/><FRBRauthor href=""/><FRBRcountry value=""/></FRBRWork><FRBRExpression><FRBRthis value=""/><FRBRuri value=""/><FRBRdate date="2999-01-01" name=""/><FRBRauthor href=""/><FRBRlanguage language="eng"/></FRBRExpression><FRBRManifestation><FRBRthis value=""/><FRBRuri value=""/><FRBRdate date="2999-01-01" name=""/><FRBRauthor href=""/></FRBRManifestation></identification></meta><preface><longTitle><p><docStage/><docType>COMMISSION IMPLEMENTING DECISION (EU) 2020/209</docType>of 14 February 2020<docPurpose>concerning certain protective measures relating to African swine fever in Greece</docPurpose></p></longTitle><container name="EEArelevance"><p>(notified under document C(2020) 962)</p></container></preface><preamble><formula name="actingEntity"><p>THE EUROPEAN COMMISSION,</p></formula><citations><citation><p>Having regard to the Treaty on the Functioning of the European Union,</p></citation><citation><p>Having regard to Council Directive 89/662/EEC of 11 December 1989 concerning veterinary checks in intra-Community trade with a view to the completion of the internal market<authorialNote placement="bottom" marker="1"><p>OJ L 395, 30.12.1989, p. 13.</p></authorialNote>, and in particular Article 9(4) thereof,</p></citation><citation><p>Having regard to Council Directive 90/425/EEC of 26 June 1990 concerning veterinary checks applicable in intra-Union trade in certain live animals and products with a view to the completion of the internal market<authorialNote placement="bottom" marker="2"><p>OJ L 224, 18.8.1990, p. 29.</p></authorialNote>, and in particular Article 10(4) thereof,</p></citation></citations><recitals xml:id="recs_d298e88"><intro><p>Whereas:</p></intro><recital xml:id="rec_d298e91"><num>(1)</num><p>African swine fever is an infectious viral disease affecting domestic and feral pig populations and can have a severe impact on the profitability of pig farming causing disturbance to trade within the Union and exports to third countries.</p></recital><recital xml:id="rec_d298e97"><num>(2)</num><p>In the event of an outbreak of African swine fever, there is a risk that the disease agent might spread to other pig holdings and to feral pigs. As a result, it may spread from one Member State to another Member State and to third countries through trade in live pigs or their products.</p></recital><recital xml:id="rec_d298e103"><num>(3)</num><p>Council Directive 2002/60/EC<authorialNote placement="bottom" marker="3"><p>Council Directive 2002/60/EC of 27 June 2002 laying down specific provisions for the control of African swine fever and amending Directive 92/119/EEC as regards Teschen disease and African swine fever (OJ L 192, 20.7.2002, p. 27).</p></authorialNote> lays down minimum measures to be applied within the Union for the control of African swine fever. Article 9 of Directive 2002/60/EC provides for the establishment of protection and surveillance zones in the event of outbreaks of that disease, where the measures laid down in Articles 10 and 11 of that Directive are to apply.</p></recital><recital xml:id="rec_d298e119"><num>(4)</num><p>Following an outbreak of African swine fever in the regional unit of Serres in Greece, that Member State informed the Commission of the African swine fever situation in its territory, and in accordance with Article 9 of Directive 2002/60/EC, it established protection and surveillance zones where the measures referred to in Articles 10 and 11 of that Directive are applied.</p></recital><recital xml:id="rec_d298e125"><num>(5)</num><p>Commission Implementing Decision (EU) 2020/181<authorialNote placement="bottom" marker="4"><p>Commission Implementing Decision (EU) 2020/181 of 7 February 2020 concerning certain interim protective measures relating to African swine fever in Greece (OJ L 37, 10.2.2020, p. 8).</p></authorialNote> was adopted following the establishment of the protection and surveillance zones in Greece, in accordance with Article 9 of Directive 2002/60/EC.</p></recital><recital xml:id="rec_d298e141"><num>(6)</num><p>Since the date of adoption of Implementing Decision (EU) 2020/181, the epidemiological situation in Greece has not evolved with respect to African swine fever in the regional unit of Serres, and accordingly Greece has implemented the required control measures and it has collected additional surveillance data.</p></recital><recital xml:id="rec_d298e148"><num>(7)</num><p>In order to prevent any unnecessary disturbance to trade within the Union and to avoid unjustified barriers to trade being imposed by third countries, it is necessary to describe at Union level the areas established as protection and surveillance zones for African swine fever in Greece in collaboration with that Member State. These surveillance and protection zones take account of the current epidemiological scenario in that Member State.</p></recital><recital xml:id="rec_d298e154"><num>(8)</num><p>Accordingly, the areas identified as protection and surveillance zones in Greece should be set out in the Annex to this Decision and the duration of that regionalisation fixed.</p></recital><recital xml:id="rec_d298e160"><num>(9)</num><p>In addition, Implementing Decision (EU) 2020/181 should be repealed and replaced by this Decision.</p></recital><recital xml:id="rec_d298e167"><num>(10)</num><p>The measures provided for in this Decision are in accordance with the opinion of the Standing Committee on Plants, Animals, Food and Feed,</p></recital></recitals><formula name="enactingFormula"><p>HAS ADOPTED THIS DECISION:</p></formula></preamble><body><article xml:id="art_d298e176"><num>Article 1</num><heading/><paragraph><content><p>Greece shall ensure that the protection and surveillance zones established in accordance with Article 9 of Directive 2002/60/EC comprise at least the areas listed as the protection and surveillance zones in the Annex to this Decision.</p></content></paragraph></article><article xml:id="art_d298e181"><num>Article 2</num><heading/><paragraph><content><p>Implementing Decision (EU) 2020/181 is repealed.</p></content></paragraph></article><article xml:id="art_d298e186"><num>Article 3</num><heading/><paragraph><content><p>This Decision shall apply until 6 April 2020.</p></content></paragraph></article><article xml:id="art_d298e194"><num>Article 4</num><heading/><paragraph><content><p>This Decision is addressed to the Hellenic Republic.</p></content></paragraph></article></body><conclusions><p>Done at Brussels, 14 February 2020.</p><block name="signatory"><signature><organization refersTo="">For the Commission</organization><role refersTo="">Stella KYRIAKIDES</role><person refersTo="">Member of the Commission</person></signature></block></conclusions></bill></akomaNtoso>