<?xml version="1.0" encoding="UTF-8"?><akomaNtoso xmlns="http://docs.oasis-open.org/legaldocml/ns/akn/3.0" xmlns:fmx="http://formex.publications.europa.eu/schema/formex-05.21-20110601.xd" xmlns:leos="urn:eu:europa:ec:leos" xmlns:xs="http://www.w3.org/2001/XMLSchema"><bill name=""><meta xmlns:fn="http://www.w3.org/2005/xpath-functions"><identification source="~COM"><FRBRWork><FRBRthis value=""/><FRBRuri value=""/><FRBRdate date="2999-01-01" name=""/><FRBRauthor href=""/><FRBRcountry value=""/></FRBRWork><FRBRExpression><FRBRthis value=""/><FRBRuri value=""/><FRBRdate date="2999-01-01" name=""/><FRBRauthor href=""/><FRBRlanguage language="eng"/></FRBRExpression><FRBRManifestation><FRBRthis value=""/><FRBRuri value=""/><FRBRdate date="2999-01-01" name=""/><FRBRauthor href=""/></FRBRManifestation></identification></meta><preface><longTitle><p><docStage/><docType>COUNCIL REGULATION (EU) 2020/231</docType>of 18 February 2020<docPurpose>amending Regulation (EU) 2018/1977 opening and providing for the management of autonomous Union tariff quotas for certain fishery products for the period 2019‐2020</docPurpose></p></longTitle></preface><preamble><formula name="actingEntity"><p>THE COUNCIL OF THE EUROPEAN UNION,</p></formula><citations><citation><p>Having regard to the Treaty on the Functioning of the European Union, and in particular Article 31 thereof,</p></citation><citation><p>Having regard to the proposal from the European Commission,</p></citation></citations><recitals xml:id="recs_d317e59"><intro><p>Whereas:</p></intro><recital xml:id="rec_d317e62"><num>(1)</num><p>Council Regulation (EU) 2018/1977<authorialNote placement="bottom" marker="1"><p>Council Regulation (EU) 2018/1977 of 11 December 2018 opening and providing for the management of autonomous Union tariff quotas for certain fishery products for the period 2019-2020 (OJ L 317, 14.12.2018, p. 2).</p></authorialNote> opens and provides for the management of autonomous Union tariff quotas for certain fishery products for the period 2019‐2020. Appropriate volumes have been decided for each tariff quota to ensure adequate supply to the Union processing industry for the period 2019‐2020.</p></recital><recital xml:id="rec_d317e78"><num>(2)</num><p>Within the tariff quota applicable under order number 09.2750, listed in the Annex to Regulation (EU) 2018/1977, only products covered by CN code ex03052000 with TARIC code 35 are those which correspond to the description &apos;hard fish roes washed, cleaned of adherent organs and simply salted or in brine, for the manufacture of caviar substitutes&apos;.</p></recital><recital xml:id="rec_d317e91"><num>(3)</num><p>However, under Council Regulation (EU) 2015/2265<authorialNote placement="bottom" marker="2"><p>Council Regulation (EU) 2015/2265 of 7 December 2015 opening and providing for the management of autonomous Union tariff quotas for certain fishery products for the period 2016-2018 (OJ L 322, 8.12.2015, p. 4).</p></authorialNote>, which preceded Regulation (EU) 2018/1977, the tariff quota concerned referred to CN code ex16043200 with TARIC code 20, being those products which correspond to the description &apos;hard fish roes washed, cleaned of adherent organs and simply salted or in brine, for the processing of caviar substitutes&apos;.</p></recital><recital xml:id="rec_d317e114"><num>(4)</num><p>The discrepancy between the two Regulations as regards the relevant CN codes, with regard to the same order number, made it difficult for the Union processing industry to interpret the relevant provisions and to understand the difference between the two CN codes. This lack of clarity had a negative impact on the Union processing industry.</p></recital><recital xml:id="rec_d317e120"><num>(5)</num><p>It is appropriate to amend the list of products covered by the tariff quota for order number 09.2750 so as to also include, for a limited period of one year, the CN code ex16043200 with TARIC code 20. In addition, a footnote should be added referring to those CN and TARIC codes and the period from 1 January 2019 to 31 December 2019.</p></recital><recital xml:id="rec_d317e135"><num>(6)</num><p>Regulation (EU) 2018/1977 should therefore be amended accordingly.</p></recital><recital xml:id="rec_d317e141"><num>(7)</num><p>The period in which the quotas opened by Regulation (EU) 2018/1977 apply in the first year runs from 1 January 2019 to 31 December 2019. Since it is necessary to ensure equal treatment of economic operators and taking into account that the tariff quota under order 09.2752 is not yet exhausted, this Regulation should be applied retroactively with effect from 1 January 2019 so as to offer the opportunity for economic operators using hard fish roes (finished products) to keep the benefit of the favourable quota duty without interruption for a limited period of time. Consequently, this Regulation should enter into force immediately,</p></recital></recitals><formula name="enactingFormula"><p>HAS ADOPTED THIS REGULATION:</p></formula></preamble><body><article xml:id="art_d317e160" leos:compliant="false"><num>Article 1</num><heading/><paragraph><subparagraph><content><p>The third row of the Annex to Regulation (EU) 2018/1977 (order No 09.2750), is amended as follows:</p></content></subparagraph><list><point><num>(1)</num><alinea><content><p>the entry under the column &apos;CN code&apos; is replaced by the following:</p></content></alinea><alinea><content><p><mod><quotedStructure startQuote="" endQuote=""><alinea><content><p>&apos;ex03052000</p></content></alinea><alinea><content><p>ex160432 00&apos;;</p></content></alinea></quotedStructure></mod></p></content></alinea></point><point><num>(2)</num><alinea><content><p>the entry under the column &apos;TARIC code&apos; is replaced by the following:</p></content></alinea><alinea><content><p><mod><quotedStructure startQuote="" endQuote=""><alinea><content><p>&apos;35</p></content></alinea><alinea><content><p>20&apos;;</p></content></alinea></quotedStructure></mod></p></content></alinea></point><point><num>(3)</num><alinea><content><p>the following footnote is added to the column &apos;description&apos; after the word &apos;caviar substitutes&apos;:</p></content></alinea><alinea><content><p><mod><quotedStructure startQuote="" endQuote=""><alinea><content><p>&apos;For TARIC code 1604320020 this tariff quota applies from 1 January 2019 to 31 December 2019&apos;.</p></content></alinea></quotedStructure></mod></p></content></alinea></point></list></paragraph></article><article xml:id="art_d317e237"><num>Article 2</num><heading/><paragraph><content><p>This Regulation shall enter into force on the day following that of its publication in the <i>Official Journal of the European Union</i>.</p></content></paragraph><paragraph><content><p>It shall apply from 1 January 2019.</p></content></paragraph></article><clause><content><p>This Regulation shall be binding in its entirety and directly applicable in all Member States.</p></content></clause></body><conclusions><p>Done at Brussels, 18 February 2020.</p><block name="signatory"><signature><organization refersTo="">For the Council</organization><role refersTo="">The President</role><person refersTo="">Z. MARIĆ</person></signature></block></conclusions></bill></akomaNtoso>