<?xml version="1.0" encoding="UTF-8"?><akomaNtoso xmlns="http://docs.oasis-open.org/legaldocml/ns/akn/3.0" xmlns:fmx="http://formex.publications.europa.eu/schema/formex-05.21-20110601.xd" xmlns:leos="urn:eu:europa:ec:leos" xmlns:xs="http://www.w3.org/2001/XMLSchema"><bill name=""><meta xmlns:fn="http://www.w3.org/2005/xpath-functions"><identification source="~COM"><FRBRWork><FRBRthis value=""/><FRBRuri value=""/><FRBRdate date="2999-01-01" name=""/><FRBRauthor href=""/><FRBRcountry value=""/></FRBRWork><FRBRExpression><FRBRthis value=""/><FRBRuri value=""/><FRBRdate date="2999-01-01" name=""/><FRBRauthor href=""/><FRBRlanguage language="eng"/></FRBRExpression><FRBRManifestation><FRBRthis value=""/><FRBRuri value=""/><FRBRdate date="2999-01-01" name=""/><FRBRauthor href=""/></FRBRManifestation></identification></meta><preface><longTitle><p><docStage/><docType>COMMISSION IMPLEMENTING REGULATION (EU) 2020/349</docType>of 2 March 2020<docPurpose>amending Implementing Regulation (EU) 2019/1916 in respect of operational conditions in certain urban or interurban areas</docPurpose></p></longTitle></preface><preamble><formula name="actingEntity"><p>THE EUROPEAN COMMISSION,</p></formula><citations><citation><p>Having regard to the Treaty on the Functioning of the European Union,</p></citation><citation><p>Having regard to Council Directive 96/53/EC of 25 July 1996 laying down for certain road vehicles circulating within the Community the maximum authorised dimensions in national and international traffic and the maximum authorised weights in international traffic<authorialNote placement="bottom" marker="1"><p>OJ L 235, 17.9.1996, p. 59.</p></authorialNote>, and in particular Article 8b(4) thereof,</p></citation></citations><recitals xml:id="recs_d242e68"><intro><p>Whereas:</p></intro><recital xml:id="rec_d242e71"><num>(1)</num><p>Following the adoption of Commission Implementing Regulation (EU) 2019/1916<authorialNote placement="bottom" marker="2"><p>Commission Implementing Regulation (EU) 2019/1916 of 15 November 2019 laying down detailed provisions as regards the use of rear aerodynamic devices pursuant to Council Directive 96/53/EC (OJ L 297, 18.11.2019, p. 3).</p></authorialNote>, it has appeared that, in respect of operational conditions in certain urban or interurban areas, its terms were not consistent with Article 8b(3) of Directive 96/53/EC.</p></recital><recital xml:id="rec_d242e87"><num>(2)</num><p>Therefore Implementing Regulation (EU) 2019/1916 should be amended accordingly.</p></recital><recital xml:id="rec_d242e93"><num>(3)</num><p>This Regulation should enter into force as a matter of urgency on the day following that of its publication in the <i>Official Journal of the European Union</i>.</p></recital><recital xml:id="rec_d242e102"><num>(4)</num><p>The measures provided for in this Regulation are in accordance with the opinion of the Committee referred to in Article 10i(2) of Directive 96/53/EC,</p></recital></recitals><formula name="enactingFormula"><p>HAS ADOPTED THIS REGULATION:</p></formula></preamble><body><article xml:id="art_d242e111" leos:compliant="false"><num>Article 1</num><heading>Amendment to Implementing Regulation (EU) 2019/1916</heading><paragraph><content><p>In Article 3, paragraph 1 is replaced by the following:</p></content></paragraph><paragraph><content><p><mod><quotedStructure startQuote="" endQuote=""><paragraph><num>&apos;1.</num><content><p>Member States may prohibit the circulation of vehicles or vehicle combinations equipped with devices in the in-use position in view of the special characteristics of urban or interurban areas where speed limits are 50 km/h or lessand where vulnerable road users are likely to be present.&apos;.</p></content></paragraph></quotedStructure></mod></p></content></paragraph></article><article xml:id="art_d242e128"><num>Article 2</num><heading>Entry into force</heading><paragraph><content><p>This Regulation shall enter into force on the day following that of its publication in the <i>Official Journal of the European Union</i>.</p></content></paragraph></article><clause><content><p>This Regulation shall be binding in its entirety and directly applicable in all Member States.</p></content></clause></body><conclusions><p>Done at Brussels, 2 March 2020.</p><block name="signatory"><signature><organization refersTo="">For the Commission</organization><role refersTo="">The President</role><person refersTo="">Ursula VON DER LEYEN</person></signature></block></conclusions></bill></akomaNtoso>