<?xml version="1.0" encoding="UTF-8"?>L0482020EN6010120200221EN00076016672422020<p xmlns="http://docs.oasis-open.org/legaldocml/ns/akn/3.0"><!--default P | TXT -->Only the original UN/ECE texts have legal effect under international public law. The status and date of entry into force of this Regulation should be checked in the latest version of the UN/ECE status document TRANS/WP.29/343, available at: http://www.unece.org/trans/main/wp29/wp29wgs/wp29gen/wp29fdocstts.html</p><p xmlns="http://docs.oasis-open.org/legaldocml/ns/akn/3.0">UN Regulation No 142 &#45; Uniform provisions concerning the approval of motor vehicles with regard to the installation of their tyres [2020/242]</p><p xmlns="http://docs.oasis-open.org/legaldocml/ns/akn/3.0"><!--default P | TXT -->Incorporating all valid text up to:</p><p xmlns="http://docs.oasis-open.org/legaldocml/ns/akn/3.0"><!--default P | TXT -->Supplement 1 to the original version of the Regulation &#45; Date of entry into force: 16 October 2018</p><p xmlns="http://docs.oasis-open.org/legaldocml/ns/akn/3.0"><!--default P | TXT -->This document is meant purely as documentation tool. The authentic and legally binding texts are:</p><p xmlns="http://docs.oasis-open.org/legaldocml/ns/akn/3.0"><!--default P | TXT --><list><indent><num>-</num><content><p>ECE/TRANS/WP.29/2016/64 and</p></content></indent><indent><num>-</num><content><p>ECE/TRANS/WP.29/2018/14.</p></content></indent></list></p><!--GR.SEQ is a special position => not treated --><!--GR.SEQ is a special position => not treated --><!--GR.SEQ is a special position => not treated --><!--GR.SEQ is a special position => not treated --><!--GR.SEQ is a special position => not treated --><!--GR.SEQ is a special position => not treated --><!--GR.SEQ is a special position => not treated --><!--GR.SEQ is a special position => not treated --><!--GR.SEQ is a special position => not treated --><!--GR.SEQ is a special position => not treated -->