<?xml version="1.0" encoding="UTF-8"?><akomaNtoso xmlns="http://docs.oasis-open.org/legaldocml/ns/akn/3.0" xmlns:fmx="http://formex.publications.europa.eu/schema/formex-05.21-20110601.xd" xmlns:leos="urn:eu:europa:ec:leos" xmlns:xs="http://www.w3.org/2001/XMLSchema"><bill name=""><meta xmlns:fn="http://www.w3.org/2005/xpath-functions"><identification source="~COM"><FRBRWork><FRBRthis value=""/><FRBRuri value=""/><FRBRdate date="2999-01-01" name=""/><FRBRauthor href=""/><FRBRcountry value=""/></FRBRWork><FRBRExpression><FRBRthis value=""/><FRBRuri value=""/><FRBRdate date="2999-01-01" name=""/><FRBRauthor href=""/><FRBRlanguage language="eng"/></FRBRExpression><FRBRManifestation><FRBRthis value=""/><FRBRuri value=""/><FRBRdate date="2999-01-01" name=""/><FRBRauthor href=""/></FRBRManifestation></identification></meta><preface><longTitle><p><docStage/><docType>COUNCIL IMPLEMENTING DECISION (CFSP) 2020/374</docType>of 5 March 2020<docPurpose>implementing Decision (CFSP) 2015/1333 concerning restrictive measures in view of the situation in Libya</docPurpose></p></longTitle></preface><preamble><formula name="actingEntity"><p>THE COUNCIL OF THE EUROPEAN UNION,</p></formula><citations><citation><p>Having regard to the Treaty on European Union, and in particular Article 31(2) thereof,</p></citation><citation><p>Having regard to Council Decision (CFSP) 2015/1333 of 31 July 2015 concerning restrictive measures in view of the situation in Libya, and repealing Decision 2011/137/CFSP<authorialNote placement="bottom" marker="1"><p>OJ L 206, 1.8.2015, p. 34.</p></authorialNote>, and in particular Article 12(1) thereof,</p></citation><citation><p>Having regard to the proposal of the High Representative of the Union for Foreign Affairs and Security Policy,</p></citation></citations><recitals xml:id="recs_d273e70"><intro><p>Whereas:</p></intro><recital xml:id="rec_d273e73"><num>(1)</num><p>On 31 July 2015, the Council adopted Decision (CFSP) 2015/1333.</p></recital><recital xml:id="rec_d273e82"><num>(2)</num><p>On 25 February 2020, the United Nations Security Council (&apos;UNSC&apos;) Committee established pursuant to UNSC Resolution 1970 (2011) updated the information relating to five persons subject to restrictive measures.</p></recital><recital xml:id="rec_d273e91"><num>(3)</num><p>Annexes I and III to Decision (CFSP) 2015/1333 should therefore be amended accordingly,</p></recital></recitals><formula name="enactingFormula"><p>HAS ADOPTED THIS DECISION:</p></formula></preamble><body><article xml:id="art_d273e100"><num>Article 1</num><heading/><paragraph><content><p>Annexes I and III to Decision (CFSP) 2015/1333 are amended as set out in the Annex to this Decision.</p></content></paragraph></article><article xml:id="art_d273e105"><num>Article 2</num><heading/><paragraph><content><p>This Decision shall enter into force on the date of its publication in the <i>Official Journal of the European Union</i>.</p></content></paragraph></article></body><conclusions><p>Done at Brussels, 5 March 2020.</p><block name="signatory"><signature><organization refersTo="">For the Council</organization><role refersTo="">The President</role><person refersTo="">T. ĆORIĆ</person></signature></block></conclusions></bill></akomaNtoso>