<?xml version="1.0" encoding="UTF-8"?><akomaNtoso xmlns="http://docs.oasis-open.org/legaldocml/ns/akn/3.0" xmlns:fmx="http://formex.publications.europa.eu/schema/formex-05.21-20110601.xd" xmlns:leos="urn:eu:europa:ec:leos" xmlns:xs="http://www.w3.org/2001/XMLSchema"><bill name=""><meta xmlns:fn="http://www.w3.org/2005/xpath-functions"><identification source="~COM"><FRBRWork><FRBRthis value=""/><FRBRuri value=""/><FRBRdate date="2999-01-01" name=""/><FRBRauthor href=""/><FRBRcountry value=""/></FRBRWork><FRBRExpression><FRBRthis value=""/><FRBRuri value=""/><FRBRdate date="2999-01-01" name=""/><FRBRauthor href=""/><FRBRlanguage language="eng"/></FRBRExpression><FRBRManifestation><FRBRthis value=""/><FRBRuri value=""/><FRBRdate date="2999-01-01" name=""/><FRBRauthor href=""/></FRBRManifestation></identification></meta><preface><longTitle><p><docStage/><docType>COMMISSION IMPLEMENTING DECISION (EU) 2020/514</docType>of 8 April 2020<docPurpose>amending the Annex to Implementing Decision 2014/709/EU concerning animal health control measures relating to African swine fever in certain Member States</docPurpose></p></longTitle><container name="EEArelevance"><p>(notified under document C(2020) 2292)</p></container></preface><preamble><formula name="actingEntity"><p>THE EUROPEAN COMMISSION,</p></formula><citations><citation><p>Having regard to the Treaty on the Functioning of the European Union,</p></citation><citation><p>Having regard to Council Directive 89/662/EEC of 11 December 1989 concerning veterinary checks in intra-Community trade with a view to the completion of the internal market<authorialNote placement="bottom" marker="1"><p>OJ L 395, 30.12.1989, p. 13.</p></authorialNote>, and in particular Article 9(4) thereof,</p></citation><citation><p>Having regard to Council Directive 90/425/EEC of 26 June 1990 concerning veterinary checks applicable in intra-Union trade in certain live animals and products with a view to the completion of the internal market<authorialNote placement="bottom" marker="2"><p>OJ L 224, 18.8.1990, p. 29.</p></authorialNote>, and in particular Article 10(4) thereof,</p></citation><citation><p>Having regard to Council Directive 2002/99/EC of 16 December 2002 laying down the animal health rules governing the production, processing, distribution and introduction of products of animal origin for human consumption<authorialNote placement="bottom" marker="3"><p>OJ L 18, 23.1.2003, p. 11.</p></authorialNote>, and in particular Article 4(3) thereof,</p></citation></citations><recitals xml:id="recs_d174e97"><intro><p>Whereas:</p></intro><recital xml:id="rec_d174e100"><num>(1)</num><p>Commission Implementing Decision 2014/709/EU<authorialNote placement="bottom" marker="4"><p>Commission Implementing Decision 2014/709/EU of 9 October 2014 concerning animal health control measures relating to African swine fever in certain Member States and repealing Implementing Decision 2014/178/EU (OJ L 295, 11.10.2014, p. 63).</p></authorialNote> lays down animal health control measures in relation to African swine fever in certain Member States, where there have been confirmed cases of that disease in domestic or feral pigs (the Member States concerned). The Annex to that Implementing Decision demarcates and lists certain areas of the Member States concerned in Parts I to IV thereof, differentiated by the level of risk based on the epidemiological situation as regards that disease. The Annex to Implementing Decision 2014/709/EU has been amended several times to take account of changes in the epidemiological situation in the Union as regards African swine fever that need to be reflected in that Annex. The Annex to Implementing Decision 2014/709/EU was last amended by Commission Implementing Decision (EU) 2020/451<authorialNote placement="bottom" marker="5"><p>Commission Implementing Decision (EU) 2020/451 of 26 March 2020 amending the Annex to Implementing Decision 2014/709/EU concerning animal health control measures relating to African swine fever in certain Member States (OJ L 94, 27.3.2020, p. 23).</p></authorialNote>, following instances of African swine fever in pigs in Poland and Hungary.</p></recital><recital xml:id="rec_d174e127"><num>(2)</num><p>Since the date of adoption of Implementing Decision (EU) 2020/451, there has been a new occurrence of African swine fever in domestic pigs in Poland.</p></recital><recital xml:id="rec_d174e133"><num>(3)</num><p>In April 2020, one outbreak of African swine fever in domestic pigs was observed in the district of poznański in Poland in an area not listed in the Annex to Implementing Decision 2014/709/EU. This outbreak of African swine fever in domestic pigs constitutes an increased level of risk, which should be reflected in that Annex. Accordingly, this new area of Poland, affected by this recent outbreak of African swine fever, should now be listed in Part III of the Annex to Implementing Decision 2014/709/EU. Given that Part III of the Annex to Implementing Decision 2014/709/EU lists the areas where the epidemiological situation is still evolving and very dynamic, when any amendments are made to the areas listed in that Part, particular consideration must always be given to the effect on the surrounding areas, as has been done in this instance. It is also necessary to list new areas in Part I of the Annex to Implementing Decision 2014/709/EU, that are in proximity to the new area listed in Part III thereof.</p></recital><recital xml:id="rec_d174e139"><num>(4)</num><p>Following this recent occurrence of African swine fever in domestic pigs in Poland, and taking into account the current epidemiological situation in the Union, regionalisation in this Member State has been reassessed and updated. In addition, the risk management measures in place also have been reassessed and updated. These changes need to be reflected in the Annex to Implementing Decision 2014/709/EU.</p></recital><recital xml:id="rec_d174e145"><num>(5)</num><p>In order to take account of recent developments in the epidemiological evolution of African swine fever in the Union, and in order to combat the risks associated with the spread of that disease in a proactive manner, new high-risk areas of a sufficient size should be demarcated for Poland and duly listed in Parts I and III of the Annex to Implementing Decision 2014/709/EU. Parts I and III of the Annex to Implementing Decision 2014/709/EU should therefore be amended accordingly.</p></recital><recital xml:id="rec_d174e151"><num>(6)</num><p>Given the urgency of the epidemiological situation in the Union as regards the spread of African swine fever, it is important that the amendments made to the Annex to Implementing Decision 2014/709/EU by this Decision take effect as soon as possible.</p></recital><recital xml:id="rec_d174e157"><num>(7)</num><p>The measures provided for in this Decision are in accordance with the opinion of the Standing Committee on Plants, Animals, Food and Feed,</p></recital></recitals><formula name="enactingFormula"><p>HAS ADOPTED THIS DECISION:</p></formula></preamble><body><article xml:id="art_d174e166"><num>Article 1</num><heading/><paragraph><content><p>The Annex to Implementing Decision 2014/709/EU is replaced by the text set out in the Annex to this Decision.</p></content></paragraph></article><article xml:id="art_d174e171"><num>Article 2</num><heading/><paragraph><content><p>This Decision is addressed to the Member States.</p></content></paragraph></article></body><conclusions><p>Done at Brussels, 8 April 2020.</p><block name="signatory"><signature><organization refersTo="">For the Commission</organization><role refersTo="">Stella KYRIAKIDES</role><person refersTo="">Member of the Commission</person></signature></block></conclusions></bill></akomaNtoso>