<?xml version="1.0" encoding="UTF-8"?>L0882020EN1010120190715EN0004101101<p xmlns="http://docs.oasis-open.org/legaldocml/ns/akn/3.0">Corrigendum to Council Decision (EU) 2019/1355 of 15 July 2019 on the position to be taken on behalf of the European Union in the EPA Committee established under the stepping stone Economic Partnership Agreement between Côte d&apos;Ivoire, of the one part, and the European Community and its Member States, of the other part, as regards the adoption of Protocol 1 concerning the definition of the concept of &apos;originating products&apos; and methods of administrative cooperation</p><p xmlns="http://docs.oasis-open.org/legaldocml/ns/akn/3.0">(Official Journal of the European Union L 222 of 26 August 2019)</p><num xmlns="http://docs.oasis-open.org/legaldocml/ns/akn/3.0">1.</num><p xmlns="http://docs.oasis-open.org/legaldocml/ns/akn/3.0">On page 18, the Annex to the draft decision of the EPA committee, Protocol 1, in Article 17(1) and (2):</p><p xmlns="http://docs.oasis-open.org/legaldocml/ns/akn/3.0"><!--default P | TXT -->for:</p><mod xmlns="http://docs.oasis-open.org/legaldocml/ns/akn/3.0"><quotedStructure startQuote="" endQuote=""><paragraph><num>&apos;1.</num><content><p>Products originating in the European Union shall, on importation into Côte d&apos;Ivoire, benefit from the Agreement upon the submission of an origin declaration, in the cases specified in Article 22(1) of this Protocol …</p></content></paragraph><paragraph><num>2.</num><subparagraph><content><p>Products originating in Côte d&apos;Ivoire shall …:</p></content></subparagraph><subparagraph><list><point><num>(a)</num><p>…;</p></point><point><num>(b)</num><p>in the cases specified in Article 22(1) of this Protocol …&apos;,</p></point></list></subparagraph></paragraph></quotedStructure></mod><p xmlns="http://docs.oasis-open.org/legaldocml/ns/akn/3.0"><!--default P | TXT -->read:</p><mod xmlns="http://docs.oasis-open.org/legaldocml/ns/akn/3.0"><quotedStructure startQuote="" endQuote=""><paragraph><num>&apos;1.</num><content><p>Products originating in the European Union shall, on importation into Côte d&apos;Ivoire, benefit from the Agreement upon the submission of an origin declaration, in the cases specified in Article 21(1) of this Protocol …</p></content></paragraph><paragraph><num>2.</num><subparagraph><content><p>Products originating in Côte d&apos;Ivoire shall …:</p></content></subparagraph><subparagraph><list><point><num>(a)</num><p>…;</p></point><point><num>(b)</num><p>in the cases specified in Article 21(1) of this Protocol …&apos;.</p></point></list></subparagraph></paragraph></quotedStructure></mod><num xmlns="http://docs.oasis-open.org/legaldocml/ns/akn/3.0">2.</num><p xmlns="http://docs.oasis-open.org/legaldocml/ns/akn/3.0">On page 24, the Annex to the draft decision of the EPA committee, Protocol 1, in Article 31(1) to (2):</p><p xmlns="http://docs.oasis-open.org/legaldocml/ns/akn/3.0"><!--default P | TXT -->for:</p><mod xmlns="http://docs.oasis-open.org/legaldocml/ns/akn/3.0"><quotedStructure startQuote="" endQuote=""><paragraph><num>&apos;1.</num><content><p>1. For the application of Article 21(1)(b) and Article 26(3) of this Protocol in cases where products are invoiced in a currency other than euro …</p></content></paragraph><paragraph><num>2.</num><content><p>A consignment shall benefit from the provisions of Article 22(1)(b) or Article 27(3) of this Protocol by reference to the currency in which the invoice is drawn up …&apos;,</p></content></paragraph></quotedStructure></mod><p xmlns="http://docs.oasis-open.org/legaldocml/ns/akn/3.0"><!--default P | TXT -->read:</p><mod xmlns="http://docs.oasis-open.org/legaldocml/ns/akn/3.0"><quotedStructure startQuote="" endQuote=""><paragraph><num>&apos;1.</num><content><p>For the application of Article 21(1)(c) and Article 26(3) of this Protocol in cases where products are invoiced in a currency other than euro …</p></content></paragraph><paragraph><num>2.</num><content><p>A consignment shall benefit from the provisions of Article 21(1)(c) or Article 26(3) of this Protocol by reference to the currency in which the invoice is drawn up …&apos;.</p></content></paragraph></quotedStructure></mod>