<?xml version="1.0" encoding="UTF-8"?><akomaNtoso xmlns="http://docs.oasis-open.org/legaldocml/ns/akn/3.0" xmlns:fmx="http://formex.publications.europa.eu/schema/formex-05.21-20110601.xd" xmlns:leos="urn:eu:europa:ec:leos" xmlns:xs="http://www.w3.org/2001/XMLSchema"><bill name=""><meta xmlns:fn="http://www.w3.org/2005/xpath-functions"><identification source="~COM"><FRBRWork><FRBRthis value=""/><FRBRuri value=""/><FRBRdate date="2999-01-01" name=""/><FRBRauthor href=""/><FRBRcountry value=""/></FRBRWork><FRBRExpression><FRBRthis value=""/><FRBRuri value=""/><FRBRdate date="2999-01-01" name=""/><FRBRauthor href=""/><FRBRlanguage language="eng"/></FRBRExpression><FRBRManifestation><FRBRthis value=""/><FRBRuri value=""/><FRBRdate date="2999-01-01" name=""/><FRBRauthor href=""/></FRBRManifestation></identification></meta><preface><longTitle><p><docStage/><docType>DECISION No 1/2020 OF THE ACP-EU COMMITTEE OF AMBASSADORS</docType>of 24 February 2020<docPurpose>appointing the members of the Executive Board and the Director of the Technical Centre for Agricultural and Rural Cooperation (CTA) [2020/385]</docPurpose></p></longTitle></preface><preamble><formula name="actingEntity"><p>THE ACP-EU COMMITTEE OF AMBASSADORS,</p></formula><citations><citation><p>Having regard to the Partnership Agreement between the members of the African, Caribbean and Pacific Group of States of the one part, and the European Community and its Member States, of the other part<authorialNote placement="bottom" marker="1"><p>OJ L 317, 15.12.2000, p. 3.</p></authorialNote>, and in particular Article 2(5) of Annex III thereof,</p></citation><citation><p>Having regard to Decision No 5/2013 of the ACP-EU Committee of Ambassadors of 7 November 2013 on the Statutes of the Technical Centre for Agricultural and Rural Cooperation (CTA)<authorialNote placement="bottom" marker="2"><p>OJ L 309, 19.11.2013, p. 50.</p></authorialNote>, and in particular Articles 5(4) and 7(1) of the Annex thereof;</p></citation></citations><recitals xml:id="recs_d278e74"><intro><p>Whereas:</p></intro><recital xml:id="rec_d278e77"><num>(1)</num><p>Article 5(4) of the Statutes of the CTA provides that the members of the Executive Board of the Technical Centre for Agricultural and Rural Cooperation (CTA) shall be appointed by the ACP-EU Committee of Ambassadors in accordance with the procedures laid down by the Committee for a period of up to five years, subject to a mid-term review.</p></recital><recital xml:id="rec_d278e83"><num>(2)</num><p>Article 7(1) of the Statutes of the CTA provides that the Director of the Technical Centre for Agricultural and Rural Cooperation (CTA) shall be appointed by the ACP-EU Committee of Ambassadors on a proposal from the Executive Board for a period of up to five years.</p></recital><recital xml:id="rec_d278e89"><num>(3)</num><p>In accordance with its Article 95(1), the ACP-EU Partnership Agreement will expire on 29 February 2020.</p></recital><recital xml:id="rec_d278e98"><num>(4)</num><p>In accordance with Decision No 5/2018 of the ACP-EU Committee of Ambassadors of 17 December 2018 appointing members to the Executive Board of the Technical Centre for Agricultural and Rural Cooperation (CTA)<authorialNote placement="bottom" marker="3"><p>OJ L 8, 10.1.2019, p. 36.</p></authorialNote>, the term of office of the members of the Executive Board expires on 29 February 2020.</p></recital><recital xml:id="rec_d278e116"><num>(5)</num><p>In accordance with Decision No 3/2014 of the ACP-EU Committee of Ambassadors of 23 October 2014 on the renewal of the appointment of the Director of the Technical Centre for Agricultural and Rural Cooperation (CTA)<authorialNote placement="bottom" marker="4"><p>OJ L 332, 19.11.2014, p. 49.</p></authorialNote>, the term of office of the Director expires on 29 February 2020.</p></recital><recital xml:id="rec_d278e134"><num>(6)</num><p>In accordance with Decision No 3/2019 of the ACP-EU Committee of Ambassadors of 17 December 2019 to adopt transitional measures pursuant to Article 95(4) of the ACP-EU Partnership Agreement<authorialNote placement="bottom" marker="5"><p>OJ L 1, 3.1.2020, p. 3.</p></authorialNote>, the application of the provisions of the ACP-EU Partnership Agreement shall be extended until 31 December 2020, or until the entry into force of the new Agreement or until the provisional application between the Union and the ACP States of the new Agreement, whichever comes first. Therefore, the members of the Executive Board of the CTA should be re-appointed and a new Director of the CTA should be appointed until 31 December 2020.</p></recital><recital xml:id="rec_d278e156"><num>(7)</num><p>On 10 January 2020, the Executive Board submitted a recommendation and, subsequently, on 6 February 2020, made a statement on the nomination of a Director of the CTA for the period from 1 March until 31 December 2020,</p></recital></recitals><formula name="enactingFormula"><p>HAS DECIDED AS FOLLOWS:</p></formula></preamble><body><article xml:id="art_d278e174"><num>Article 1</num><heading/><paragraph><subparagraph><content><p>Without prejudice to any subsequent decisions that the ACP-EU Committee of Ambassadors might have to take in the framework of its prerogatives, the following persons are hereby re-appointed as members of the Executive Board of the CTA until 31 December 2020:</p></content></subparagraph><list><indent><num>-</num><content><p>Prof. Augusto Manuel CORREIA,</p></content></indent><indent><num>-</num><content><p>Mr David HUNTER,</p></content></indent><indent><num>-</num><content><p>Ms Helena JOHANSSON,</p></content></indent><indent><num>-</num><content><p>Mr Abel KPAWILINA-NAMKOISSE,</p></content></indent><indent><num>-</num><content><p>Dr Boitshoko NTSHABELE, and</p></content></indent><indent><num>-</num><content><p>Ms Frederike PRAASTERINK.</p></content></indent></list></paragraph></article><article xml:id="art_d278e202"><num>Article 2</num><heading/><paragraph><subparagraph><content><p>Without prejudice to any subsequent decisions that the ACP-EU Committee of Ambassadors might have to take in the framework of its prerogatives, the following person is hereby appointed as Director of the CTA with effect from 1 March 2020 until 31 December 2020:</p></content></subparagraph><list><indent><num>-</num><content><p>Dr Ibrahim Dominic KHADAR.</p></content></indent></list></paragraph></article><article xml:id="art_d278e218"><num>Article 3</num><heading/><paragraph><content><p>This Decision shall enter into force on the date of its adoption.</p></content></paragraph></article></body><conclusions><p>Done at Brussels, 24 February 2020.</p><block name="signatory"><signature><organization refersTo="">For the ACP-EU Committee of Ambassadors</organization><role refersTo="">The Chairman</role><person refersTo="">Irena ANDRASSY</person></signature></block></conclusions></bill></akomaNtoso>