<?xml version="1.0" encoding="UTF-8"?>L047I2020EN810120200127EN00068181<p xmlns="http://docs.oasis-open.org/legaldocml/ns/akn/3.0">Corrigendum to Council Implementing Regulation (EU) 2020/116 of 27 January 2020 implementing Article 12(1) of Regulation (EU) 2017/1770 concerning restrictive measures in view of the situation in Mali</p><p xmlns="http://docs.oasis-open.org/legaldocml/ns/akn/3.0">(Official Journal of the European Union L 22 of 28 January 2020)</p>On page 26, in the Annex, first entry, heading:<p xmlns="http://docs.oasis-open.org/legaldocml/ns/akn/3.0"><!--default P | TXT -->for:</p><mod xmlns="http://docs.oasis-open.org/legaldocml/ns/akn/3.0"><quotedStructure startQuote="" endQuote=""><point><num>&apos;1.</num><p>AHMED AG ALBACHAR (alias: Intahmado Ag Albachar)&apos;,</p></point></quotedStructure></mod><p xmlns="http://docs.oasis-open.org/legaldocml/ns/akn/3.0"><!--default P | TXT -->read:</p><mod xmlns="http://docs.oasis-open.org/legaldocml/ns/akn/3.0"><quotedStructure startQuote="" endQuote=""><point><num>&apos;1.</num><p>AHMED AG ALBACHAR (alias: Intahmadou Ag Albachar)&apos;.</p></point></quotedStructure></mod>