<?xml version="1.0" encoding="UTF-8"?><akomaNtoso xmlns="http://docs.oasis-open.org/legaldocml/ns/akn/3.0" xmlns:fmx="http://formex.publications.europa.eu/schema/formex-05.21-20110601.xd" xmlns:leos="urn:eu:europa:ec:leos" xmlns:xs="http://www.w3.org/2001/XMLSchema"><bill name=""><meta xmlns:fn="http://www.w3.org/2005/xpath-functions"><identification source="~COM"><FRBRWork><FRBRthis value=""/><FRBRuri value=""/><FRBRdate date="2999-01-01" name=""/><FRBRauthor href=""/><FRBRcountry value=""/></FRBRWork><FRBRExpression><FRBRthis value=""/><FRBRuri value=""/><FRBRdate date="2999-01-01" name=""/><FRBRauthor href=""/><FRBRlanguage language="eng"/></FRBRExpression><FRBRManifestation><FRBRthis value=""/><FRBRuri value=""/><FRBRdate date="2999-01-01" name=""/><FRBRauthor href=""/></FRBRManifestation></identification></meta><preface><longTitle><p><docStage/><docType>COUNCIL REGULATION (EU) 2020/213</docType>of 17 February 2020<docPurpose>amending Regulation (EC) No 314/2004 concerning certain restrictive measures in respect of Zimbabwe</docPurpose></p></longTitle></preface><preamble><formula name="actingEntity"><p>THE COUNCIL OF THE EUROPEAN UNION,</p></formula><citations><citation><p>Having regard to the Treaty on the Functioning of the European Union, and in particular Article 215 thereof,</p></citation><citation><p>Having regard to Council Decision (CFSP) 2020/215 of 17 February 2020 amending Decision 2011/101/CFSP concerning restrictive measures against Zimbabwe<authorialNote placement="bottom" marker="1"><p>See page 4 of this Official Journal.</p></authorialNote>,</p></citation><citation><p>Having regard to the joint proposal of the High Representative of the Union for Foreign Affairs and Security Policy and of the European Commission,</p></citation></citations><recitals xml:id="recs_d143e68"><intro><p>Whereas:</p></intro><recital xml:id="rec_d143e71"><num>(1)</num><p>Council Regulation (EC) No 314/2004<authorialNote placement="bottom" marker="2"><p>Council Regulation (EC) No 314/2004 of 19 February 2004 concerning certain restrictive measures in respect of Zimbabwe (OJ L 55, 24.2.2004, p. 1).</p></authorialNote> gives effect to several measures provided for by Council Decision 2011/101/CFSP<authorialNote placement="bottom" marker="3"><p>Council Decision 2011/101/CFSP of 15 February 2011 concerning restrictive measures against Zimbabwe (OJ L 42, 16.2.2011, p. 6).</p></authorialNote>, including the freezing of funds and economic resources of certain natural or legal persons, entities and bodies.</p></recital><recital xml:id="rec_d143e97"><num>(2)</num><p>On 17 February 2020 the Council adopted Decision (CFSP) 2020/215, which amended the title of Decision 2011/101/CFSP and suspended the restrictive measures with regard to one person.</p></recital><recital xml:id="rec_d143e106"><num>(3)</num><p>Regulation (EC) No 314/2004 should be amended accordingly,</p></recital></recitals><formula name="enactingFormula"><p>HAS ADOPTED THIS REGULATION:</p></formula></preamble><body><article xml:id="art_d143e115"><num>Article 1</num><heading/><paragraph><subparagraph><content><p>Regulation (EC) No 314/2004 is amended as follows:</p></content></subparagraph><list><point><num>(1)</num><alinea><content><p>the title is replaced by the following:</p></content></alinea><alinea><content><p><b>&apos;Council Regulation (EC) No 314/2004 concerning restrictive measures in view of the situation in Zimbabwe&apos;.</b></p></content></alinea></point><point><num>(2)</num><content><p>Annex IV is replaced by the Annex to this Regulation.</p></content></point></list></paragraph></article><article xml:id="art_d143e140"><num>Article 2</num><heading/><paragraph><content><p>This Regulation shall enter into force on the day following that of its publication in the <i>Official Journal of the European Union</i>.</p></content></paragraph></article><clause><content><p>This Regulation shall be binding in its entirety and directly applicable in all Member States.</p></content></clause></body><conclusions><p>Done at Brussels, 17 February 2020.</p><block name="signatory"><signature><organization refersTo="">For the Council</organization><role refersTo="">The President</role><person refersTo=""> J. BORRELL FONTELLES</person></signature></block></conclusions></bill></akomaNtoso>