<?xml version="1.0" encoding="UTF-8"?><akomaNtoso xmlns="http://docs.oasis-open.org/legaldocml/ns/akn/3.0" xmlns:fmx="http://formex.publications.europa.eu/schema/formex-05.21-20110601.xd" xmlns:leos="urn:eu:europa:ec:leos" xmlns:xs="http://www.w3.org/2001/XMLSchema"><bill name=""><meta xmlns:fn="http://www.w3.org/2005/xpath-functions"><identification source="~COM"><FRBRWork><FRBRthis value=""/><FRBRuri value=""/><FRBRdate date="2999-01-01" name=""/><FRBRauthor href=""/><FRBRcountry value=""/></FRBRWork><FRBRExpression><FRBRthis value=""/><FRBRuri value=""/><FRBRdate date="2999-01-01" name=""/><FRBRauthor href=""/><FRBRlanguage language="eng"/></FRBRExpression><FRBRManifestation><FRBRthis value=""/><FRBRuri value=""/><FRBRdate date="2999-01-01" name=""/><FRBRauthor href=""/></FRBRManifestation></identification></meta><preface><longTitle><p><docStage/><docType>DECISION (EU) 2020/137 OF THE EUROPEAN CENTRAL BANK</docType>of 22 January 2020<docPurpose>on the national central banks&apos; percentage shares in the key for subscription to the European Central Bank&apos;s capital and repealing Decision (EU) 2019/43 (ECB/2020/3)</docPurpose></p></longTitle></preface><preamble><formula name="actingEntity"><p>THE GOVERNING COUNCIL OF THE EUROPEAN CENTRAL BANK,</p></formula><citations><citation><p>Having regard to the Treaty on the Functioning of the European Union,</p></citation><citation><p>Having regard to the Statute of the European System of Central Banks and of the European Central Bank and in particular Article 29.3 and 29.4 thereof,</p></citation><citation><p>Having regard to the contribution of the General Council of the European Central Bank in accordance with the fourth indent of Article 46.2 of the Statute of the European System of Central Banks and of the European Central Bank,</p></citation></citations><recitals xml:id="recs_d91e63"><intro><p>Whereas:</p></intro><recital xml:id="rec_d91e66"><num>(1)</num><p>On 29 March 2017, the United Kingdom of Great Britain and Northern Ireland (the &apos;United Kingdom&apos;) submitted the notification of its intention to withdraw from the European Union pursuant to Article 50 of the Treaty on European Union. The Treaty on European Union and the Treaty on the Functioning of the European Union will cease to apply to the United Kingdom from the date following the date referred to in Article 1(1) of Decision (EU) 2019/1810 of the European Council<authorialNote placement="bottom" marker="1"><p>European Council Decision (EU) 2019/1810 taken in agreement with the United Kingdom of 29 October 2019 extending the period under Article 50(3)TEU (OJ L 278I, 30.10.2019, p. 1).</p></authorialNote>. Upon the withdrawal of the United Kingdom from the European Union, the Bank of England (BoE) ceases to be a national central bank of a Member State and therefore of the European System of Central Banks. An application of Articles 29.3 and 29.4 of the Statute of the European System of Central Banks and of the European Central Bank (hereinafter the &apos;Statute of the ESCB&apos;) requires the adjustment of the capital key weightings by analogy with the provisions laid down in Article 29.1 of the Statute of the ESCB.</p></recital><recital xml:id="rec_d91e94"><num>(2)</num><p>The last adjustment of the capital key weightings in accordance with Article 29.3 of the Statute of the ESCB was made in 2018 with effect from 1 January 2019 pursuant to Decision (EU) 2019/43 of the European Central Bank (ECB/2018/27)<authorialNote placement="bottom" marker="2"><p>Decision (EU) 2019/43 of the European Central Bank of 29 November 2018 on the national central banks&apos; percentage shares in the key for subscription to the European Central Bank&apos;s capital and repealing Decision ECB/2013/28 (ECB/2018/27) (OJ L 9, 11.1.2019, p. 178).</p></authorialNote>, which should accordingly be repealed,</p></recital></recitals><formula name="enactingFormula"><p>HAS ADOPTED THIS DECISION:</p></formula></preamble><body><article xml:id="art_d91e116"><num>Article 1</num><heading>Rounding</heading><paragraph><content><p>Where the European Commission provides statistical data to be used in adjusting the capital key and the figures do not total 100 %, the difference shall be compensated for: (i) if the total is below 100 %, by adding 0,0001 of a percentage point to the smallest share(s) in ascending order until exactly 100 % is reached, or (ii) if the total is above 100 %, by subtracting 0,0001 of a percentage point in descending order from the largest share(s) until exactly 100 % is reached.</p></content></paragraph></article><article xml:id="art_d91e123"><num>Article 2</num><heading>Capital key weightings</heading><paragraph><content><p>The weighting assigned to each national central bank in the capital key described in Article 29 of the Statute of the ESCB shall be as follows with effect from 1 February 2020:</p></content></paragraph><paragraph><content><table class="TBL"><tr><td><p>Nationale Bank van België/Banque Nationale de Belgique</p></td><td><p>2,9630 %</p></td></tr><tr><td><p>Българска народна банка (Bulgarian National Bank)</p></td><td><p>0,9832 %</p></td></tr><tr><td><p>Česká národní banka</p></td><td><p>1,8794 %</p></td></tr><tr><td><p>Danmarks Nationalbank</p></td><td><p>1,7591 %</p></td></tr><tr><td><p>Deutsche Bundesbank</p></td><td><p>21,4394 %</p></td></tr><tr><td><p>Eesti Pank</p></td><td><p>0,2291 %</p></td></tr><tr><td><p>Central Bank of Ireland</p></td><td><p>1,3772 %</p></td></tr><tr><td><p>Bank of Greece</p></td><td><p>2,0117 %</p></td></tr><tr><td><p>Banco de España</p></td><td><p>9,6981 %</p></td></tr><tr><td><p>Banque de France</p></td><td><p>16,6108 %</p></td></tr><tr><td><p>Hrvatska narodna banka</p></td><td><p>0,6595 %</p></td></tr><tr><td><p>Banca d&apos;Italia</p></td><td><p>13,8165 %</p></td></tr><tr><td><p>Central Bank of Cyprus</p></td><td><p>0,1750 %</p></td></tr><tr><td><p>Latvijas Banka</p></td><td><p>0,3169 %</p></td></tr><tr><td><p>Lietuvos bankas</p></td><td><p>0,4707 %</p></td></tr><tr><td><p>Banque centrale du Luxembourg</p></td><td><p>0,2679 %</p></td></tr><tr><td><p>Magyar Nemzeti Bank</p></td><td><p>1,5488 %</p></td></tr><tr><td><p>Central Bank of Malta</p></td><td><p>0,0853 %</p></td></tr><tr><td><p>De Nederlandsche Bank</p></td><td><p>4,7662 %</p></td></tr><tr><td><p>Oesterreichische Nationalbank</p></td><td><p>2,3804 %</p></td></tr><tr><td><p>Narodowy Bank Polski</p></td><td><p>6,0335 %</p></td></tr><tr><td><p>Banco de Portugal</p></td><td><p>1,9035 %</p></td></tr><tr><td><p>Banca Naţională a României</p></td><td><p>2,8289 %</p></td></tr><tr><td><p>Banka Slovenije</p></td><td><p>0,3916 %</p></td></tr><tr><td><p>Národná banka Slovenska</p></td><td><p>0,9314 %</p></td></tr><tr><td><p>Suomen Pankki</p></td><td><p>1,4939 %</p></td></tr><tr><td><p>Sveriges Riksbank</p></td><td><p>2,9790 %</p></td></tr></table></content></paragraph></article><article xml:id="art_d91e274"><num>Article 3</num><heading>Entry into force and repeal</heading><paragraph><num>1.</num><content><p>This Decision shall enter into force on 1 February 2020.</p></content></paragraph><paragraph><num>2.</num><content><p>Decision (EU) 2019/43 (ECB/2018/27) is repealed with effect from 1 February 2020.</p></content></paragraph><paragraph><num>3.</num><content><p>References to Decision (EU) 2019/43 (ECB/2018/27) shall be construed as references to this Decision.</p></content></paragraph></article></body><conclusions><p>Done at Frankfurt am Main, 22 January 2020.</p><block name="signatory"><signature><organization refersTo="">The President of the ECB</organization><role refersTo="">Christine LAGARDE</role></signature></block></conclusions></bill></akomaNtoso>