<?xml version="1.0" encoding="UTF-8"?><akomaNtoso xmlns="http://docs.oasis-open.org/legaldocml/ns/akn/3.0" xmlns:fmx="http://formex.publications.europa.eu/schema/formex-05.21-20110601.xd" xmlns:leos="urn:eu:europa:ec:leos" xmlns:xs="http://www.w3.org/2001/XMLSchema"><bill name=""><meta xmlns:fn="http://www.w3.org/2005/xpath-functions"><identification source="~COM"><FRBRWork><FRBRthis value=""/><FRBRuri value=""/><FRBRdate date="2999-01-01" name=""/><FRBRauthor href=""/><FRBRcountry value=""/></FRBRWork><FRBRExpression><FRBRthis value=""/><FRBRuri value=""/><FRBRdate date="2999-01-01" name=""/><FRBRauthor href=""/><FRBRlanguage language="eng"/></FRBRExpression><FRBRManifestation><FRBRthis value=""/><FRBRuri value=""/><FRBRdate date="2999-01-01" name=""/><FRBRauthor href=""/></FRBRManifestation></identification></meta><preface><longTitle><p><docStage/><docType>DECISION (EU) 2020/380 OF THE EUROPEAN CENTRAL BANK</docType>of 18 February 2020<docPurpose>amending Decision (EU) 2016/245 laying down the rules on procurement (ECB/2020/10)</docPurpose></p></longTitle></preface><preamble><formula name="actingEntity"><p>THE EXECUTIVE BOARD OF THE EUROPEAN CENTRAL BANK,</p></formula><citations><citation><p>Having regard to the Statute of the European System of Central Banks and of the European Central Bank, and in particular Article 11.6 thereof,</p></citation><citation><p>Having regard to Decision ECB/2004/2 of 19 February 2004 adopting the Rules of Procedure of the European Central Bank<authorialNote placement="bottom" marker="1"><p>OJ L 80, 18.3.2004, p. 33.</p></authorialNote>, and in particular Article 19 thereof,</p></citation></citations><recitals xml:id="recs_d274e70"><intro><p>Whereas:</p></intro><recital xml:id="rec_d274e73"><num>(1)</num><p>In the light of developments in European Union case law and legislation as well as for the sake of clarity, certain rules laid down in Decision (EU) 2016/245 of the European Central Bank (ECB/2016/2)<authorialNote placement="bottom" marker="2"><p>Decision (EU) 2016/245 of the European Central Bank of 9 February 2016 laying down the rules on procurement (ECB/2016/2) (OJ L 45, 20.2.2016, p. 15).</p></authorialNote> need to be refined further or revised.</p></recital><recital xml:id="rec_d274e89"><num>(2)</num><p>The European Central Bank (ECB) ensures that appropriate measures are taken to effectively prevent, identify and remedy conflicts of interest of staff members arising in the conduct of procurement procedures in accordance with the Ethics Framework of the ECB<authorialNote placement="bottom" marker="3"><p>OJ C 204, 20.6.2015, p. 3.</p></authorialNote>, so as to avoid any distortion of competition and to ensure equal treatment of all tenderers.</p></recital><recital xml:id="rec_d274e101"><num>(3)</num><p>The thresholds for public tender procedures laid down in Directive 2014/24/EU of the European Parliament and of the Council<authorialNote placement="bottom" marker="4"><p>Directive 2014/24/EU of the European Parliament and of the Council of 26 February 2014 on public procurement and repealing Directive 2004/18/EC (OJ L 94, 28.3.2014, p. 65).</p></authorialNote> have been changed by Commission Delegated Regulation (EU) 2017/2365<authorialNote placement="bottom" marker="5"><p>Commission Delegated Regulation (EU) 2017/2365 of 18 December 2017 amending Directive 2014/24/EU of the European Parliament and of the Council in respect of the application thresholds for the procedures for the award of contracts (OJ L 337, 19.12.2017, p. 19).</p></authorialNote> and Commission Delegated Regulation (EU) 2019/1828<authorialNote placement="bottom" marker="6"><p>Commission Delegated Regulation (EU) 2019/1828 of 30 October 2019 amending Directive 2014/24/EU of the European Parliament and of the Council in respect of the thresholds for public supply, service and works contracts, and design contests (OJ L 279, 31.10.2019, p. 25).</p></authorialNote>. Although Directive 2014/24/EU does not apply to it, the ECB intends to apply the same thresholds for its public tender procedures.</p></recital><recital xml:id="rec_d274e137"><num>(4)</num><p>In addition, the ECB intends to apply the same threshold for concessions as that set out in Directive 2014/23/EU of the European Parliament and of the Council<authorialNote placement="bottom" marker="7"><p>Directive 2014/23/EU of the European Parliament and of the Council of 26 February 2014 on the award of concession contracts (OJ L 94, 28.3.2014, p. 1).</p></authorialNote>.</p></recital><recital xml:id="rec_d274e153"><num>(5)</num><p>Therefore, Decision (EU) 2016/245 (ECB/2016/2) should be amended accordingly,</p></recital></recitals><formula name="enactingFormula"><p>HAS ADOPTED THIS DECISION:</p></formula></preamble><body><article xml:id="art_d274e163" leos:compliant="false"><num>Article 1</num><heading>Amendments</heading><paragraph><subparagraph><content><p>Decision (EU) 2016/245 (ECB/2016/2) is amended as follows:</p></content></subparagraph><list><point><num>(1)</num><alinea><content><p>in Article 1, point (8) is replaced by the following:</p></content></alinea><alinea><content><p><mod><quotedStructure startQuote="" endQuote=""><list><point><num>&apos;(8)</num><content><p>&quot;dynamic purchasing system&quot; means a completely electronic process for purchasing commonly used deliverables, the characteristics of which, as generally available on the market, meet the ECB&apos;s requirements;&apos;;</p></content></point></list></quotedStructure></mod></p></content></alinea></point><point><num>(2)</num><alinea><content><p>in Article 2, paragraph 3 is amended as follows:</p></content></alinea><list><point><num>(a)</num><alinea><content><p>point (h) is replaced by the following:</p></content></alinea><alinea><content><p><mod><quotedStructure startQuote="" endQuote=""><list><point><num>&apos;(h)</num><content><p>research and development services unless the benefits related to the services accrue exclusively to the ECB for its own use and the services provided are wholly remunerated by the ECB;&apos;;</p></content></point></list></quotedStructure></mod></p></content></alinea></point><point><num>(b)</num><alinea><content><p>point (j) is replaced by the following:</p></content></alinea><alinea><content><p><mod><quotedStructure startQuote="" endQuote=""><list><point><num>&apos;(j)</num><content><p>contracts relating to the legal representation of the ECB during or in preparation for (i) judicial proceedings before the courts, tribunals or public authorities of a Members State or a third country or before international courts, tribunals or institutions or (ii) arbitration proceedings; and contracts for the exclusive services of notaries, trustees and court officials;&apos;;</p></content></point></list></quotedStructure></mod></p></content></alinea></point></list></point><point><num>(3)</num><alinea><content><p>in Article 4, paragraph 3 is replaced by the following:</p></content></alinea><alinea><content><p><mod><quotedStructure startQuote="" endQuote=""><paragraph><num>&apos;3.</num><subparagraph><content><p>The following thresholds shall apply:</p></content></subparagraph><list><point><num>(a)</num><content><p>for supply and service contracts: the threshold for public supply and service contracts awarded by contracting authorities set out in point (c) of Article 4 of Directive 2014/24/EU;</p></content></point><point><num>(b)</num><content><p>for works contracts: the threshold for public works contracts set out in point (a) of Article 4 of Directive 2014/24/EU;</p></content></point><point><num>(c)</num><content><p>for concession contracts: the threshold for concession contracts set out in Article 8(1) of Directive 2014/23/EU of the European Parliament and of the Council<authorialNote placement="bottom" marker="8"><p>Directive 2014/23/EU of the European Parliament and of the Council of 26 February 2014 on the award of concession contracts (OJ L 94, 28.3.2014, p. 1).&apos;;</p></authorialNote>.</p></content></point></list></paragraph></quotedStructure></mod></p></content></alinea></point><point><num>(4)</num><alinea><content><p>Article 8 is amended as follows:</p></content></alinea><list><point><num>(a)</num><alinea><content><p>the title is replaced by the following:</p></content></alinea><alinea><content><p><mod><quotedStructure startQuote="" endQuote=""><alinea><content><p>&apos;<b>Amendments to contracts during their term</b>&apos;;</p></content></alinea></quotedStructure></mod></p></content></alinea></point><point><num>(b)</num><alinea><content><p>the first sentence of paragraph 1 is replaced by the following:</p></content></alinea><alinea><content><p><mod><quotedStructure startQuote="" endQuote=""><alinea><content><p>&apos;The ECB may amend a contract where the amendment, irrespective of its value, has been provided for in the initial procurement documents in clear, precise and unequivocal review clauses, which may include price revision clauses, or options.&apos;;</p></content></alinea></quotedStructure></mod></p></content></alinea></point><point><num>(c)</num><alinea><content><p>the first sentence of paragraph 2 is replaced by the following:</p></content></alinea><alinea><content><p><mod><quotedStructure startQuote="" endQuote=""><alinea><content><p>&apos;The ECB may amend a contract where the amendment, irrespective of its value, is not substantial.&apos;;</p></content></alinea></quotedStructure></mod></p></content></alinea></point><point><num>(d)</num><alinea><content><p>paragraph 3 is replaced by the following:</p></content></alinea><alinea><content><p><mod><quotedStructure startQuote="" endQuote=""><paragraph><num>&apos;3.</num><subparagraph><content><p>In addition, the ECB may amend a contract in the following cases:</p></content></subparagraph><list><point><num>(a)</num><content><p>where the need for an amendment has been brought about by circumstances which the ECB acting diligently, could not have foreseen, provided that the amendment does not alter the overall nature of the initial contract; or</p></content></point><point><num>(b)</num><content><p>where additional products, services, or works have become necessary which cannot be technically or economically separated from the initial contract without significant inconvenience or substantial duplication of costs.</p></content></point></list><subparagraph><content><p>However, the increase in price shall in each single case not exceed 50 % of the initial value of the contract.&apos;;</p></content></subparagraph></paragraph></quotedStructure></mod></p></content></alinea></point><point><num>(e)</num><alinea><content><p>paragraph 6 is replaced by the following:</p></content></alinea><alinea><content><p><mod><quotedStructure startQuote="" endQuote=""><paragraph><num>&apos;6.</num><content><p>A new procurement procedure shall be required for amendments to the initial contract during its term other than those provided for under paragraphs 1 to 5.&apos;;</p></content></paragraph></quotedStructure></mod></p></content></alinea></point></list></point><point><num>(5)</num><alinea><content><p>Article 9 is amended as follows:</p></content></alinea><list><point><num>(a)</num><alinea><content><p>paragraph 1 is replaced by the following:</p></content></alinea><alinea><content><p><mod><quotedStructure startQuote="" endQuote=""><paragraph><num>&apos;1.</num><content><p>The ECB shall award contracts of which the estimated value equals or exceeds the thresholds set out in Article 4(3) by open or restricted procedure. In justified cases the ECB may apply a negotiated procedure, a competitive dialogue or an innovation partnership, under the conditions set out in Articles 12 to 14.&apos;;</p></content></paragraph></quotedStructure></mod></p></content></alinea></point><point><num>(b)</num><alinea><content><p>the following paragraphs 6 and 7 are added:</p></content></alinea><alinea><content><p><mod><quotedStructure startQuote="" endQuote=""><paragraph><num>&apos;6.</num><content><p>The ECB may decide to award a contract in the form of separate lots and may determine the size and subject matter of such lots.</p></content></paragraph><paragraph><num>7.</num><content><p>For the calculation of periods, dates and time-limits, Regulation (EEC, Euratom) No 1182/71 of the Council<authorialNote placement="bottom" marker="9"><p>Regulation (EEC, Euratom) No 1182/71 of the Council of 3 June 1971 determining the rules applicable to periods, dates and time limits (OJ L 124, 8.6.1971, p. 1).&apos;;</p></authorialNote> shall apply.</p></content></paragraph></quotedStructure></mod></p></content></alinea></point></list></point><point><num>(6)</num><content><p>in Article 11, paragraph 1 is deleted;</p></content></point><point><num>(7)</num><alinea><content><p>Article 12 is amended as follows:</p></content></alinea><list><point><num>(a)</num><alinea><content><p>paragraph 2 is replaced by the following:</p></content></alinea><alinea><content><p><mod><quotedStructure startQuote="" endQuote=""><paragraph><num>&apos;2.</num><content><p>The ECB may also use the negotiated procedure if only irregular or unacceptable tenders have been obtained in response to an open or restricted procedure or a competitive dialogue. The ECB may refrain from publishing a new contract notice if it includes in the negotiated procedure all of, and only, the tenderers that participated in the initial procedure, were eligible, met the selection criteria and submitted their tenders in accordance with the formal tender requirements. If no tenders or no suitable tenders have been obtained, the ECB may also start a new negotiated procedure without publishing a new notice and without submitting new procurement documents to the tenderers, provided that the initial conditions of the contract are not substantially altered.&apos;;</p></content></paragraph></quotedStructure></mod></p></content></alinea></point><point><num>(b)</num><alinea><content><p>in paragraph 5, the following sentence is added:</p></content></alinea><alinea><content><p><mod><quotedStructure startQuote="" endQuote=""><alinea><content><p>&apos;The ECB may award contracts on the basis of the initial tenders without negotiation.&apos;;</p></content></alinea></quotedStructure></mod></p></content></alinea></point></list></point><point><num>(8)</num><alinea><content><p>in Article 18, paragraph 2 is replaced by the following:</p></content></alinea><alinea><content><p><mod><quotedStructure startQuote="" endQuote=""><paragraph><num>&apos;2.</num><subparagraph><content><p>For the purpose of concluding a framework agreement, the ECB shall follow the procedures set out in Articles 10 to 14. The contract notice shall specify the scope and envisaged number of framework agreements to be awarded.</p></content></subparagraph><subparagraph><content><p>Specific contracts based on the framework agreement shall be awarded in accordance with the procedures laid down in this Article.&apos;;</p></content></subparagraph></paragraph></quotedStructure></mod></p></content></alinea></point><point><num>(9)</num><alinea><content><p>in Article 26, paragraph 4 is replaced by the following:</p></content></alinea><alinea><content><p><mod><quotedStructure startQuote="" endQuote=""><paragraph><num>&apos;4.</num><content><p>The ECB shall ensure that the information provided by candidates and tenderers is treated and stored in accordance with the principles of confidentiality and integrity and, to the extent personal data is processed, with Regulation (EU) 2018/1725 of the European Parliament and of the Council<authorialNote placement="bottom" marker="10"><p>Regulation (EU) 2018/1725 of the European Parliament and of the Council of 23 October 2018 on the protection of natural persons with regard to the processing of personal data by the Union institutions, bodies, offices and agencies and on the free movement of such data, and repealing Regulation (EC) No 45/2001 and Decision No 1247/2002/EC (OJ L 295, 21.11.2018, p. 39).&apos;;</p></authorialNote>.</p></content></paragraph></quotedStructure></mod></p></content></alinea></point><point><num>(10)</num><alinea><content><p>Article 28 is replaced by the following:</p></content></alinea><alinea><content><p><mod><quotedStructure startQuote="" endQuote=""><article xml:id="art_d274e531"><num>&apos;Article 28</num><heading>Rectification of procurement documents and time limit for and preclusion of objections</heading><paragraph><num>1.</num><content><p>If the ECB discovers a lack of precision, an omission or any other type of error in the text of the contract notice, invitation to tender or supporting documents, it shall rectify the error and inform all candidates or tenderers in writing.</p></content></paragraph><paragraph><num>2.</num><content><p>If candidates or tenderers consider that the ECB&apos;s requirements laid down in the contract notice, the invitation to tender or supporting documents are incomplete, inconsistent or illegal or that the ECB or another candidate or tenderer has infringed the applicable procurement rules, they shall notify their objections to the ECB within 15 days after they become aware of such an irregularity. If the irregularity affects the invitation to tender or other documents sent by the ECB, the time limit shall start to run from the date of receipt of the documents. In other cases, the time limit shall start to run from the time the candidates or tenderers become aware or could reasonably have become aware of the irregularity. The ECB may then either correct or supplement the requirements or remedy the irregularity, or reject the request indicating the reasons for doing so. Objections which are not communicated to the ECB within the time limit may not be raised at a later stage, and candidates or tenderers shall be precluded from raising them in an appeal procedure under Article 39 and in proceedings before the Court of Justice of the European Union.&apos;;</p></content></paragraph></article></quotedStructure></mod></p></content></alinea></point><point><num>(11)</num><content><p>in Article 30, paragraph 3, the first sentence is deleted;</p></content></point><point><num>(12)</num><alinea><content><p>Article 34 is amended as follows:</p></content></alinea><list><point><num>(a)</num><alinea><content><p>paragraph 2 is replaced by the following:</p></content></alinea><alinea><content><p><mod><quotedStructure startQuote="" endQuote=""><paragraph><num>&apos;2.</num><content><p>The notification of the award decision shall be sent at least 10 days prior to the signature of the contract by the ECB if the notification is sent by fax or electronic means, or at least 15 days prior to the signature of the contract if other means of communication are used (&quot;standstill period&quot;). The ECB shall not sign the contract with the successful tenderer until this standstill period has elapsed.&apos;;</p></content></paragraph></quotedStructure></mod></p></content></alinea></point><point><num>(b)</num><alinea><content><p>paragraph 3 is replaced by the following</p></content></alinea><alinea><content><p><mod><quotedStructure startQuote="" endQuote=""><paragraph><num>&apos;3.</num><content><p>The ECB shall notify all concerned candidates or concerned tenderers whose applications or tenders are rejected of the reasons for rejecting their application or tender as well as the duration of the standstill period referred to in paragraph 2. The ECB shall notify any unsuccessful tenderer that has made an admissible tender, and who makes a request in writing, of the name of the successful tenderer as well as the characteristics and relative advantages of the successful tender.&apos;;</p></content></paragraph></quotedStructure></mod></p></content></alinea></point></list></point><point><num>(13)</num><alinea><content><p>in Article 35, paragraph 8 is replaced by the following:</p></content></alinea><alinea><content><p><mod><quotedStructure startQuote="" endQuote=""><paragraph><num>&apos;8.</num><content><p>The procurement procedure shall be carried out in accordance with the general principles set out in Article 3. Article 9(6) and (7), Article 13(5) and (6) and Articles 18, 19, 20, 26, 27, 28, 30 and 33 shall apply accordingly.&apos;;</p></content></paragraph></quotedStructure></mod></p></content></alinea></point><point><num>(14)</num><alinea><content><p>in Article 36, paragraph 2 is replaced by the following:</p></content></alinea><alinea><content><p><mod><quotedStructure startQuote="" endQuote=""><paragraph><num>&apos;2.</num><subparagraph><content><p>Tenderers may, within 15 days of receipt of the notification, request the ECB to provide the reasons for rejecting their tender.</p></content></subparagraph><subparagraph><content><p>Notwithstanding paragraph 1 and the first subparagraph of this paragraph, Article 34(1) to (4) shall apply when the ECB awards through the procedure specified in Article 35(4) a service contract referred to in Article 6(2) with a value net of VAT that exceeds or is equal to EUR 750000, provided that there is a clear cross-border interest.&apos;;</p></content></subparagraph></paragraph></quotedStructure></mod></p></content></alinea></point><point><num>(15)</num><alinea><content><p>Article 39 is amended as follows:</p></content></alinea><list><point><num>(a)</num><alinea><content><p>paragraph 1 is replaced by the following:</p></content></alinea><alinea><content><p><mod><quotedStructure startQuote="" endQuote=""><paragraph><num>&apos;1.</num><content><p>In public tender procedures under Chapter II, candidates and tenderers may challenge in writing the ECB&apos;s decision to reject their application or tender within 10 days of receipt of the notification in accordance with Article 34(1) or the first sentence of Article 34(3). The appeal shall include all supporting information and reasoned objections with the exception of any objections which are precluded in accordance with Article 28(2).&apos;;</p></content></paragraph></quotedStructure></mod></p></content></alinea></point><point><num>(b)</num><alinea><content><p>paragraph 3 is replaced by the following:</p></content></alinea><alinea><content><p><mod><quotedStructure startQuote="" endQuote=""><paragraph><num>&apos;3.</num><content><p>The appeal shall have suspensive effect in relation to the award of the contract;&apos;</p></content></paragraph></quotedStructure></mod></p></content></alinea></point><point><num>(c)</num><alinea><content><p>the following paragraph 4 is added:</p></content></alinea><alinea><content><p><mod><quotedStructure startQuote="" endQuote=""><paragraph><num>&apos;4.</num><content><p>If the appeal is rejected, an additional standstill period of at least 10 days prior to the signature of the contract by the ECB if the notification is sent by fax or electronic means, or at least 15 days prior to the signature of the contract if other means of communication are used, shall apply. The PRB shall notify the appellant about the duration of the standstill period.&apos;.</p></content></paragraph></quotedStructure></mod></p></content></alinea></point></list></point></list></paragraph></article><article xml:id="art_d274e693"><num>Article 2</num><heading>Entry into force</heading><paragraph><num>1.</num><content><p>This Decision shall enter into force on 1 May 2020.</p></content></paragraph><paragraph><num>2.</num><content><p>Tender procedures that were started before the entry into force of this Decision shall be completed in accordance with the provisions of Decision (EU) 2016/245 (ECB/2016/2) in force on the date when the tender procedure started. For the purpose of this provision a tender procedure is deemed to be started on the day on which the contract notice was sent to the Official Journal or, in cases where no such notice is required, on the day when the ECB invited one or more suppliers to submit a tender or a proposal.</p></content></paragraph></article></body><conclusions><p>Done at Frankfurt am Main, 18 February 2020.</p><block name="signatory"><signature><organization refersTo="">The President of the ECB</organization><role refersTo="">Christine LAGARDE</role></signature></block></conclusions></bill></akomaNtoso>