<?xml version="1.0" encoding="UTF-8"?><akomaNtoso xmlns="http://docs.oasis-open.org/legaldocml/ns/akn/3.0" xmlns:fmx="http://formex.publications.europa.eu/schema/formex-05.21-20110601.xd" xmlns:leos="urn:eu:europa:ec:leos" xmlns:xs="http://www.w3.org/2001/XMLSchema"><bill name=""><meta xmlns:fn="http://www.w3.org/2005/xpath-functions"><identification source="~COM"><FRBRWork><FRBRthis value=""/><FRBRuri value=""/><FRBRdate date="2999-01-01" name=""/><FRBRauthor href=""/><FRBRcountry value=""/></FRBRWork><FRBRExpression><FRBRthis value=""/><FRBRuri value=""/><FRBRdate date="2999-01-01" name=""/><FRBRauthor href=""/><FRBRlanguage language="eng"/></FRBRExpression><FRBRManifestation><FRBRthis value=""/><FRBRuri value=""/><FRBRdate date="2999-01-01" name=""/><FRBRauthor href=""/></FRBRManifestation></identification></meta><preface><longTitle><p><docStage/><docType>COMMISSION IMPLEMENTING REGULATION (EU) 2020/239</docType>of 20 February 2020<docPurpose>amending Implementing Regulation (EU) No 901/2014 with regard to the adaptation of the templates for type-approval procedures for two- or three-wheel vehicles and quadricycles to the environmental steps Euro 5 and Euro 5+ requirements</docPurpose></p></longTitle><container name="EEArelevance"><p>(Text with EEA relevance)</p></container></preface><preamble><formula name="actingEntity"><p>THE EUROPEAN COMMISSION,</p></formula><citations><citation><p>Having regard to the Treaty on the Functioning of the European Union,</p></citation><citation><p>Having regard Regulation (EU) No 168/2013 of the European Parliament and of the Council of 15 January 2013 on the approval and market surveillance of two- or three-wheel vehicles and quadricycles<authorialNote placement="bottom" marker="1"><p>OJ L 60, 2.3.2013, p. 52.</p></authorialNote>, and in particular Article 27(4), Article 29(4), Article 32(1) and Article 38(2) thereof,</p></citation></citations><recitals xml:id="recs_d197e71"><intro><p>Whereas:</p></intro><recital xml:id="rec_d197e74"><num>(1)</num><p>Pursuant to the requirements introduced by Regulation (EU) 2019/129 of the European Parliament and of the Council<authorialNote placement="bottom" marker="2"><p>Regulation (EU) 2019/129 of the European Parliament and of the Council of 16 January 2019 amending Regulation (EU) No 168/2013 as regards the application of the Euro 5 step to the type-approval of two- or three-wheel vehicles and quadricycles (OJ L 30, 31.1.2019, p. 106).</p></authorialNote> as regards the application of the environmental step Euro 5 for L-category vehicles, certain sub-categories of vehicles will have to comply with additional technical requirements as from certain dates. Other sub-categories are exempted or are required to comply with certain requirements later than originally set out in Regulation (EU) No 168/2013.</p></recital><recital xml:id="rec_d197e90"><num>(2)</num><p>The administrative type-approval templates laid down in Commission Implementing Regulation (EU) No 901/2014<authorialNote placement="bottom" marker="3"><p>Commission Implementing Regulation (EU) No 901/2014 of 18 July 2014 implementing Regulation (EU) No 168/2013 of the European Parliament and of the Council with regard to the administrative requirements for the approval and market surveillance of two- or three-wheel vehicles and quadricycles (OJ L 249, 22.8.2014, p. 1).</p></authorialNote> should be adapted in light of the amendments provided for in Regulation (EU) 2019/129 to facilitate the type-approval process and to enable national authorities to verify compliance with the requirements of environmental steps Euro 5 and Euro 5+ applicable at a given date.</p></recital><recital xml:id="rec_d197e106"><num>(3)</num><p>Implementing Regulation (EU) No 901/2014 should therefore be amended accordingly.</p></recital><recital xml:id="rec_d197e112"><num>(4)</num><p>The measures provided for in this Regulation are in accordance with the opinion of the Technical Committee &#45; Motor Vehicles,</p></recital></recitals><formula name="enactingFormula"><p>HAS ADOPTED THIS REGULATION:</p></formula></preamble><body><article xml:id="art_d197e121" leos:compliant="false"><num>Article 1</num><heading/><paragraph><subparagraph><content><p>Regulation (EU) No 901/2014 is amended as follows:</p></content></subparagraph><list><point><num>(1)</num><alinea><content><p>the following Article 12a is inserted:</p></content></alinea><alinea><content><p><mod><quotedStructure startQuote="" endQuote=""><article xml:id="art_d197e136"><num>&apos;Article 12a</num><heading>Transitional provisions</heading><paragraph><num>1.</num><content><p>Until 30 June 2020, national authorities shall continue to grant type-approvals to vehicle types in accordance with this Regulation in its version applicable on 11 March 2020.</p></content></paragraph><paragraph><num>2.</num><content><p>Until 31 December 2020, the Member States shall permit the placing on the market, registration and entry into service of vehicles based on a vehicle type approved in accordance with this Regulation in its version applicable on 11 March 2020.&apos;;</p></content></paragraph></article></quotedStructure></mod></p></content></alinea></point><point><num>(2)</num><content><p>Annexes I, IV, VII and VIII are amended in accordance with the Annex to this Regulation.</p></content></point></list></paragraph></article><article xml:id="art_d197e173"><num>Article 2</num><heading/><paragraph><content><p>This Regulation shall enter into force on the twentieth day following that of its publication in the <i>Official Journal of the European Union</i>.</p></content></paragraph></article><clause><content><p>This Regulation shall be binding in its entirety and directly applicable in all Member States.</p></content></clause></body><conclusions><p>Done at Brussels, 20 February 2020.</p><block name="signatory"><signature><organization refersTo="">For the Commission</organization><role refersTo="">The President</role><person refersTo="">Ursula VON DER LEYEN</person></signature></block></conclusions></bill></akomaNtoso>