<?xml version="1.0" encoding="UTF-8"?><akomaNtoso xmlns="http://docs.oasis-open.org/legaldocml/ns/akn/3.0" xmlns:fmx="http://formex.publications.europa.eu/schema/formex-05.21-20110601.xd" xmlns:leos="urn:eu:europa:ec:leos" xmlns:xs="http://www.w3.org/2001/XMLSchema"><bill name=""><meta xmlns:fn="http://www.w3.org/2005/xpath-functions"><identification source="~COM"><FRBRWork><FRBRthis value=""/><FRBRuri value=""/><FRBRdate date="2999-01-01" name=""/><FRBRauthor href=""/><FRBRcountry value=""/></FRBRWork><FRBRExpression><FRBRthis value=""/><FRBRuri value=""/><FRBRdate date="2999-01-01" name=""/><FRBRauthor href=""/><FRBRlanguage language="eng"/></FRBRExpression><FRBRManifestation><FRBRthis value=""/><FRBRuri value=""/><FRBRdate date="2999-01-01" name=""/><FRBRauthor href=""/></FRBRManifestation></identification></meta><preface><longTitle><p><docStage/><docType>REGULATION (EU) 2020/461 OF THE EUROPEAN PARLIAMENT AND OF THE COUNCIL</docType>of 30 March 2020<docPurpose>amending Council Regulation (EC) No 2012/2002 in order to provide financial assistance to Member States and to countries negotiating their accession to the Union that are seriously affected by a major public health emergency</docPurpose></p></longTitle></preface><preamble><formula name="actingEntity"><p>THE EUROPEAN PARLIAMENT AND THE COUNCIL OF THE EUROPEAN UNION,</p></formula><citations><citation><p>Having regard to the Treaty on the Functioning of the European Union, and in particular the third paragraph of Article 175 and Article 212(2) thereof,</p></citation><citation><p>Having regard to the proposal from the European Commission,</p></citation><citation><p>After transmission of the draft legislative act to the national parliaments,</p></citation><citation><p>After consulting the European Economic and Social Committee,</p></citation><citation><p>After consulting the Committee of the Regions,</p></citation><citation><p>Acting in accordance with the ordinary legislative procedure<authorialNote placement="bottom" marker="1"><p>Position of the European Parliament of 26 March 2020 (not yet published in the Official Journal) and decision of the Council of 30 March 2020.</p></authorialNote>,</p></citation></citations><recitals xml:id="recs_d209e79"><intro><p>Whereas:</p></intro><recital xml:id="rec_d209e82"><num>(1)</num><p>The European Union Solidarity Fund (&apos;the Fund&apos;) was established by Council Regulation (EC) No 2012/2002<authorialNote placement="bottom" marker="2"><p>Council Regulation (EC) No 2012/2002 of 11 November 2002 establishing the European Union Solidarity Fund (OJ L 311, 14.11.2002, p. 3).</p></authorialNote>. The Fund was created to provide financial assistance to Member States following major disasters as a concrete sign of European solidarity in situations of distress.</p></recital><recital xml:id="rec_d209e102"><num>(2)</num><p>In the event of major public health emergencies, the Union should show its solidarity with Member States and the population concerned by providing financial assistance to help the population affected, to contribute to a rapid return to normal living conditions in the affected regions and to contain the spreading of infectious diseases.</p></recital><recital xml:id="rec_d209e108"><num>(3)</num><p>The Union should also show solidarity in the event of major public health emergencies with the countries negotiating their accession to the Union.</p></recital><recital xml:id="rec_d209e114"><num>(4)</num><p>A major crisis situation may result from public health emergencies, in particular an officially declared virus pandemic. The Fund enables the Union to help in mobilising emergency services to meet people&apos;s immediate needs and to contribute to the short-term restoration of damaged key infrastructure so that economic activity can resume in the disaster-stricken regions. That Fund is currently limited, however, to natural disasters causing physical damage and does not include major disasters due to biological hazards. Provision should be made to allow the Union to intervene in the event of major public health emergencies.</p></recital><recital xml:id="rec_d209e120"><num>(5)</num><p>The objective of the action to be taken is to complement the efforts of the States concerned in such cases where the effects of a crisis situation are of such gravity that those States cannot tackle the situation by their own means alone. Since that objective cannot be sufficiently achieved by the Member States but can rather, by reason of the scale and effects of the action, be better achieved at Union level, the Union may adopt measures, in accordance with the principle of subsidiarity as set out in Article 5 of the Treaty on European Union (&apos;TEU&apos;). In accordance with the principle of proportionality, as set out in that Article, this Regulation does not go beyond what is necessary in order to achieve that objective.</p></recital><recital xml:id="rec_d209e130"><num>(6)</num><p>In line with the principle of subsidiarity, action under this Regulation should be confined to major public health emergencies. Those emergencies should be defined depending on the basis of the public expenditure necessary to address them.</p></recital><recital xml:id="rec_d209e137"><num>(7)</num><p>Union assistance should be complementary to the efforts of the States concerned and be used to cover a share of the public expenditure committed to dealing with the most essential emergency operations resulting from the emergency situation.</p></recital><recital xml:id="rec_d209e143"><num>(8)</num><p>In line with the principle of subsidiarity, Union assistance should only be awarded upon application by the affected State. The Commission should ensure equitable treatment of requests presented by the States.</p></recital><recital xml:id="rec_d209e149"><num>(9)</num><p>The Commission should be able to take a rapid decision to commit specific financial resources and to mobilise them as quickly as possible. The existing provisions for making advance payments should therefore be strengthened by increasing their amounts.</p></recital><recital xml:id="rec_d209e156"><num>(10)</num><p>This Regulation should enter into force as a matter of urgency on the day following that of its publication in the <i>Official Journal of the European Union</i>.</p></recital><recital xml:id="rec_d209e165"><num>(11)</num><p>In view of the COVID-19 outbreak and the urgency to address the associated public health crisis, it was considered to be appropriate to provide for an exception to the eight-week period referred to in Article 4 of Protocol No 1 on the role of national Parliaments in the European Union, annexed to the TEU, to the Treaty on the Functioning of the European Union and to the Treaty establishing the European Atomic Energy Community.</p></recital><recital xml:id="rec_d209e171"><num>(12)</num><p>Regulation (EC) No 2012/2002 should therefore be amended accordingly,</p></recital></recitals><formula name="enactingFormula"><p>HAVE ADOPTED THIS REGULATION:</p></formula></preamble><body><article xml:id="art_d209e180" leos:compliant="false"><num>Article 1</num><heading/><paragraph><subparagraph><content><p>Regulation (EC) No 2012/2002 is amended as follows:</p></content></subparagraph><list><point><num>(1)</num><alinea><content><p>Article 2 is replaced by the following:</p></content></alinea><alinea><content><p><mod><quotedStructure startQuote="" endQuote=""><article xml:id="art_d209e195"><num>&apos;Article 2</num><heading/><paragraph><num>1.</num><subparagraph><content><p>At the request of a Member State or of a country involved in accession negotiations with the Union, hereinafter referred to as &quot;eligible State&quot;, assistance from the Fund may be mobilised when serious repercussions on living conditions, human health, the natural environment or the economy occur in one or more regions of that eligible State as a consequence of:</p></content></subparagraph><list><point><num>(a)</num><content><p>a major or regional natural disaster having taken place on the territory of the same eligible State or of a neighbouring eligible State; or</p></content></point><point><num>(b)</num><content><p>a major public health emergency having taken place on the territory of the same eligible State.</p></content></point></list><subparagraph><content><p>Direct damage caused as the direct consequence of a natural disaster shall be regarded as part of the damage caused by that natural disaster.</p></content></subparagraph></paragraph><paragraph><num>2.</num><content><p>For the purposes of this Regulation, a &quot;major natural disaster&quot; means any natural disaster resulting, in an eligible State, in direct damage estimated either at over EUR 3000000000 in 2011 prices, or more than 0,6 % of its GNI.</p></content></paragraph><paragraph><num>2a.</num><content><p>For the purposes of this Regulation, a &quot;major public health emergency&quot; means any life-threatening or otherwise serious hazard to health of biological origin in an eligible State seriously affecting human health and requiring decisive action to contain further spreading, resulting in a public financial burden inflicted on the eligible State for emergency response measures estimated at over EUR 1500000000 in 2011 prices, or more than 0,3 % of its GNI.</p></content></paragraph><paragraph><num>3.</num><subparagraph><content><p>For the purposes of this Regulation, a &quot;regional natural disaster&quot; means any natural disaster resulting, in a region at NUTS level 2 of an eligible State, in direct damage in excess of 1,5 % of that region&apos;s gross domestic product (GDP).</p></content></subparagraph><subparagraph><content><p>By way of derogation from the first subparagraph, where the region concerned, in which a natural disaster has occurred, is an outermost region within the meaning of Article 349 of the Treaty on the Functioning of the European Union, &quot;regional natural disaster&quot; means any natural disaster resulting in direct damage in excess of 1 % of that region&apos;s GDP.</p></content></subparagraph><subparagraph><content><p>Where the natural disaster concerns several regions at NUTS level 2, the threshold shall be applied to the average GDP of those regions weighted according to the share of total damage in each region.</p></content></subparagraph></paragraph><paragraph><num>4.</num><content><p>Assistance from the Fund may also be mobilised for any natural disaster in an eligible State which is also a major natural disaster in a neighbouring eligible State.</p></content></paragraph><paragraph><num>5.</num><content><p>For the purpose of this Article, harmonised statistical data provided by Eurostat shall be used.&apos;;</p></content></paragraph></article></quotedStructure></mod></p></content></alinea></point><point><num>(2)</num><alinea><content><p>in Article 3, paragraphs 1 and 2 are replaced by the following:</p></content></alinea><alinea><content><p><mod><quotedStructure startQuote="" endQuote=""><paragraph><num>&apos;1.</num><content><p>The assistance shall take the form of a financial contribution from the Fund. For each eligible disaster or emergency, a single financial contribution shall be awarded to an eligible State.</p></content></paragraph><paragraph><num>2.</num><subparagraph><content><p>The aim of the Fund is to complement the efforts of the States concerned and to cover part of their public expenditure in order to help the eligible State to carry out, depending on the type of eligible disaster or emergency, the following essential emergency and recovery operations:</p></content></subparagraph><list><point><num>(a)</num><content><p>restoring the working order of infrastructure and plant in the fields of energy, water and waste water, telecommunications, transport, health and education;</p></content></point><point><num>(b)</num><content><p>providing temporary accommodation and funding rescue services to meet the needs of the population concerned;</p></content></point><point><num>(c)</num><content><p>securing preventive infrastructure and measures of protection of cultural heritage;</p></content></point><point><num>(d)</num><content><p>cleaning up disaster-stricken areas, including natural zones, in line with, where appropriate, eco-system based approaches, as well as immediate restoration of affected natural zones to avoid immediate effects from soil erosion;</p></content></point><point><num>(e)</num><content><p>measures aiming at rapidly providing assistance, including medical, to the population affected by a major public health emergency and to protect the population from the risk of being affected, including prevention, monitoring or control of the spread of diseases, combating severe risks to public health or mitigating their impact on public health.</p></content></point></list><subparagraph><content><p>For the purposes of point (a) of the first subparagraph, &quot;restoring the working order&quot; means restoring infrastructure and plant to their condition prior to the occurrence of the natural disaster. Where it is not legally possible or economically justified to restore the condition prior to the occurrence of the natural disaster, or where the beneficiary State decides to relocate or improve the functionality of the infrastructure or plant affected in order to improve its capacity to withstand future natural disasters, the Fund may contribute to the cost of restoration only up to the estimated cost of returning to its status quo ante.</p></content></subparagraph><subparagraph><content><p>Costs in excess of the level of cost referred to in the second subparagraph shall be financed by the beneficiary State from its own or, where possible, from other Union funds.</p></content></subparagraph><subparagraph><content><p>For the purposes of point (b) of the first subparagraph, &quot;temporary accommodation&quot; means accommodation that lasts until the population concerned is able to return to their original homes following their repair or reconstruction.&apos;;</p></content></subparagraph></paragraph></quotedStructure></mod></p></content></alinea></point><point><num>(3)</num><alinea><content><p>in Article 4a, paragraph 2 is replaced by the following:</p></content></alinea><alinea><content><p><mod><quotedStructure startQuote="" endQuote=""><paragraph><num>&apos;2.</num><content><p>The amount of the advance shall not exceed 25 % of the amount of the financial contribution anticipated and shall in no case exceed EUR 100000000. Once the definitive amount of the financial contribution has been determined, the Commission shall take into account the sum of the advance prior to the balance of the financial contribution being paid. The Commission shall recover unduly paid advances.&apos;;</p></content></paragraph></quotedStructure></mod></p></content></alinea></point><point><num>(4)</num><alinea><content><p>in Article 8, paragraph 3 is replaced by the following:</p></content></alinea><alinea><content><p><mod><quotedStructure startQuote="" endQuote=""><paragraph><num>&apos;3.</num><subparagraph><content><p>No later than six months after the expiry of the 18-month period referred to in paragraph 1, the beneficiary State shall present a report on the implementation of the financial contribution from the Fund with a statement justifying the expenditure, indicating any other source of funding received for the operations concerned, including insurance settlements and compensation from third parties.</p></content></subparagraph><subparagraph><content><p>The implementation report shall set out, depending on the nature of the eligible disaster or emergency:</p></content></subparagraph><list><point><num>(a)</num><content><p>the preventive measures taken or proposed by the beneficiary State to limit future damage and to avoid, to the extent possible, a recurrence of similar natural disasters or public health emergencies, including the use of European Structural and Investment Funds for this purpose;</p></content></point><point><num>(b)</num><content><p>the state of implementation of relevant Union legislation on disaster risk prevention and management;</p></content></point><point><num>(c)</num><content><p>the experience gained from the disaster or emergency and the measures taken or proposed to ensure environmental protection and resilience in relation to climate change, natural disasters and public health emergencies; and</p></content></point><point><num>(d)</num><content><p>any other relevant information on prevention and mitigation measures taken related to the nature of the natural disaster or public health emergency.</p></content></point></list><subparagraph><content><p>The implementation report shall be accompanied by an opinion of an independent audit body, drawn up in accordance with internationally accepted audit standards, establishing whether the statement justifying the expenditure gives a true and fair view and whether the financial contribution from the Fund is legal and regular, in line with Articles 59(5) and 60(5) of Regulation (EU, Euratom) No 966/2012.</p></content></subparagraph><subparagraph><content><p>At the end of the procedure referred to in the first subparagraph, the Commission shall carry out a closure of the assistance from the Fund.&apos;.</p></content></subparagraph></paragraph></quotedStructure></mod></p></content></alinea></point></list></paragraph></article><article xml:id="art_d209e413"><num>Article 2</num><heading/><paragraph><content><p>This Regulation shall enter into force on the day following that of its publication in the <i>Official Journal of the European Union</i>.</p></content></paragraph></article><clause><content><p>This Regulation shall be binding in its entirety and directly applicable in all Member States.</p></content></clause></body><conclusions><p>Done at Brussels, 30 March 2020.</p><block name="signatory"><signature><organization refersTo="">For the European Parliament</organization><role refersTo="">The President</role><person refersTo="">D. M. SASSOLI</person></signature><signature><organization refersTo="">For the Council</organization><role refersTo="">The President</role><person refersTo="">G. GRLIĆ RADMAN</person></signature></block></conclusions></bill></akomaNtoso>