<?xml version="1.0" encoding="UTF-8"?><akomaNtoso xmlns="http://docs.oasis-open.org/legaldocml/ns/akn/3.0" xmlns:fmx="http://formex.publications.europa.eu/schema/formex-05.21-20110601.xd" xmlns:leos="urn:eu:europa:ec:leos" xmlns:xs="http://www.w3.org/2001/XMLSchema"><bill name=""><meta xmlns:fn="http://www.w3.org/2005/xpath-functions"><identification source="~COM"><FRBRWork><FRBRthis value=""/><FRBRuri value=""/><FRBRdate date="2999-01-01" name=""/><FRBRauthor href=""/><FRBRcountry value=""/></FRBRWork><FRBRExpression><FRBRthis value=""/><FRBRuri value=""/><FRBRdate date="2999-01-01" name=""/><FRBRauthor href=""/><FRBRlanguage language="eng"/></FRBRExpression><FRBRManifestation><FRBRthis value=""/><FRBRuri value=""/><FRBRdate date="2999-01-01" name=""/><FRBRauthor href=""/></FRBRManifestation></identification></meta><preface><longTitle><p><docStage/><docType>COMMISSION IMPLEMENTING REGULATION (EU) 2020/149</docType>of 4 February 2020<docPurpose>concerning the renewal of the authorisation of Saccharomyces cerevisiae CNCM I-1077 as a feed additive for lambs and horses and repealing Regulations (EC) No 1293/2008 and (EC) No 910/2009 (holder of authorisation Danstar Ferment AG represented in the Union by Lallemand SAS)</docPurpose></p></longTitle><container name="EEArelevance"><p>(Text with EEA relevance)</p></container></preface><preamble><formula name="actingEntity"><p>THE EUROPEAN COMMISSION,</p></formula><citations><citation><p>Having regard to the Treaty on the Functioning of the European Union,</p></citation><citation><p>Having regard to Regulation (EC) No 1831/2003 of the European Parliament and of the Council of 22 September 2003 on additives for use in animal nutrition<authorialNote placement="bottom" marker="1"><p>OJ L 268, 18.10.2003, p. 29.</p></authorialNote>, and in particular Article 9(2) thereof,</p></citation></citations><recitals xml:id="recs_d144e74"><intro><p>Whereas:</p></intro><recital xml:id="rec_d144e77"><num>(1)</num><p>Regulation (EC) No 1831/2003 provides for the authorisation of additives for use in animal nutrition and for the grounds and procedures for granting and renewing such authorisation.</p></recital><recital xml:id="rec_d144e83"><num>(2)</num><p><i>Saccharomyces cerevisiae</i> CNCM I-1077 was authorised for 10 years as a feed additive for lambs by Commission Regulation (EC) No 1293/2008<authorialNote placement="bottom" marker="2"><p>Commission Regulation (EC) No 1293/2008 of 18 December 2008 concerning the authorisation of a new use of <i>Saccharomyces cerevisiae</i> CNCM I-1077 (Levucell SC20 and Levucell SC10 ME) as a feed additive (OJ L 340, 19.12.2008, p. 38).</p></authorialNote> and as a feed additive for horses by Commission Regulation (EC) No 910/2009<authorialNote placement="bottom" marker="3"><p>Commission Regulation (EC) No 910/2009 of 29 September 2009 concerning the authorisation of a new use of the preparation of <i>Saccharomyces cerevisiae</i> CNCM I-1077 as a feed additive for horses (holder of authorisation Danstar Ferment AG represented in the Union by Lallemand SAS) (OJ L 257, 30.9.2009, p. 7).</p></authorialNote>.</p></recital><recital xml:id="rec_d144e117"><num>(3)</num><p>An application was submitted by the holder of that authorisation for the renewal of the authorisation of <i>Saccharomyces cerevisiae</i> CNCM I-1077 as a feed additive for lambs and horses, requesting that additive to be classified in the additive category &apos;zootechnical additives&apos;. That application was accompanied by the particulars and documents required under Article 14(2) of Regulation (EC) No 1831/2003.</p></recital><recital xml:id="rec_d144e130"><num>(4)</num><p>The European Food Safety Authority (&apos;the Authority&apos;) concluded in its opinion of 26 February 2019<authorialNote placement="bottom" marker="4"><p><i>EFSA Journal</i> 2019;17(3):5639.</p></authorialNote> that the applicant has provided data demonstrating that the additive complies with the conditions for authorisation. The Authority concluded that <i>Saccharomyces cerevisiae</i> CNCM I-1077 remains safe under the authorised conditions of use for the target animals, consumers, users and the environment. The Authority also concluded that the additive is considered an eyes irritant. Therefore, the Commission considers that appropriate protective measures should be taken to prevent adverse effects on human health, in particular as regards the users of the additive.</p></recital><recital xml:id="rec_d144e151"><num>(5)</num><p>The assessment of <i>Saccharomyces cerevisiae</i> CNCM I-1077 shows that the conditions for authorisation, as provided for in Article 5 of Regulation (EC) No 1831/2003, are satisfied. Accordingly, the authorisation of that additive should be renewed as specified in the Annex to this Regulation.</p></recital><recital xml:id="rec_d144e160"><num>(6)</num><p>As a consequence of the renewal of the authorisation of <i>Saccharomyces cerevisiae</i> CNCM I-1077 as a feed additive under the conditions laid down in the Annex to this Regulation, Regulations (EC) No 1293/2008 and (EC) No 910/2009 should be repealed.</p></recital><recital xml:id="rec_d144e169"><num>(7)</num><p>Since safety reasons do not require the immediate application of the amendments made by this Regulation, it is appropriate to provide for a transitional period during which the existing stocks of the preparation of <i>Saccharomyces cerevisiae</i> CNCM I-1077, which are in conformity with the provisions applying before the date of entry into force of this Regulation, may continue to be placed on the market and used until they are exhausted.</p></recital><recital xml:id="rec_d144e178"><num>(8)</num><p>The measures provided for in this Regulation are in accordance with the opinion of the Standing Committee on Plants, Animals, Food and Feed,</p></recital></recitals><formula name="enactingFormula"><p>HAS ADOPTED THIS REGULATION:</p></formula></preamble><body><article xml:id="art_d144e188"><num>Article 1</num><heading/><paragraph><content><p>The authorisation of the additive specified in the Annex, belonging to the additive category &apos;zootechnical additives&apos; and to the functional groups &apos;gut flora stabilisers&apos; for lambs and &apos;digestibility enhancers&apos; for horses, is renewed subject to the conditions laid down in that Annex.</p></content></paragraph></article><article xml:id="art_d144e206"><num>Article 2</num><heading/><paragraph><content><p>Regulations (EC) No 1293/2008 and (EC) No 910/2009 are repealed.</p></content></paragraph></article><article xml:id="art_d144e211"><num>Article 3</num><heading/><paragraph><content><p><i>Saccharomyces cerevisiae</i> CNCM I-1077, as set out in Regulation (EC) No 910/2009, premixtures and compound feed containing that substance, which are produced and labelled before 25 February 2020 in accordance with the rules applicable before 25 February 2020 may continue to be placed on the market and used until the existing stock are exhausted.</p></content></paragraph></article><article xml:id="art_d144e224"><num>Article 4</num><heading/><paragraph><content><p>This Regulation shall enter into force on the twentieth day following that of its publication in the <i>Official Journal of the European Union.</i></p></content></paragraph></article><clause><content><p>This Regulation shall be binding in its entirety and directly applicable in all Member States.</p></content></clause></body><conclusions><p>Done at Brussels, 4 February 2020.</p><block name="signatory"><signature><organization refersTo="">For the Commission</organization><role refersTo="">The President</role><person refersTo="">Ursula VON DER LEYEN</person></signature></block></conclusions></bill></akomaNtoso>