<?xml version="1.0" encoding="UTF-8"?><akomaNtoso xmlns="http://docs.oasis-open.org/legaldocml/ns/akn/3.0" xmlns:fmx="http://formex.publications.europa.eu/schema/formex-05.21-20110601.xd" xmlns:leos="urn:eu:europa:ec:leos" xmlns:xs="http://www.w3.org/2001/XMLSchema"><bill name=""><meta xmlns:fn="http://www.w3.org/2005/xpath-functions"><identification source="~COM"><FRBRWork><FRBRthis value=""/><FRBRuri value=""/><FRBRdate date="2999-01-01" name=""/><FRBRauthor href=""/><FRBRcountry value=""/></FRBRWork><FRBRExpression><FRBRthis value=""/><FRBRuri value=""/><FRBRdate date="2999-01-01" name=""/><FRBRauthor href=""/><FRBRlanguage language="eng"/></FRBRExpression><FRBRManifestation><FRBRthis value=""/><FRBRuri value=""/><FRBRdate date="2999-01-01" name=""/><FRBRauthor href=""/></FRBRManifestation></identification></meta><preface><longTitle><p><docStage/><docType>COUNCIL DECISION (EU) 2020/430</docType>of 23 March 2020<docPurpose>on a temporary derogation from the Council&apos;s Rules of Procedure in view of the travel difficulties caused by the COVID-19 pandemic in the Union</docPurpose></p></longTitle></preface><preamble><formula name="actingEntity"><p>THE COUNCIL OF THE EUROPEAN UNION,</p></formula><citations><citation><p>Having regard to the Treaty on the Functioning of the European Union, and in particular Article 240(3) thereof,</p></citation></citations><recitals xml:id="recs_d221e57"><intro><p>Whereas:</p></intro><recital xml:id="rec_d221e60"><num>(1)</num><p>Since the outbreak of the epidemiological crisis caused by the coronavirus SARS-CoV-2, the disease associated with it, COVID-19, has been spreading fast across the world, reaching also the Union&apos;s territory. Due to the rapid increase in the number of cases, on 11 March 2020 the Director-General of the World Health Organization (WHO) characterised COVID-19 as a pandemic. On 12 March 2020, in view of the rapid escalation in the WHO European Region, with more than 20000 confirmed cases and almost 1000 deaths, the WHO Regional Director for Europe indicated that Europe had become the epicentre of this pandemic.</p></recital><recital xml:id="rec_d221e78"><num>(2)</num><p>As a consequence, Member States have taken a number of extraordinary preventive and containment measures such as quarantine, closures of non-essential shops, schools and universities, implementation of remote working policies as well as movement and travel restrictions or bans. Those measures make it impossible or very difficult for certain Council members to travel with a view to being physically present at Council meetings held at the Council&apos;s seat. This in turn makes it difficult to reach the quorum required by Article 11(4) of the Council&apos;s Rules of Procedure<authorialNote placement="bottom" marker="1"><p>Council Decision 2009/937/EU of 1 December 2009 adopting the Council&apos;s Rules of Procedure (OJ L 325, 11.12.2009, p. 35).</p></authorialNote>, and consequently makes it difficult for the Council to hold formal meetings.</p></recital><recital xml:id="rec_d221e94"><num>(3)</num><p>In view of these exceptional circumstances, and with a view to ensuring institutional continuity in the decision-making of the Council, it is necessary to temporarily derogate from the first subparagraph of Article 12(1) of the Council&apos;s Rules of Procedure as regards decisions to use the ordinary written procedure. During the period of application of this Decision, and only during this period, a decision to use the ordinary written procedure that is taken by the Committee of the Permanent Representatives of the Governments of the Member States (Coreper) should be taken in accordance with the voting rule applicable for the adoption of the Council act concerned. This derogation should apply for a duration of one month, renewable.</p></recital><recital xml:id="rec_d221e100"><num>(4)</num><p>The use of the ordinary written procedure as an alternative to the adoption of Council acts at meetings of the Council should be preceded by a thorough preparation in Coreper, and the Council act concerned should, where possible and relevant, be subject to prior political discussion by ministers, for example by informal videoconference, in order to ensure to the maximum extent possible, among others, national coordination, public transparency, and the involvement of national parliaments in accordance with the practices of Member States,</p></recital></recitals><formula name="enactingFormula"><p>HAS ADOPTED THIS DECISION:</p></formula></preamble><body><article xml:id="art_d221e110"><num>Article 1</num><heading/><paragraph><content><p>By derogation from the first subparagraph of Article 12(1) of the Council&apos;s Rules of Procedure, a decision to use the ordinary written procedure, where that decision is taken by Coreper, shall be taken in accordance with the voting rule applicable for the adoption of the Council act concerned.</p></content></paragraph></article><article xml:id="art_d221e115"><num>Article 2</num><heading/><paragraph><content><p>This Decision shall apply for a period of one month from the date of its adoption.</p></content></paragraph><paragraph><content><p>If justified by continued exceptional circumstances, the Council may renew this Decision.</p></content></paragraph></article><article xml:id="art_d221e122"><num>Article 3</num><heading/><paragraph><content><p>This Decision shall take effect on the date of its adoption.</p></content></paragraph><paragraph><content><p>It shall be published in the <i>Official Journal of the European Union</i>.</p></content></paragraph></article></body><conclusions><p>Done at Brussels, 23 March 2020.</p><block name="signatory"><signature><organization refersTo="">For the Council</organization><role refersTo="">The President</role><person refersTo="">A. METELKO-ZGOMBIĆ</person></signature></block></conclusions></bill></akomaNtoso>