<?xml version="1.0" encoding="UTF-8"?><akomaNtoso xmlns="http://docs.oasis-open.org/legaldocml/ns/akn/3.0" xmlns:fmx="http://formex.publications.europa.eu/schema/formex-05.21-20110601.xd" xmlns:leos="urn:eu:europa:ec:leos" xmlns:xs="http://www.w3.org/2001/XMLSchema"><bill name=""><meta xmlns:fn="http://www.w3.org/2005/xpath-functions"><identification source="~COM"><FRBRWork><FRBRthis value=""/><FRBRuri value=""/><FRBRdate date="2999-01-01" name=""/><FRBRauthor href=""/><FRBRcountry value=""/></FRBRWork><FRBRExpression><FRBRthis value=""/><FRBRuri value=""/><FRBRdate date="2999-01-01" name=""/><FRBRauthor href=""/><FRBRlanguage language="eng"/></FRBRExpression><FRBRManifestation><FRBRthis value=""/><FRBRuri value=""/><FRBRdate date="2999-01-01" name=""/><FRBRauthor href=""/></FRBRManifestation></identification></meta><preface><longTitle><p><docStage/><docType>DECISION (EU) 2020/407 OF THE EUROPEAN CENTRAL BANK</docType>of 16 March 2020<docPurpose>amending Decision (EU) 2019/1311 on a third series of targeted longer-term refinancing operations (ECB/2020/13)</docPurpose></p></longTitle></preface><preamble><formula name="actingEntity"><p>THE GOVERNING COUNCIL OF THE EUROPEAN CENTRAL BANK,</p></formula><citations><citation><p>Having regard to the Treaty on the Functioning of the European Union, and in particular the first indent of Article 127(2) thereof,</p></citation><citation><p>Having regard to the Statute of the European System of Central Banks and of the European Central Bank, and in particular the first indent of Article 3.1, Article 12.1, the second indent of Article 18.1 and the second indent of Article 34.1 thereof,</p></citation><citation><p>Having regard to Guideline (EU) 2015/510 of the European Central Bank of 19 December 2014 on the implementation of the Eurosystem monetary policy framework (General Documentation Guideline) (ECB/2014/60)<authorialNote placement="bottom" marker="1"><p>OJ L 91, 2.4.2015, p. 3.</p></authorialNote>,</p></citation></citations><recitals xml:id="recs_d158e77"><intro><p>Whereas:</p></intro><recital xml:id="rec_d158e80"><num>(1)</num><p>Pursuant to Article 1(4) of Guideline (EU) 2015/510 (ECB/2014/60), the Governing Council may, at any time, change the tools, instruments, requirements, criteria and procedures for the implementation of Eurosystem monetary policy operations.</p></recital><recital xml:id="rec_d158e86"><num>(2)</num><p>On 22 July 2019, in pursuing its price stability mandate and to preserve favourable bank lending conditions and support the accommodative stance of monetary policy in Member States whose currency is the euro, the Governing Council adopted Decision (EU) 2019/1311 of the European Central Bank (ECB/2019/21)<authorialNote placement="bottom" marker="2"><p>Decision (EU) 2019/1311 of the European Central Bank of 22 July 2019 on a third series of targeted longer-term refinancing operations (ECB/2019/21) (OJ L 204, 2.8.2019, p. 100).</p></authorialNote>. This Decision provided for a third series of targeted longer-term refinancing operations (TLTROs-III) to be conducted over the period from September 2019 to March 2021.</p></recital><recital xml:id="rec_d158e105"><num>(3)</num><p>On 12 March 2020, in order to support bank lending to those most affected by the spread of the coronavirus disease (COVID-19), in particular small and medium-sized enterprises, the Governing Council decided to change three parameters of TLTRO-III, namely to increase the borrowing allowance from 30 % to 50 %, modify the maximum bid limit for individual TLTROs-III and, starting from September 2021, offer an early repayment option for amounts borrowed under TLTROs-III 12 months after the settlement of each operation, instead of 24 months.</p></recital><recital xml:id="rec_d158e114"><num>(4)</num><p>In order to apply these adjusted parameters with immediate effect, this Decision should enter into force without delay.</p></recital><recital xml:id="rec_d158e120"><num>(5)</num><p>Therefore, Decision (EU) 2019/1311 (ECB/2019/21) should be amended accordingly,</p></recital></recitals><formula name="enactingFormula"><p>HAS ADOPTED THIS DECISION:</p></formula></preamble><body><article xml:id="art_d158e129" leos:compliant="false"><num>Article 1</num><heading>Amendments</heading><paragraph><subparagraph><content><p>Decision (EU) 2019/1311 (ECB/2019/21) is amended as follows:</p></content></subparagraph><list><point><num>(1)</num><alinea><content><p>Article 4 is amended as follows:</p></content></alinea><list><point><num>(a)</num><alinea><content><p>paragraph 2 is replaced by the following:</p></content></alinea><alinea><content><p><mod><quotedStructure startQuote="" endQuote=""><paragraph><num>&apos;2.</num><content><p>Each participant&apos;s borrowing allowance shall equal 50 % of its total reference outstanding amount, less any amount previously borrowed by that TLTRO-III participant under TLTROs‐II pursuant to Decision (EU) 2016/810 (ECB/2016/10) and still outstanding on the settlement date of a TLTRO-III having regard to any legally binding notification for early repayment submitted by the participant in accordance with Article 6 of Decision (EU) 2016/810 (ECB/2016/10). The relevant technical calculations are outlined in Annex I.&apos;;</p></content></paragraph></quotedStructure></mod></p></content></alinea></point><point><num>(b)</num><alinea><content><p>paragraph 4 is replaced by the following:</p></content></alinea><alinea><content><p><mod><quotedStructure startQuote="" endQuote=""><paragraph><num>&apos;4.</num><content><p>Each participant&apos;s bid limit for each TLTRO-III shall be equal to its borrowing allowance reduced by the amounts borrowed under previous TLTROs-III. This amount shall be considered to represent a maximum bid limit for each participant and the rules applicable to bids exceeding the maximum bid limit, as laid down in Article 36 of Guideline (EU) 2015/510 (ECB/2014/60), shall apply. The relevant technical calculations are outlined in Annex I.&apos;;</p></content></paragraph></quotedStructure></mod></p></content></alinea></point></list></point><point><num>(2)</num><alinea><content><p>in Article 5a, paragraph 1 is replaced by the following:</p></content></alinea><alinea><content><p><mod><quotedStructure startQuote="" endQuote=""><paragraph><num>&apos;1.</num><content><p>From September 2021, starting 12 months after the settlement of each TLTRO-III, participants shall, on a quarterly basis, have the option of terminating or reducing the amount of TLTRO-III concerned before maturity.&apos;;</p></content></paragraph></quotedStructure></mod></p></content></alinea></point><point><num>(3)</num><alinea><content><p>in Annex I, Section 1, the third paragraph is replaced by the following:</p></content></alinea><alinea><content><p><mod><quotedStructure startQuote="" endQuote=""><alinea><content><p>&apos;The borrowing allowance equals 50 % of the reference outstanding amount relating to the participant<authorialNote placement="bottom" marker="3"><p>References to a &quot;participant&quot; should be understood as applying to individual participants or TLTRO-III groups.&apos;;</p></authorialNote> minus the amounts borrowed by the participant in the targeted longer-term refinancing operations pursuant to Decision (EU) 2016/810 (ECB/2016/10) (TLTROs-II) and still outstanding at the settlement date of the respective TLTRO-III, or zero if such amount is negative, i.e.:</p></content></alinea><alinea><content><p> for <i>k</i> = 1,…,7.</p></content></alinea></quotedStructure></mod></p></content></alinea></point><point><num>(4)</num><alinea><content><p>in Annex I, Section 1, the fifth paragraph is replaced by the following:</p></content></alinea><alinea><content><p><mod><quotedStructure startQuote="" endQuote=""><alinea><content><p>&apos;The bid limit applicable to each participant in each TLTRO-III is its borrowing allowance <i>BA<sub>k</sub></i> less the amounts borrowed under previous TLTROs-III. Let  be the borrowing of a participant in TLTRO-III <i>k</i>, then  where <i>BL<sub>k</sub></i> is the bid limit for this participant in operation <i>k</i> that is defined as follows:</p></content></alinea><alinea><content><p/></content></alinea><alinea><content><p>for <i>k</i> = 2,…,7.&apos;.</p></content></alinea></quotedStructure></mod></p></content></alinea></point></list></paragraph></article><article xml:id="art_d158e263"><num>Article 2</num><heading>Entry into force</heading><paragraph><content><p>This Decision shall enter into force on 17 March 2020.</p></content></paragraph></article></body><conclusions><p>Done at Frankfurt am Main, 16 March 2020.</p><block name="signatory"><signature><organization refersTo="">For the Governing Council of the ECB</organization><role refersTo="">The President of the ECB</role><person refersTo="">Christine LAGARDE</person></signature></block></conclusions></bill></akomaNtoso>