<?xml version="1.0" encoding="UTF-8"?><akomaNtoso xmlns="http://docs.oasis-open.org/legaldocml/ns/akn/3.0" xmlns:fmx="http://formex.publications.europa.eu/schema/formex-05.21-20110601.xd" xmlns:leos="urn:eu:europa:ec:leos" xmlns:xs="http://www.w3.org/2001/XMLSchema"><bill name=""><meta xmlns:fn="http://www.w3.org/2005/xpath-functions"><identification source="~COM"><FRBRWork><FRBRthis value=""/><FRBRuri value=""/><FRBRdate date="2999-01-01" name=""/><FRBRauthor href=""/><FRBRcountry value=""/></FRBRWork><FRBRExpression><FRBRthis value=""/><FRBRuri value=""/><FRBRdate date="2999-01-01" name=""/><FRBRauthor href=""/><FRBRlanguage language="eng"/></FRBRExpression><FRBRManifestation><FRBRthis value=""/><FRBRuri value=""/><FRBRdate date="2999-01-01" name=""/><FRBRauthor href=""/></FRBRManifestation></identification></meta><preface><longTitle><p><docStage/><docType>COUNCIL REGULATION (EU) 2020/169</docType>of 6 February 2020<docPurpose>amending Regulation (EC) No 147/2003 concerning restrictive measures in respect of Somalia</docPurpose></p></longTitle></preface><preamble><formula name="actingEntity"><p>THE COUNCIL OF THE EUROPEAN UNION,</p></formula><citations><citation><p>Having regard to the Treaty on the Functioning of the European Union, and in particular Article 215 thereof,</p></citation><citation><p>Having regard to Council Decision 2010/231/CFSP of 26 April 2010 concerning restrictive measures against Somalia and repealing Common Position 2009/138/CFSP<authorialNote placement="bottom" marker="1"><p>OJ L 105, 27.4.2010, p. 17.</p></authorialNote>,</p></citation><citation><p>Having regard to the joint proposal from the High Representative of the Union for Foreign Affairs and Security Policy and of the European Commission,</p></citation></citations><recitals xml:id="recs_d108e70"><intro><p>Whereas:</p></intro><recital xml:id="rec_d108e73"><num>(1)</num><p>Council Regulation (EC) No 147/2003<authorialNote placement="bottom" marker="2"><p>Council Regulation (EC) No 147/2003 of 27 January 2003 concerning certain restrictive measures in respect of Somalia (OJ L 24, 29.1.2003, p. 2).</p></authorialNote> concerning certain restrictive measures in respect of Somalia imposes a general prohibition on the provision of technical advice, assistance, training, financing and financial assistance related to military activities to any person, entity or body in Somalia, as well as a prohibition on the import, purchase and transport of charcoal from Somalia.</p></recital><recital xml:id="rec_d108e89"><num>(2)</num><p>On 15 November 2019, the United Nations Security Council (UNSC) adopted Resolution (UNSCR) 2498 (2019). That Resolution reaffirms a general and complete arms embargo on Somalia and amends the exemptions, advance approvals and notifications concerning the delivery of arms and related materials to Somalia. Furthermore, that Resolution reaffirms the prohibition on the import of charcoal from Somalia and introduces restrictions on improvised explosive device components.</p></recital><recital xml:id="rec_d108e98"><num>(3)</num><p>On 6 February 2020 the Council adopted Decision (CFSP) 2020/170<authorialNote placement="bottom" marker="3"><p>Council Decision (CFSP) 2020/170 of 6 February 2020 amending Decision 2010/231/CFSP concerning restrictive measures against Somalia (see page 5 of this Official Journal).</p></authorialNote>, which amends Decision 2010/231/CFSP in accordance with UNSCR 2498 (2019).</p></recital><recital xml:id="rec_d108e114"><num>(4)</num><p>Certain of these amendments fall within the scope of the Treaty on the Functioning of the European Union, and regulatory action at the level of the Union is therefore necessary in order to implement them, in particular with a view to ensuring their uniform application by economic operators in all Member States.</p></recital><recital xml:id="rec_d108e120"><num>(5)</num><p>Regulation (EC) No 147/2003 should therefore be amended accordingly,</p></recital></recitals><formula name="enactingFormula"><p>HAS ADOPTED THIS REGULATION:</p></formula></preamble><body><article xml:id="art_d108e129" leos:compliant="false"><num>Article 1</num><heading/><paragraph><subparagraph><content><p>Regulation (EC) No 147/2003 is amended as follows:</p></content></subparagraph><list><point><num>(1)</num><alinea><content><p>Article 2a is amended as follows:</p></content></alinea><list><point><num>(a)</num><alinea><content><p>point (e) is replaced by the following:</p></content></alinea><alinea><content><p><mod><quotedStructure startQuote="" endQuote=""><list><num>&apos;(e)</num><alinea><content><p>the provision of financing, financial assistance, technical advice, assistance or training relating to military activities, if the following conditions are met:</p></content></alinea><list><point><num>(i)</num><content><p>the competent authority concerned has determined that such financing, financial assistance, technical advice, assistance or training is intended solely for the development of the Somali National Security Forces to provide security for the Somali people; and</p></content></point><point><num>(ii)</num><content><p>a notification to the Committee established by paragraph 11 of UNSCR 751 (1992) has been made by the Federal Government of Somalia or, in the alternative, by the Member State providing the financing, financial assistance, technical advice, assistance or training, at least five working days in advance of any provision of such financing, financial assistance, technical advice, assistance or training, in accordance with paragraph 11 of UNSCR 2498 (2019);&apos;;</p></content></point></list></list></quotedStructure></mod></p></content></alinea></point><point><num>(b)</num><alinea><content><p>the following point is inserted:</p></content></alinea><alinea><content><p><mod><quotedStructure startQuote="" endQuote=""><list><num>&apos;(ea)</num><alinea><content><p>the provision of financing, financial assistance, technical advice, assistance or training relating to military activities if the following conditions are met:</p></content></alinea><list><point><num>(i)</num><content><p>the competent authority concerned has determined that such financing, financial assistance, technical advice, assistance or training is intended solely for the development of the Somali security sector institutions other than those of the Federal Government of Somalia; and</p></content></point><point><num>(ii)</num><content><p>a notification to the Committee established by paragraph 11 of UNSCR 751 (1992) has been made by the Member State providing such financing, financial assistance, technical advice, assistance or training, of any provision of such financing, financial assistance, technical advice, assistance or training, and the Federal Government of Somalia has been informed in parallel at least five working days in advance in accordance with paragraphs 12 and 15 of UNSCR 2498 (2019); and</p></content></point><point><num>(iii)</num><content><p>the Committee has not taken a negative decision within five working days of receiving a notification;&apos;.</p></content></point></list></list></quotedStructure></mod></p></content></alinea></point></list></point><point><num>(2)</num><alinea><content><p>In Article 3, paragraph 1 is replaced by the following:</p></content></alinea><alinea><content><p><mod><quotedStructure startQuote="" endQuote=""><paragraph><num>&apos;1.</num><subparagraph><content><p>Article 1 shall not apply to:</p></content></subparagraph><list><point><num>(a)</num><content><p>the provision of financing and financial assistance for the sale, supply, transfer or export of non-lethal military equipment intended solely for humanitarian or protective use, or for material intended for institution building programmes of the Union or Member States, including in the field of security, carried out within the framework of the Peace and Reconciliation Process; or</p></content></point><point><num>(b)</num><content><p>the provision of technical advice, assistance or training related to such non-lethal equipment,</p></content></point></list><subparagraph><content><p>if such activities have been notified in advance and for its information only, to the Committee established by paragraph 11 of UNSCR 751 (1992) by the supplying Member State, international regional or subregional organisation.&apos;.</p></content></subparagraph></paragraph></quotedStructure></mod></p></content></alinea></point><point><num>(3)</num><alinea><content><p>In Article 3a, paragraph 2 is replaced by the following:</p></content></alinea><alinea><content><p><mod><quotedStructure startQuote="" endQuote=""><paragraph><num>&apos;2.</num><content><p>The rules governing the obligation to provide pre-arrival or pre-departure information, in particular regarding the person who provides that information, the time-limits to be respected and the data required, shall be as determined in the relevant provisions concerning entry and exit summary declarations as well as customs declarations in the customs legislation<authorialNote placement="bottom" marker="4"><p>Regulation (EU) No 952/2013 of the European Parliament and of the Council of 9 October 2013 laying down the Union Customs Code (OJ L 269, 10.10.2013, p. 1); Commission Delegated Regulation (EU) 2015/2446 of 28 July 2015 supplementing Regulation (EU) No 952/2013 of the European Parliament and of the Council as regards detailed rules concerning certain provisions of the Union Customs Code (OJ L 343, 29.12.2015, p. 1); Commission Implementing Regulation (EU) 2015/2447 of 24 November 2015 laying down detailed rules for implementing certain provisions of Regulation (EU) No 952/2013 of the European Parliament and of the Council laying down the Union Customs Code OJ L 343, 29.12.2015, p. 558).&apos;.</p></authorialNote>.</p></content></paragraph></quotedStructure></mod></p></content></alinea></point><point><num>(4)</num><alinea><content><p>The following Article is inserted:</p></content></alinea><alinea><content><p><mod><quotedStructure startQuote="" endQuote=""><article xml:id="art_d108e294"><num>&apos;Article 3c</num><heading/><paragraph><num>1.</num><content><p>It shall be prohibited to sell, export, supply or transfer, directly or indirectly, improvised explosive devices components as listed in Annex III to Somalia from the territories of Member States or by nationals of Member States outside the territories of Member States, or using the flag vessels or aircraft of Member States, unless the competent authority of the relevant Member State, as identified on the websites listed in Annex I, has granted prior authorisation.</p></content></paragraph><paragraph><num>2.</num><content><p>The competent authorities of the Member States shall not grant any authorisation under paragraph 1 if there is sufficient evidence to demonstrate that the item(s) will be used, or that there is a significant risk they may be used, in the manufacture in Somalia of improvised explosive devices.&apos;.</p></content></paragraph></article></quotedStructure></mod></p></content></alinea></point><point><num>(5)</num><content><p>Annex III is replaced by the Annex to this Regulation.</p></content></point></list></paragraph></article><article xml:id="art_d108e317"><num>Article 2</num><heading/><paragraph><content><p>This Regulation shall enter into force on the day following that of its publication in the <i>Official Journal of the European Union</i>.</p></content></paragraph></article><clause><content><p>This Regulation shall be binding in its entirety and directly applicable in all Member States.</p></content></clause></body><conclusions><p>Done at Brussels, 6 February 2020.</p><block name="signatory"><signature><organization refersTo="">For the Council</organization><role refersTo="">The President</role><person refersTo="">A. METELKO-ZGOMBIĆ</person></signature></block></conclusions></bill></akomaNtoso>