<?xml version="1.0" encoding="UTF-8"?><akomaNtoso xmlns="http://docs.oasis-open.org/legaldocml/ns/akn/3.0" xmlns:fmx="http://formex.publications.europa.eu/schema/formex-05.21-20110601.xd" xmlns:leos="urn:eu:europa:ec:leos" xmlns:xs="http://www.w3.org/2001/XMLSchema"><bill name=""><meta xmlns:fn="http://www.w3.org/2005/xpath-functions"><identification source="~COM"><FRBRWork><FRBRthis value=""/><FRBRuri value=""/><FRBRdate date="2999-01-01" name=""/><FRBRauthor href=""/><FRBRcountry value=""/></FRBRWork><FRBRExpression><FRBRthis value=""/><FRBRuri value=""/><FRBRdate date="2999-01-01" name=""/><FRBRauthor href=""/><FRBRlanguage language="eng"/></FRBRExpression><FRBRManifestation><FRBRthis value=""/><FRBRuri value=""/><FRBRdate date="2999-01-01" name=""/><FRBRauthor href=""/></FRBRManifestation></identification></meta><preface><longTitle><p><docStage/><docType>COMMISSION IMPLEMENTING REGULATION (EU) 2020/375</docType>of 2 March 2020<docPurpose>approving amendments to the specification for a Protected Designation of Origin or a Protected Geographical Indication &apos;Priorat/Priorato&apos; (PDO)</docPurpose></p></longTitle></preface><preamble><formula name="actingEntity"><p>THE EUROPEAN COMMISSION,</p></formula><citations><citation><p>Having regard to the Treaty on the Functioning of the European Union,</p></citation><citation><p>Having regard to Regulation (EU) No 1308/2013 of the European Parliament and of the Council of 17 December 2013 establishing a common organisation of the markets in agricultural products and repealing Council Regulations (EEC) No 922/72, (EEC) No 234/79, (EC) No 1037/2001 and (EC) No 1234/2007<authorialNote placement="bottom" marker="1"><p>OJ L 347, 20.12.2013, p. 671.</p></authorialNote>, and in particular Article 99 thereof,</p></citation></citations><recitals xml:id="recs_d248e72"><intro><p>Whereas:</p></intro><recital xml:id="rec_d248e75"><num>(1)</num><p>The Commission has examined the application for the approval of amendments to the specification for the Protected Designation of Origin &apos;Priorat/Priorato&apos;, sent by Spain in accordance with Article 105 of Regulation (EU) No 1308/2013.</p></recital><recital xml:id="rec_d248e85"><num>(2)</num><p>The Commission has published the application for the approval of the amendments to the specification in the <i>Official Journal of the European Union</i>, as required by Article 97(3) of Regulation (EU) No 1308/2013<authorialNote placement="bottom" marker="2"><p>OJ C 316, 20.9.2019, p. 10.</p></authorialNote>.</p></recital><recital xml:id="rec_d248e100"><num>(3)</num><p>No statement of objection has been received by the Commission under Article 98 of Regulation (EU) No 1308/2013.</p></recital><recital xml:id="rec_d248e106"><num>(4)</num><p>The amendments to the specification should therefore be approved in accordance with Article 99 of Regulation (EU) No 1308/2013.</p></recital><recital xml:id="rec_d248e112"><num>(5)</num><p>The measures provided for in this Regulation are in accordance with the opinion of the Committee for the Common Organisation of the Agricultural Markets,</p></recital></recitals><formula name="enactingFormula"><p>HAS ADOPTED THIS REGULATION:</p></formula></preamble><body><article xml:id="art_d248e121"><num>Article 1</num><heading/><paragraph><content><p>The amendments to the specification published in the <i>Official Journal of the European Union</i> regarding the name &apos;Priorat/Priorato&apos; (PDO) are hereby approved.</p></content></paragraph></article><article xml:id="art_d248e133"><num>Article 2</num><heading/><paragraph><content><p>This Regulation shall enter into force on the twentieth day following that of its publication in the <i>Official Journal of the European Union</i>.</p></content></paragraph></article><clause><content><p>This Regulation shall be binding in its entirety and directly applicable in all Member States.</p></content></clause></body><conclusions><p>Done at Brussels, 2 March 2020.</p><block name="signatory"><signature><organization refersTo="">For the Commission,</organization><role refersTo="">On behalf of the President,</role><person refersTo="">Janusz WOJCIECHOWSKI</person><!-- <leos:unknown><P xmlns="" xmlns:xsi="http://www.w3.org/2001/XMLSchema-instance"><HT TYPE="ITALIC">Member of the Commission</HT></P></leo:unknown> --></signature></block></conclusions></bill></akomaNtoso>