<?xml version="1.0" encoding="UTF-8"?>L0162020EN4010120191217EN0005401423<p xmlns="http://docs.oasis-open.org/legaldocml/ns/akn/3.0">Corrigendum to Commission Implementing Regulation (EU) 2019/2243 of 17 December 2019 establishing a template for the contract summary to be used by providers of publicly available electronic communications services pursuant to Directive (EU) 2018/1972 of the European Parliament and of the Council</p><p xmlns="http://docs.oasis-open.org/legaldocml/ns/akn/3.0">(Official Journal of the European Union L 336 of 30 December 2019)</p><p xmlns="http://docs.oasis-open.org/legaldocml/ns/akn/3.0"><!--default P | TXT -->On page 278, in the Annex, the layout and typeface used in &apos;Part A &#45; Template&apos; is replaced as follows:</p><mod xmlns="http://docs.oasis-open.org/legaldocml/ns/akn/3.0"><quotedStructure startQuote="" endQuote=""><!--TITLE is a special position => not treated --><alinea><content><table class="TBL"><tr><td><p>[Service name]</p></td><td><p>[Provider/provider logo]</p><p>[Contact]</p></td></tr></table></content></alinea><!--GR.SEQ is a special position => not treated --></quotedStructure></mod>