<?xml version="1.0" encoding="UTF-8"?><akomaNtoso xmlns="http://docs.oasis-open.org/legaldocml/ns/akn/3.0" xmlns:fmx="http://formex.publications.europa.eu/schema/formex-05.21-20110601.xd" xmlns:leos="urn:eu:europa:ec:leos" xmlns:xs="http://www.w3.org/2001/XMLSchema"><bill name=""><meta xmlns:fn="http://www.w3.org/2005/xpath-functions"><identification source="~COM"><FRBRWork><FRBRthis value=""/><FRBRuri value=""/><FRBRdate date="2999-01-01" name=""/><FRBRauthor href=""/><FRBRcountry value=""/></FRBRWork><FRBRExpression><FRBRthis value=""/><FRBRuri value=""/><FRBRdate date="2999-01-01" name=""/><FRBRauthor href=""/><FRBRlanguage language="eng"/></FRBRExpression><FRBRManifestation><FRBRthis value=""/><FRBRuri value=""/><FRBRdate date="2999-01-01" name=""/><FRBRauthor href=""/></FRBRManifestation></identification></meta><preface><longTitle><p><docStage/><docType>COMMISSION IMPLEMENTING REGULATION (EU) 2020/464</docType>of 26 March 2020<docPurpose>laying down certain rules for the application of Regulation (EU) 2018/848 of the European Parliament and of the Council as regards the documents needed for the retroactive recognition of periods for the purpose of conversion, the production of organic products and information to be provided by Member States</docPurpose></p></longTitle><container name="EEArelevance"><p>(Text with EEA relevance)</p></container></preface><preamble><formula name="actingEntity"><p>THE EUROPEAN COMMISSION,</p></formula><citations><citation><p>Having regard to the Treaty on the Functioning of the European Union,</p></citation><citation><p>Having regard to Regulation (EU) 2018/848 of the European Parliament and of the Council of 30 May 2018 on organic production and labelling of organic products and repealing Council Regulation (EC) No 834/2007<authorialNote placement="bottom" marker="1"><p>OJ L 150, 14.6.2018, p. 1.</p></authorialNote>, and in particular Article 10(6), Article 14(3), Article 15(3), Article 16(3), Article 17(3) and Article 26(7)(d) thereof,</p></citation></citations><recitals xml:id="recs_d176e71"><intro><p>Whereas:</p></intro><recital xml:id="rec_d176e74"><num>(1)</num><p>Chapter III of Regulation (EU) 2018/848 lays down general production rules for organic products, while detailed production rules are set out in Annex II to that Regulation. In order to ensure harmonised conditions for the implementation of that Regulation, some additional rules should be laid down.</p></recital><recital xml:id="rec_d176e80"><num>(2)</num><p>The conversion to the organic production method requires certain periods of adaptation of all means in use. The required conversion period starts at the earliest after a farmer or an operator that produces algae or aquaculture animals has notified the activity to the competent authorities. As an exception and under certain conditions, a previous period may be retroactively recognised as being part of the conversion period. The documents to be submitted to the competent authorities for the purpose of the retroactive recognition of a previous period should be specified.</p></recital><recital xml:id="rec_d176e86"><num>(3)</num><p>In order to ensure the observance of a high level of animal welfare respecting species-specific needs in organic livestock production, it is necessary to lay down the stocking densities, the minimum surfaces for indoor and outdoor areas and their characteristics, as well as technical requirements and characteristics for buildings and open air areas for bovine animals, ovine animals, caprine animals, equine animals, cervine animals, porcine animals, poultry and rabbits. Additionally, for suckling animals the minimum periods to be complied with for feeding preferably with maternal milk should also be laid down.</p></recital><recital xml:id="rec_d176e92"><num>(4)</num><p>In order to ensure the observance of a high level of animal welfare respecting species-specific needs in organic aquaculture production, it is also necessary to lay down rules per species or per group of species on the stocking densities and the characteristics for production systems and containments systems for aquaculture animals.</p></recital><recital xml:id="rec_d176e98"><num>(5)</num><p>Processed organic products should be produced using processing methods which guarantee that the organic characteristics and qualities of the products are maintained through all stages of organic production. Considering the great number of techniques used in the processing of food products in organic production, establishing an exhaustive list of all the techniques authorised is not possible. Therefore, as a general rule, techniques complying with the principles and relevant production rules as set out in Regulation (EU) 2018/848 should be considered as authorised in the processing of food products in organic production.</p></recital><recital xml:id="rec_d176e104"><num>(6)</num><p>However, for certain techniques used in the processing of specific organic food products, opinions of Member States may diverge on the compliance of a technique with the principles and relevant production rules as set out in Regulation (EU) 2018/848 for producing specific products. For such cases, it is necessary to lay down rules on how such a technique can be assessed and, if confirmed compliant with those principles and production rules, be authorised by the Commission for producing specific food products, where appropriate under certain conditions.</p></recital><recital xml:id="rec_d176e111"><num>(7)</num><p>Ion exchange and adsorption resin techniques may be needed to produce infant formula and follow-on formula and processed cereal-based food and baby food as referred to in points (a) and (b) of Article 1(1) of Regulation (EU) No 609/2013 of the European Parliament and of the Council<authorialNote placement="bottom" marker="2"><p>Regulation (EU) No 609/2013 of the European Parliament and of the Council of 12 June 2013 on food intended for infants and young children, food for special medical purposes, and total diet replacement for weight control and repealing Council Directive 92/52/EEC, Commission Directives 96/8/EC, 1999/21/EC, 2006/125/EC and 2006/141/EC, Directive 2009/39/EC of the European Parliament and of the Council and Commission Regulations (EC) No 41/2009 and (EC) No 953/2009 (OJ L 181, 29.6.2013, p. 35).</p></authorialNote> in order to meet the compositional requirements laid down in that Regulation and in acts adopted on the basis of Article 11(1) of that Regulation for the products concerned, or in products regulated by Commission Directive 2006/125/EC<authorialNote placement="bottom" marker="3"><p>Commission Directive 2006/125/EC of 5 December 2006 on processed cereal-based foods and baby foods for infants and young children (OJ L 339, 6.12.2006, p. 16).</p></authorialNote>. It is necessary to authorise the use of ion exchange and adsorption techniques for these categories of products.</p></recital><recital xml:id="rec_d176e137"><num>(8)</num><p>Similarly as for the techniques authorised for use in the processing of food products, techniques that reconstitute properties that are lost in the processing and storage of organic feed, that correct the results of negligence in the processing of organic feed, or that otherwise may be misleading as to the true nature of products intended to be marketed as organic feed, should not be used.</p></recital><recital xml:id="rec_d176e143"><num>(9)</num><p>Considering the great number of techniques used in the processing of specific feed products in organic production, establishing an exhaustive list of all the techniques authorised is not possible. Therefore, as a general rule, techniques complying with the principles and relevant production rules as set out in Regulation (EU) 2018/848 should be authorised in the processing of feed products in organic production.</p></recital><recital xml:id="rec_d176e150"><num>(10)</num><p>However, for certain techniques used in the processing of specific organic feed products, opinions of Member States may diverge on the compliance of a technique with the principles and relevant production rules as set out in Regulation (EU) 2018/848. For such cases, it is necessary to lay down rules on how such a technique can be assessed and, if confirmed compliant with those principles and relevant production rules, be authorised by the Commission for producing specific feed products, where appropriate under certain conditions.</p></recital><recital xml:id="rec_d176e156"><num>(11)</num><p>Organic plant reproductive material, organic animals and organic aquaculture juveniles should be used in organic production. In order to help organic operators to find information on their availability, each Member State should have in place systems allowing operators that market organic and in-conversion plant reproductive material, organic animals or organic aquaculture juveniles to make information on their supplies publicly available. In particular, detailed information on such species that they are able to supply in sufficient quantities and within a reasonable period should be publicly available. Once a year, Member States should make available to the Commission the synthesis of such information as well as information on derogations granted in case of lack of availability.</p></recital><recital xml:id="rec_d176e162"><num>(12)</num><p>Seedlings are excluded from the collection and exchange of information on organic and in-conversion plant reproductive material. Therefore, to ensure a harmonised approach, it is appropriate to establish a definition of seedlings.</p></recital><recital xml:id="rec_d176e168"><num>(13)</num><p>In order to address the nutritional needs for specific protein compounds of young poultry and porcine animals of up to 35 kg, Member States may authorise the use of non-organic protein feed in poultry and porcine diets under strict conditions and until 31 December 2025. In view of phasing out these respective derogations and for the purposes of Article 53(6)(c) of Regulation (EU) 2018/848, the Commission should monitor their use taking into account the evolution of availability on the market of organic protein feed. For this purpose, a focused questionnaire should be designed by the Commission and Member States should annually submit to the Commission the filled in questionnaire summarising the relevant information collected on the availability of organic protein feed and the authorisations granted to use non-organic protein feed to poultry and porcine animals producers.</p></recital><recital xml:id="rec_d176e178"><num>(14)</num><p>Member States may also set up a similar system of information on availability in relation to breeds and strains adapted to organic production or organic pullets. Considering the possible phasing out of derogations for the use of non-organic animals or pullets, it is important to collect data on the availability of organically reared breeds and strains specifically selected in the respect of organic principles and objectives. Therefore, it is necessary to lay down details for harmonised data to be reported by Member States to the Commission and to the other Member States.</p></recital><recital xml:id="rec_d176e184"><num>(15)</num><p>Operators that have been producing livestock in accordance with Council Regulation (EC) No 834/2007<authorialNote placement="bottom" marker="4"><p>Council Regulation (EC) No 834/2007 of 28 June 2007 on organic production and labelling of organic products and repealing Regulation (EEC) No 2092/91 (OJ L 189, 20.7.2007, p. 1).</p></authorialNote> and Commission Regulation (EC) No 889/2008<authorialNote placement="bottom" marker="5"><p>Commission Regulation (EC) No 889/2008 of 5 September 2008 laying down detailed rules for the implementation of Council Regulation (EC) No 834/2007 on organic production and labelling of organic products with regard to organic production, labelling and control (OJ L 250, 18.9.2008, p. 1).</p></authorialNote>will have to adapt their production systems to comply with the new specific technical requirements laid down in this Regulation affecting the livestock density, the structural characteristics of animals&apos; premises and related equipment, the available spaces and land management and the productive system of the holding in general. These adaptations will require variable periods of time according to the extent of the necessary interventions to comply with the new requirements laid down in this Regulation while taking into account on going productions.</p></recital><recital xml:id="rec_d176e210"><num>(16)</num><p>In particular, the provisions concerning the stocking density, minimum indoor and outdoor areas for pullets and brother roosters, the maximum extension of the open air areas for poultry houses, the maximum number of tiers and the equipment for an efficient system of manure removal in multi-tiered poultry houses may imply tangible works and investments like rebuilding of animals&apos; premises and land acquisitions, or a complete refurbishment of animals&apos; premises for certain holdings or production units that have been producing until now in compliance with Regulations (EC) No 834/2007 and (EC) No 889/2008. Hence, a transitional period of maximum 8 years from 1 January 2021 should be provided for in respect of these holdings or production units in order to permit them to carry out the necessary adaptations to comply with the new requirements.</p></recital><recital xml:id="rec_d176e219"><num>(17)</num><p>The requirement related to porcine animals concerning a minimum percentage of surface of outdoor area consisting of solid construction may imply the rebuilding of external facilities and changes in the system of collection of manure in holdings or production units that have been producing until now in compliance with Regulations (EC) No 834/2007 and (EC) No 889/2008. Hence, a transitional period of maximum 8 years from 1 January 2021 should be provided for in respect of these holdings or production units in order to permit them to carry out the necessary major renovation of animals&apos; external premises or the replacement of the equipment to comply with the new requirements.</p></recital><recital xml:id="rec_d176e228"><num>(18)</num><p>Also the length of pop-holes between the verandas and the indoor part of the poultry house, the requirement on solid partitions for fattening poultry other than Gallus gallus, and the specific requirements on perches and raised sitting levels may imply tangible adaptations such as the renovation of part of the animals&apos; premises and purchase of new equipment for holdings that have been producing until now in compliance with Regulations (EC) No 834/2007 and (EC) No 889/2008. Hence, a transitional period of maximum 3 years from 1 January 2021 should be provided for in respect of these holdings or production units to permit them to carry out the necessary adaptations of animals&apos; premises or the replacement of the equipment to comply with the new requirements.</p></recital><recital xml:id="rec_d176e237"><num>(19)</num><p>Finally the method of calculation of minimum indoor surface areas in poultry houses with an outdoor part of the building may imply adaptations such as the major reduction of the stocking density of poultry or the renovation of the buildings for holdings that have been producing until now in compliance with Regulations (EC) No 834/2007 and (EC) No 889/2008. Hence a transitional period of maximum 3 years from 1 January 2021 should be provided for in respect of these holdings or production units to permit them to carry out the necessary adaptations of their business plans or of their animals&apos; premises to comply with the new requirements.</p></recital><recital xml:id="rec_d176e247"><num>(20)</num><p>In the interest of clarity and legal certainty, this Regulation should apply from the date of application of Regulation (EU) 2018/848.</p></recital><recital xml:id="rec_d176e253"><num>(21)</num><p>The measures provided for in this Regulation are in accordance with the opinion of the Organic Production Committee,</p></recital></recitals><formula name="enactingFormula"><p>HAS ADOPTED THIS REGULATION:</p></formula></preamble><body><chapter><num>CHAPTER I</num><heading>CONVERSION</heading><article xml:id="art_d176e272"><num>Article 1</num><heading>Documents to be supplied for the purpose of the retroactive recognition of a previous period</heading><paragraph><num>1.</num><content><p>For the purposes of point (a) of Article 10(3) of Regulation (EU) 2018/848, the operator shall submit to the competent authorities in the Member State in which the activity is carried out and in which that operator&apos;s holding is subject to the control system the official documents from the relevant competent authorities proving that the land parcels for which the retroactive recognition of a previous period is requested were subject to measures which were defined in a programme implemented pursuant to Regulation (EU) No 1305/2013 of the European Parliament and of the Council<authorialNote placement="bottom" marker="6"><p>Regulation (EU) No 1305/2013 of the European Parliament and of the Council of 17 December 2013 on support for rural development by the European Agricultural Fund for Rural Development (EAFRD) and repealing Council Regulation (EC) No 1698/2005 (OJ L 347, 20.12.2013, p. 487).</p></authorialNote> and that no products or substances other than those authorised for use in organic production have been used on those land parcels.</p></content></paragraph><paragraph><num>2.</num><subparagraph><content><p>For the purposes of point (b) of Article 10(3) of Regulation (EU) 2018/848, the operator shall submit to the competent authorities in the Member State in which the activity is carried out and in which that operator&apos;s holding is subject to the control system the following documents proving that the land parcels were natural or agricultural areas that, for a period of at least three years, have not been treated with products or substances that are not authorised for use in organic production in accordance with Regulation (EU) 2018/848:</p></content></subparagraph><list><point><num>(a)</num><content><p>maps identifying clearly each land parcel covered by the request for retroactive recognition and information on the total surface of those land parcels and, if relevant, on the nature and the volume of the on-going production and, where available, their geolocation coordinates;</p></content></point><point><num>(b)</num><content><p>the detailed risk analysis carried out by the control authority or control body to assess whether any land parcel covered by the request for retroactive recognition has been treated with products or substances that are not authorised for use in organic production for a period of at least three years, taking into account in particular the size of the total surface to which the request relates and the agronomic practices carried out during that period on each land parcel subject to the request;</p></content></point><point><num>(c)</num><content><p>the laboratory analyses results from accredited laboratories on soil and/or plant samples taken by the control authority or control body from each land parcel identified as presenting the risk of being contaminated as a result of being treated with products and substances that are not authorised for use in organic production following the detailed risk analysis referred in point (b);</p></content></point><point><num>(d)</num><content><p>an inspection report from the control authority or control body following a physical inspection of the operator for the purpose of verifying the consistency of the information collected on the land parcels covered by the request for retroactive recognition;</p></content></point><point><num>(e)</num><content><p>any other relevant documents deemed necessary by the control authority or control body to assess the request for retroactive recognition;</p></content></point><point><num>(f)</num><content><p>a final written statement of the control authority or control body indicating whether a retroactive recognition of a previous period as being part of the conversion period is justified and indicating the starting period considered as organic for each land parcel concerned as well as the total surface of the land parcels benefiting from a retroactive recognition of a period.</p></content></point></list></paragraph></article></chapter><chapter><num>CHAPTER II</num><heading>LIVESTOCK</heading><section><num>SECTION 1</num><heading>BOVINE ANIMALS, OVINE ANIMALS, CAPRINE ANIMALS AND EQUINE ANIMALS</heading><article xml:id="art_d176e356"><num>Article 2</num><heading>Minimum period for feeding with maternal milk</heading><paragraph><subparagraph><content><p>The minimum period referred to in point 1.4.1.(g) of Part II of Annex II to Regulation (EU) 2018/848 for feeding suckling animals preferably with maternal milk shall be:</p></content></subparagraph><list><point><num>(a)</num><content><p>90 days after birth for bovine animals and equine animals;</p></content></point><point><num>(b)</num><content><p>45 days after birth for ovine animals and caprine animals.</p></content></point></list></paragraph></article><article xml:id="art_d176e377"><num>Article 3</num><heading>Stocking density and minimum surface for indoor and outdoor areas</heading><paragraph><content><p>For bovine animals, ovine animals, caprine animals and equine animals, the stocking density and the minimum surface for indoor and outdoor areas shall be as set out in Part I of Annex I.</p></content></paragraph></article><article xml:id="art_d176e384"><num>Article 4</num><heading>Characteristics of and technical requirements for the minimum surface for the indoor area</heading><paragraph><content><p>At least half of the minimum surface of the indoor area laid down in Part I of Annex I for bovine animals, ovine animals, caprine animals and equine animals shall consist of a solid construction, that is to say, not of a slatted or grid construction.</p></content></paragraph></article></section><section><num>SECTION 2</num><heading>CERVINE ANIMALS</heading><article xml:id="art_d176e402"><num>Article 5</num><heading>Minimum period for feeding with maternal milk</heading><paragraph><content><p>The minimum period referred to in point 1.4.1.(g) of Part II of Annex II to Regulation (EU) 2018/848 for feeding suckling cervine animals preferably with maternal milk shall be 90 days after birth.</p></content></paragraph></article><article xml:id="art_d176e409"><num>Article 6</num><heading>Stocking density and minimum surface for outdoor areas</heading><paragraph><content><p>For cervine animals, the stocking density and the minimum surface for outdoor areas shall be as set out in Part II of Annex I.</p></content></paragraph></article><article xml:id="art_d176e416"><num>Article 7</num><heading>Characteristics of and technical requirements for outdoor enclosures or pens</heading><paragraph><num>1.</num><content><p>Cervine animals shall be kept in outdoor enclosures or pens providing pastures whenever conditions allow.</p></content></paragraph><paragraph><num>2.</num><content><p>The outdoor enclosures or pens shall be constructed in such a way that the different species of cervine animals can be separated if needed.</p></content></paragraph><paragraph><num>3.</num><content><p>Each outdoor enclosure or pen shall be either dividable into two areas or adjacent to another outdoor enclosure or pen so that maintenance measures can be carried out on each area or each outdoor enclosure or pen successively.</p></content></paragraph></article><article xml:id="art_d176e437"><num>Article 8</num><heading>Requirements for vegetation and characteristics of protected facilities and open air areas</heading><paragraph><num>1.</num><content><p>Visual and weather protection facilities shall be provided to cervine animals preferably by natural shelters like inclusion of groups of trees and shrubs, parts of forests or skirts of woods into the outdoor enclosure or pen; if this is not feasible to a sufficient extent the whole year, roofed artificial shelters shall be provided.</p></content></paragraph><paragraph><num>2.</num><content><p>Outdoor enclosures or pens for cervine animals shall be equipped with facilities or be covered with vegetation that allow animals to rub off velvet from their antlers.</p></content></paragraph><paragraph><num>3.</num><content><p>In the late stage of pregnancy and two weeks after birth, female cervine animals shall have access to areas covered with vegetation that allows hiding their calves.</p></content></paragraph><paragraph><num>4.</num><content><p>Fences around outdoor enclosures or pens shall be constructed in such a way that cervine animals cannot escape.</p></content></paragraph></article></section><section><num>SECTION 3</num><heading>PORCINE ANIMALS</heading><article xml:id="art_d176e473"><num>Article 9</num><heading>Minimum period for feeding with maternal milk</heading><paragraph><content><p>The minimum period referred to in point 1.4.1.(g) of Part II of Annex II to Regulation (EU) 2018/848 for feeding suckling porcine animals preferably with maternal milk shall be 40 days after birth.</p></content></paragraph></article><article xml:id="art_d176e480"><num>Article 10</num><heading>Stocking density and minimum surface for indoor and outdoor areas</heading><paragraph><content><p>For porcine animals, the stocking density and the minimum surface for indoor and outdoor areas shall be as set out in Part III of Annex I.</p></content></paragraph></article><article xml:id="art_d176e487"><num>Article 11</num><heading>Characteristics of and technical requirements for the minimum surface for indoor and outdoor areas</heading><paragraph><content><p>At least half of the minimum surface of both the indoor area and the outdoor area laid down in Part III of Annex I shall consist of a solid construction, that is to say, not of a slatted or grid construction.</p></content></paragraph></article><article xml:id="art_d176e494"><num>Article 12</num><heading>Requirements for vegetation and characteristics of open air areas</heading><paragraph><num>1.</num><content><p>Open air areas shall be attractive to porcine animals. Where possible, preference shall be given to fields with trees or forests.</p></content></paragraph><paragraph><num>2.</num><content><p>Open air areas shall provide outdoor climate as well as access to shelters and means allowing the regulation of body temperature of porcine animals.</p></content></paragraph></article></section><section><num>SECTION 4</num><heading>POULTRY</heading><article xml:id="art_d176e521"><num>Article 13</num><heading>Definitions</heading><paragraph><subparagraph><content><p>For the purposes of this Section, the following definitions shall apply:</p></content></subparagraph><list><point><num>(a)</num><content><p>&apos;fattening poultry&apos; means poultry intended for meat production;</p></content></point><point><num>(b)</num><content><p>&apos;flock&apos; in the context of compartments in poultry houses means a group of birds that are kept together not mixing with other poultry species, and with their own dedicated indoor and outdoor areas;</p></content></point><point><num>(c)</num><content><p>&apos;brother rooster&apos; means male chicken of laying hen strains intended for meat production;</p></content></point><point><num>(d)</num><content><p>&apos;poularde&apos; means female <i>Gallus gallus</i> intended for meat production and slaughtered at the minimum age of 120 days.</p></content></point></list></paragraph></article><article xml:id="art_d176e569"><num>Article 14</num><heading>Stocking density and minimum surface for indoor and outdoor areas</heading><paragraph><content><p>For poultry, the stocking density and the minimum surface for indoor and outdoor areas shall be set out in Part IV of Annex I.</p></content></paragraph></article><article xml:id="art_d176e576"><num>Article 15</num><heading>Characteristics of and technical requirements for poultry houses</heading><paragraph><num>1.</num><subparagraph><content><p>Poultry houses shall be constructed in a manner allowing all birds easy access to open air areas. For this purpose, the following rules shall apply:</p></content></subparagraph><list><point><num>(a)</num><content><p>the external boundary of the poultry house shall have exit/entry pop-holes giving direct access to open air areas;</p></content></point><point><num>(b)</num><content><p>every single exit/entry pop-hole shall be of a size adequate for the birds;</p></content></point><point><num>(c)</num><content><p>birds shall be able to access pop-holes without any obstacle;</p></content></point><point><num>(d)</num><content><p>pop-holes from the external boundary of the poultry house shall have a combined length of at least 4 m per 100 m<sup>2</sup> of the usable area of the minimum surface of the indoor area of the poultry house;</p></content></point><point><num>(e)</num><content><p>where pop-holes are raised, a ramp shall be provided.</p></content></point></list></paragraph><paragraph><num>2.</num><subparagraph><content><p>For poultry houses with verandas, the following rules shall apply:</p></content></subparagraph><list><point><num>(a)</num><content><p>the external boundary both from the indoor house to the veranda and from the veranda to the open air area shall have exit/entry pop-holes allowing easy access respectively to the veranda or to the open air area;</p></content></point><point><num>(b)</num><content><p>pop-holes from the indoor house to the veranda shall have a combined length of at least 2 m per 100 m<sup>2</sup> of the usable area of the minimum surface of the indoor area of the poultry house and pop-holes from the veranda to the open air area shall have a combined length of at least 4 m per 100 m<sup>2</sup> of the usable area of the minimum indoor surface of the poultry house;</p></content></point><point><num>(c)</num><alinea><content><p>the usable area of the veranda shall not be taken into account for the calculation of the stocking density and the minimum surface of the indoor and outdoor areas as set out in Part IV of Annex I. However, an additional, roofed outdoor part of a building intended for poultry, insulated in a way that it does not have an outdoor climate, may be taken into account for the calculation of the stocking density and the minimum surface of the indoor areas as set out in Part IV of Annex I, if the following conditions are met:</p></content></alinea><list><point><num>(i)</num><content><p>it is fully accessible 24 hours a day;</p></content></point><point><num>(ii)</num><content><p>it complies with the requirements of points 1.6.1 and 1.6.3 of Part II of Annex II to Regulation (EU) 2018/848;</p></content></point><point><num>(iii)</num><content><p>it complies with the same requirements for pop-holes as set for verandas in points (a) and (b) of this paragraph;</p></content></point></list></point><point><num>(d)</num><content><p>the usable area of the veranda shall not be included in the total usable area of poultry houses for fattening poultry as referred to in point 1.9.4.4.(m) of Part II of Annex II to Regulation (EU) 2018/848.</p></content></point></list></paragraph><paragraph><num>3.</num><subparagraph><content><p>For poultry houses subdivided into separate compartments in order to house multiple flocks:</p></content></subparagraph><list><point><num>(a)</num><content><p>compartments shall ensure that contact with other flocks is restricted and that birds from different flocks cannot mix in the poultry house;</p></content></point><point><num>(b)</num><alinea><content><p>the following maximum flock sizes in a single compartment of a poultry house shall apply:</p></content></alinea><list><point><num>(i)</num><content><p>3000 parents <i>Gallus gallus</i>;</p></content></point><point><num>(ii)</num><content><p>10000 pullets;</p></content></point><point><num>(iii)</num><content><p>4800 fattening poultry <i>Gallus gallus</i>;</p></content></point><point><num>(iv)</num><content><p>2500 capons;</p></content></point><point><num>(v)</num><content><p>4000 poulardes;</p></content></point><point><num>(vi)</num><content><p>2500 turkeys;</p></content></point><point><num>(vii)</num><content><p>2500 geese;</p></content></point><point><num>(viii)</num><content><p>3200 male Peking ducks or 4000 female Peking ducks;</p></content></point><point><num>(ix)</num><content><p>3200 male Muscovy ducks or 4000 female Muscovy ducks;</p></content></point><point><num>(x)</num><content><p>3200 male Mulard ducks or 4000 female Mulard ducks;</p></content></point><point><num>(xi)</num><content><p>5200 Guinea fowls;</p></content></point></list></point><point><num>(c)</num><content><p>compartments shall be separated by solid partitions for fattening poultry other than <i>Gallus Gallus</i>; such solid partition shall ensure a complete physical separation from the floor to the roof of the building of each compartment of the poultry house;</p></content></point><point><num>(d)</num><content><p>compartments shall be separated by solid partitions or semi-closed partitions or nets or meshes for parents <i>Gallus gallus</i>, laying hens, pullets, brother roosters and fattening poultry <i>Gallus gallus</i>.</p></content></point></list></paragraph><paragraph><num>4.</num><subparagraph><content><p>Multi-tiered systems may be used in poultry houses. Where multi-tiered systems are used, the following rules shall apply:</p></content></subparagraph><list><point><num>(a)</num><content><p>multi-tiered systems may only be used for parents <i>Gallus gallus</i>, laying hens, pullets for future egg production, pullets for future parents and brother roosters;</p></content></point><point><num>(b)</num><content><p>multi-tiered systems shall have no more than three tiers of usable area including the ground floor;</p></content></point><point><num>(c)</num><content><p>the elevated tiers shall be constructed in such a way as to prevent droppings falling on the birds below and shall be equipped with an efficient system of manure removal;</p></content></point><point><num>(d)</num><content><p>all tiers shall allow for easy inspection of the birds;</p></content></point><point><num>(e)</num><content><p>multi-tiered systems shall ensure that all birds can move freely and easily to the different levels or intermediate areas;</p></content></point><point><num>(f)</num><content><p>multi-tiered systems shall be constructed in such a way as to provide easy equal access to open air areas to all birds.</p></content></point></list></paragraph><paragraph><num>5.</num><content><p>Poultry houses shall be equipped with perches or raised sitting levels or both. Perches or raised sitting levels or both shall be provided to the birds from a young age in dimensions or proportions commensurate with the size of the group and of the birds as laid down in Part IV of Annex I.</p></content></paragraph><paragraph><num>6.</num><content><p>Mobile poultry houses may be used for poultry provided that they are moved regularly during the production cycle in order to ensure the availability of vegetation to the birds and at least between each batch of poultry. The stocking density for fattening poultry laid down in Sections 4 to 9 of Part IV of Annex I may be increased to a maximum of 30 kg live weight/m<sup>2</sup> provided the surface of the ground floor of the mobile house does not exceed 150 m<sup>2</sup>.</p></content></paragraph></article><article xml:id="art_d176e886"><num>Article 16</num><heading>Requirements for vegetation and characteristics of open air areas</heading><paragraph><num>1.</num><content><p>Open air areas for poultry shall be attractive to the birds and shall be fully accessible to all birds.</p></content></paragraph><paragraph><num>2.</num><content><p>For poultry houses subdivided into separate compartments in order to house multiple flocks, the open air areas corresponding to each single compartment shall be separated in order to ensure that contact with other flocks is restricted and that birds from different flocks cannot mix.</p></content></paragraph><paragraph><num>3.</num><content><p>Open air areas for poultry shall be mainly covered with vegetation composed of a diverse range of plants.</p></content></paragraph><paragraph><num>4.</num><content><p>Open air areas shall provide to the birds a sufficient number of protective facilities or shelters or shrubs or trees distributed throughout the entire open air areas in order to ensure that the birds are using the whole open air area in a balanced way.</p></content></paragraph><paragraph><num>5.</num><content><p>The vegetation on the open air area shall be maintained regularly to reduce the potential for nutrient surpluses.</p></content></paragraph><paragraph><num>6.</num><content><p>The open air areas shall not extend beyond the radius of 150 m from the nearest exit/entry pop-hole of the poultry house. However, an extension of up to 350 m from the nearest pop-hole of the building is permissible provided that a sufficient number of shelters from inclement weather and predators are evenly distributed throughout the whole open air area with at least four shelters per hectare. For geese, the open air area shall allow the birds to satisfy their needs to eat grass.</p></content></paragraph></article></section><section><num>SECTION 5</num><heading>RABBITS</heading><article xml:id="art_d176e933"><num>Article 17</num><heading>Minimum period for feeding with maternal milk</heading><paragraph><content><p>The minimum period referred to in point 1.4.1.(g) of Part II of Annex II to Regulation (EU) 2018/848 for feeding suckling rabbits preferably with maternal milk shall be 42 days after birth.</p></content></paragraph></article><article xml:id="art_d176e940"><num>Article 18</num><heading>Stocking density and minimum surface for indoor and outdoor areas</heading><paragraph><content><p>For rabbits, the stocking density and the minimum surface for indoor and outdoor areas shall be as set out in Part V of Annex I.</p></content></paragraph></article><article xml:id="art_d176e947"><num>Article 19</num><heading>Characteristics of and technical requirements for mobile or fixed housing</heading><paragraph><num>1.</num><content><p>During the grazing season, rabbits shall be kept in mobile housing on pastures or in fixed housing with access to pasture.</p></content></paragraph><paragraph><num>2.</num><content><p>Outside the grazing season, rabbits may be kept in fixed housing with access to an outdoor run with vegetation, preferably pasture.</p></content></paragraph><paragraph><num>3.</num><content><p>Mobile housing on pastures shall be moved as often as possible to ensure the maximum use of grazing pasture and shall be constructed in such a way that it is possible for rabbits to graze the pasture on the floor.</p></content></paragraph></article><article xml:id="art_d176e967"><num>Article 20</num><heading>Characteristics of and technical requirements for indoor and outdoor areas</heading><paragraph><num>1.</num><subparagraph><content><p>The indoor area in fixed and mobile housing shall be constructed in such a way that:</p></content></subparagraph><list><point><num>(a)</num><content><p>its height is sufficient to allow all rabbits to stand with ears erect;</p></content></point><point><num>(b)</num><content><p>it can accommodate different groups of rabbits and allow the preservation of the broods&apos; integrity upon transfer to the fattening phase;</p></content></point><point><num>(c)</num><content><p>it is possible for bucks and pregnant and reproductive does to be separated from the group for specific animal welfare reasons and for a limited period provided they can keep eye contact with other rabbits;</p></content></point><point><num>(d)</num><content><p>it is possible for the doe to move away from the nest and return in the nest for nursing the kits;</p></content></point><point><num>(e)</num><alinea><content><p>it provides:</p></content></alinea><list><point><num>(i)</num><content><p>covered shelter including dark hiding places in sufficient number for all categories of rabbits;</p></content></point><point><num>(ii)</num><content><p>access to nests for all does at least one week before the expected date of birth and at least till the end of the nursing period of the kits;</p></content></point><point><num>(iii)</num><content><p>access to nests for kits in sufficient number with a minimum of one nest per nursing doe with kits;</p></content></point><point><num>(iv)</num><content><p>materials to allow rabbits to gnaw.</p></content></point></list></point></list></paragraph><paragraph><num>2.</num><subparagraph><content><p>The outdoor area in facilities with fixed housing shall be constructed in such a way that:</p></content></subparagraph><list><point><num>(a)</num><content><p>it has raised platforms in sufficient number and evenly distributed on its minimum surface;</p></content></point><point><num>(b)</num><content><p>it is surrounded by fences that are high and deep enough to prevent flight either by jumping or digging;</p></content></point><point><num>(c)</num><content><p>if it has a concrete outside area, there is an easy access to the part of the outdoor run with vegetation. Without such easy access, the surface of the concrete area may not be included in the calculation of the minimum surface of the outdoor area;</p></content></point><point><num>(d)</num><alinea><content><p>it provides:</p></content></alinea><list><point><num>(i)</num><content><p>covered shelter including dark hiding places in sufficient number for all categories of rabbits;</p></content></point><point><num>(ii)</num><content><p>materials to allow rabbits to gnaw.</p></content></point></list></point></list></paragraph></article><article xml:id="art_d176e1081"><num>Article 21</num><heading>Requirements for vegetation and characteristics and open air areas</heading><paragraph><num>1.</num><content><p>The vegetation of the outdoor runs shall be maintained regularly and in such a way that it is attractive to rabbits.</p></content></paragraph><paragraph><num>2.</num><content><p>During the grazing season, pastures shall be rotated regularly and managed in such a way that the grazing of rabbits is optimised.</p></content></paragraph></article></section></chapter><chapter><num>CHAPTER III</num><heading>AQUACULTURE ANIMALS</heading><article xml:id="art_d176e1105"><num>Article 22</num><heading>Detailed rules for aquaculture animals per species or group of species</heading><paragraph><content><p>Operators that produce aquaculture animals shall comply with the detailed rules per species or per group of species set out in Annex II with respect to the stocking density and the specific characteristics of production systems and containment systems.</p></content></paragraph></article></chapter><chapter><num>CHAPTER IV</num><heading>PROCESSED FOOD AND FEED</heading><article xml:id="art_d176e1121"><num>Article 23</num><heading>Techniques authorised in the processing of food products</heading><paragraph><num>1.</num><content><p>Only techniques complying with the principles laid down in Chapter II of Regulation (EU) 2018/848, in particular the relevant specific principles applicable to the processing of organic food laid down in Article 7, with the relevant rules of Chapter III of that Regulation and with the detailed production rules set out in Part IV of Annex II thereto are authorised in the processing of food products in organic production.</p></content></paragraph><paragraph><num>2.</num><subparagraph><content><p>Without prejudice to point 3 of Part VI of Annex II to Regulation (EU) 2018/848, ion exchange and adsorption resin techniques are authorised when used for the preparation of organic raw materials:</p></content></subparagraph><list><point><num>(a)</num><content><p>for products referred to in points (a) and (b), respectively, of Article 1(1) of Regulation (EU) No 609/2013, provided that using those techniques is necessary to meet the requirements of that Regulation and acts adopted on the basis of Article 11(1) of that Regulation for the products concerned; or</p></content></point><point><num>(b)</num><content><p>for products regulated by Directive 2006/125/EC, provided that using those techniques is necessary to meet the requirements of that Directive.</p></content></point></list></paragraph><paragraph><num>3.</num><subparagraph><content><p>Where a Member State considers that a specific technique should be assessed as regards compliance with the principles and rules referred to in paragraph 1 or that certain specific conditions for use of that technique should be included in this Regulation, it may request the Commission to carry out such assessment. For that purpose, it shall notify the Commission and the other Member States of a dossier giving the reasons for such compliance or those specific conditions and shall ensure that the dossier is made publicly available subject to Union and national legislation on data protection.</p></content></subparagraph><subparagraph><content><p>The Commission shall regularly publish any request referred to in the first subparagraph.</p></content></subparagraph></paragraph><paragraph><num>4.</num><content><p>The Commission shall analyse the dossier referred to in paragraph 3. If the analysis conducted by the Commission concludes that the technique described in the dossier complies with the principles and rules referred to in paragraph 1, the Commission shall amend this Regulation for the purpose of explicitly authorising the technique referred to in the dossier or including its specific conditions for use in this Regulation.</p></content></paragraph><paragraph><num>5.</num><content><p>The Commission shall review the authorisation of the techniques for the processing of organic food, including their description and conditions for use whenever new evidence becomes available or is provided by a Member State.</p></content></paragraph></article><article xml:id="art_d176e1168"><num>Article 24</num><heading>Techniques authorised for use in the processing of feed products</heading><paragraph><num>1.</num><content><p>Only techniques complying with the principles laid down in Chapter II of Regulation (EU) 2018/848, in particular the relevant specific principles applicable to the processing of organic feed laid down in Article 8, with the relevant rules of Chapter III to that Regulation and with the detailed production rules set out in Part V of Annex II thereto and that do not reconstitute properties that are lost in the processing and storage of organic feed, that do not correct the results of negligence in the processing or that otherwise may be misleading as to the true nature of these products are authorised in the processing of feed products in organic production.</p></content></paragraph><paragraph><num>2.</num><subparagraph><content><p>Where a Member State considers that a specific technique should be assessed as regards compliance with the principles and rules referred to in paragraph 1 or that certain specific conditions for use of that technique should be included in this Regulation, it may request the Commission to carry out such assessment. For that purpose, it shall notify the Commission and the other Member States of a dossier giving the reasons for such compliance or those specific conditions and shall ensure that the dossier is made publicly available subject to Union and national legislation on data protection.</p></content></subparagraph><subparagraph><content><p>The Commission shall regularly publish any request referred to in the first subparagraph.</p></content></subparagraph></paragraph><paragraph><num>3.</num><content><p>The Commission shall analyse the dossier referred to in paragraph 2. If the analysis conducted by the Commission concludes that the technique described in the dossier complies with the principles and rules referred to in paragraph 1, the Commission shall amend this Regulation for the purpose of explicitly authorising the technique referred to in the dossier or including its specific conditions for use in this Regulation.</p></content></paragraph><paragraph><num>4.</num><content><p>The Commission shall review the authorisation of the techniques for the processing of organic feed, including their description and conditions for use whenever new evidence becomes available or is provided by a Member State.</p></content></paragraph></article></chapter><chapter><num>CHAPTER V</num><heading>INFORMATION CONCERNING THE AVAILABILITY ON THE MARKET OF ORGANIC AND IN-CONVERSION PLANT REPRODUCTIVE MATERIAL, ORGANIC ANIMALS AND ORGANIC AQUACULTURE JUVENILES</heading><article xml:id="art_d176e1205"><num>Article 25</num><heading>Information to be provided by Member States</heading><paragraph><num>1.</num><content><p>Member States shall provide the information to be made available pursuant to point (a) of Article 53(6) of Regulation (EU) 2018/848 from the database referred to in Article 26(1) and the systems referred to in Article 26(2) and, where applicable, in Article 26(3) of that Regulation in accordance with the specifications set out in Part I of Annex III to this Regulation.</p></content></paragraph><paragraph><num>2.</num><content><p>Member States shall provide the information to be made available pursuant to point (b) of Article 53(6) of Regulation (EU) 2018/848 concerning the derogations granted in accordance with point 1.8.5 of Part I of Annex II to that Regulation and points 1.3.4.3 and 1.3.4.4 of Part II of that Annex in accordance with the specifications set out in Part II of Annex III to this Regulation.</p></content></paragraph><paragraph><num>3.</num><content><p>Member States shall provide the information to be made available pursuant to point (c) of Article 53(6) of Regulation (EU) 2018/848 concerning the availability on the Union market of organic protein feed for poultry and porcine animals and on the authorisation granted in accordance with points 1.9.3.1(c) and 1.9.4.2(c) of Part II of Annex II to that Regulation in reply to a questionnaire submitted annually to Member States by the Commission.</p></content></paragraph><paragraph><num>4.</num><content><p>The information referred to in paragraphs 1, 2 and 3 shall be provided in the format and via the system made available by the Commission. That information shall be provided each year by 30 June and for the first time by 30 June 2022 concerning the year 2021.</p></content></paragraph><paragraph><num>5.</num><content><p>The information referred to in paragraphs 1 and 2, received from Member States pursuant to Article 53(6) of Regulation (EU) 2018/848 shall be included in the database referred to in Article 26(1) and the systems referred to in Article 26(2) and, where applicable, in Article 26(3) of that Regulation.</p></content></paragraph></article></chapter><chapter><num>CHAPTER VI</num><heading>FINAL AND TRANSITIONAL PROVISIONS</heading><article xml:id="art_d176e1247"><num>Article 26</num><heading>Transitional provisions</heading><paragraph><num>1.</num><content><p>By way of derogation from Section 3 of Chapter II of this Regulation, holdings or production units with porcine animals in facilities built, refurbished or brought into use before the date of entry into application of this Regulation in compliance with Regulations (EC) No 834/2007 and (EC) No 889/2008 and for which major reconstruction of external facilities is necessary to comply with the requirement on at least half of the surface of the outdoor area consisting of solid construction as laid down in Article 11 of this Regulation, shall comply with that Article as from 1 January 2029 at the latest.</p></content></paragraph><paragraph><num>2.</num><content><p>By way of derogation from Section 4 of Chapter II of this Regulation, holdings or production units with poultry houses that were built, refurbished or brought into use before the date of entry into application of this Regulation in compliance with Regulations (EC) No 834/2007 and (EC) No 889/2008 and for which a renovation of the animals&apos; premises is necessary to comply with the requirement on the combined length for pop-holes from the indoor house to the veranda laid down in point (b) of Article 15(2) of this Regulation, shall comply with that point as from 1 January 2024 at the latest.</p></content></paragraph><paragraph><num>3.</num><content><p>By way of derogation from Section 4 of Chapter II of this Regulation, holdings or production units with poultry houses with an outdoor part of the building that were built, refurbished or brought into use before the date of entry into application of this Regulation in compliance with Regulations (EC) No 834/2007 and (EC) No 889/2008 and for which a major reduction of the indoor stocking density or the renovation of the buildings is needed to comply with the requirements on the calculation of the stocking density and the minimum indoor areas as set out in Part IV of Annex I to this Regulation while complying with point (c) of Article 15(2), shall comply with those provisions as from 1 January 2024 at the latest.</p></content></paragraph><paragraph><num>4.</num><content><p>By way of derogation from Section 4 of Chapter II of this Regulation, holdings or production units with poultry houses that were built, refurbished or brought into use before the date of entry into application of this Regulation in compliance with Regulations (EC) No 834/2007 and (EC) No 889/2008 and for which a renovation of animals&apos; premises or a replacement of the equipment is necessary to comply with the requirements on solid partition laid down in point (c) of Article 15(3) or with the requirement on perches or raised sitting levels laid down in Article 15(5) of this Regulation, shall comply with those provisions as from 1 January 2024 at the latest.</p></content></paragraph><paragraph><num>5.</num><content><p>By way of derogation from Section 4 of Chapter II of this Regulation, holdings or production units with multi-tiered poultry houses that were built, refurbished or brought into use before the date of entry into application of this Regulation in compliance with Regulations (EC) No 834/2007 and (EC) No 889/2008 and for which a major refurbishment of animals&apos; premises or a replacement of the equipment are necessary to comply with the requirements on the maximum number of tiers and on the system for manure removal laid down respectively in points (b) and (c) of Article 15(4) of this Regulation, shall comply with those points as from 1 January 2029 at the latest.</p></content></paragraph><paragraph><num>6.</num><content><p>By way of derogation from Section 4 of Chapter II of this Regulation, holdings or production units with poultry houses that have open air areas extending beyond a radius of 150 m from the nearest exit/entry pop-hole of the poultry house built, refurbished or brought into use before the date of entry into application of this Regulation in compliance with Regulations (EC) No 834/2007 and (EC) No 889/2008 and for which major adaptations of the structure of the facilities or additional land acquisition are necessary to comply with the requirement on the maximum radius laid down in Article 16(6) of this Regulation, shall comply with that provision as from 1 January 2029 at the latest.</p></content></paragraph><paragraph><num>7.</num><content><p>By way of derogation from Section 2 of Part IV of Annex I to this Regulation, for holdings or production units producing pullets in poultry facilities built, refurbished or brought into use before the date of entry into application of this Regulation in compliance with Regulations (EC) No 834/2007 and (EC) No 889/2008 and for which major adaptations of the structure of the poultry houses or additional land acquisition are necessary to comply with the rules of Section 2 of Part IV of Annex I to this Regulation, shall comply with the stocking density and the minimum surface of indoor and outdoor areas for pullets and brother roosters laid down in Section 2 of Part IV of Annex I to this Regulation as from 1 January 2029 at the latest.</p></content></paragraph></article><article xml:id="art_d176e1309"><num>Article 27</num><heading>Entry into force and application</heading><paragraph><content><p>This Regulation shall enter into force on the twentieth day following that of its publication in the <i>Official Journal of the European Union</i>.</p></content></paragraph><paragraph><content><p>It shall apply from 1 January 2021.</p></content></paragraph></article></chapter><clause><content><p>This Regulation shall be binding in its entirety and directly applicable in all Member States.</p></content></clause></body><conclusions><p>Done at Brussels, 26 March 2020.</p><block name="signatory"><signature><organization refersTo="">For the Commission</organization><role refersTo="">The President</role><person refersTo="">Ursula VON DER LEYEN</person></signature></block></conclusions></bill></akomaNtoso>