<?xml version="1.0" encoding="UTF-8"?><akomaNtoso xmlns="http://docs.oasis-open.org/legaldocml/ns/akn/3.0" xmlns:fmx="http://formex.publications.europa.eu/schema/formex-05.21-20110601.xd" xmlns:leos="urn:eu:europa:ec:leos" xmlns:xs="http://www.w3.org/2001/XMLSchema"><bill name=""><meta xmlns:fn="http://www.w3.org/2005/xpath-functions"><identification source="~COM"><FRBRWork><FRBRthis value=""/><FRBRuri value=""/><FRBRdate date="2999-01-01" name=""/><FRBRauthor href=""/><FRBRcountry value=""/></FRBRWork><FRBRExpression><FRBRthis value=""/><FRBRuri value=""/><FRBRdate date="2999-01-01" name=""/><FRBRauthor href=""/><FRBRlanguage language="eng"/></FRBRExpression><FRBRManifestation><FRBRthis value=""/><FRBRuri value=""/><FRBRdate date="2999-01-01" name=""/><FRBRauthor href=""/></FRBRManifestation></identification></meta><preface><longTitle><p><docStage/><docType>COMMISSION IMPLEMENTING REGULATION (EU) 2020/37</docType>of 16 January 2020<docPurpose>amending Council Regulation (EC) No 1210/2003 concerning certain specific restrictions on economic and financial relations with Iraq</docPurpose></p></longTitle></preface><preamble><formula name="actingEntity"><p>THE EUROPEAN COMMISSION,</p></formula><citations><citation><p>Having regard to the Treaty on the Functioning of the European Union,</p></citation><citation><p>Having regard to Council Regulation (EC) No 1210/2003 of 7 July 2003 concerning certain specific restrictions on economic and financial relations with Iraq and repealing Regulation (EC) No 2465/96<authorialNote placement="bottom" marker="1"><p>OJ L 169, 8.7.2003, p. 6.</p></authorialNote>, and in particular Article 11(b) thereof,</p></citation></citations><recitals xml:id="recs_d30e68"><intro><p>Whereas:</p></intro><recital xml:id="rec_d30e71"><num>(1)</num><p>Annex III to Regulation (EC) No 1210/2003 lists public bodies, corporations and agencies and natural and legal persons, bodies and entities of the previous government of Iraq covered by the freezing of funds and economic resources that were located outside Iraq on 22 May 2003 under that Regulation.</p></recital><recital xml:id="rec_d30e80"><num>(2)</num><p>On 2 January 2020, the Sanctions Committee of the United Nations Security Council decided to remove fifteen entries from the list of persons or entities to whom the freezing of funds and economic resources should apply.</p></recital><recital xml:id="rec_d30e89"><num>(3)</num><p>Annex III to Regulation (EC) No 1210/2003 should therefore be amended accordingly,</p></recital></recitals><formula name="enactingFormula"><p>HAS ADOPTED THIS REGULATION:</p></formula></preamble><body><article xml:id="art_d30e98"><num>Article 1</num><heading/><paragraph><content><p>Annex III to Regulation (EC) No 1210/2003 is amended as set out in the Annex to this Regulation.</p></content></paragraph></article><article xml:id="art_d30e103"><num>Article 2</num><heading/><paragraph><content><p>This Regulation shall enter into force on the day following that of its publication in the <i>Official Journal of the European Union</i>.</p></content></paragraph></article><clause><content><p>This Regulation shall be binding in its entirety and directly applicable in all Member States.</p></content></clause></body><conclusions><p>Done at Brussels, 16 January 2020.</p><block name="signatory"><signature><organization refersTo="">For the Commission</organization><role refersTo="">The President</role><person refersTo="">Ursula VON DER LEYEN</person></signature></block></conclusions></bill></akomaNtoso>