<?xml version="1.0" encoding="UTF-8"?><akomaNtoso xmlns="http://docs.oasis-open.org/legaldocml/ns/akn/3.0" xmlns:fmx="http://formex.publications.europa.eu/schema/formex-05.21-20110601.xd" xmlns:leos="urn:eu:europa:ec:leos" xmlns:xs="http://www.w3.org/2001/XMLSchema"><bill name=""><meta xmlns:fn="http://www.w3.org/2005/xpath-functions"><identification source="~COM"><FRBRWork><FRBRthis value=""/><FRBRuri value=""/><FRBRdate date="2999-01-01" name=""/><FRBRauthor href=""/><FRBRcountry value=""/></FRBRWork><FRBRExpression><FRBRthis value=""/><FRBRuri value=""/><FRBRdate date="2999-01-01" name=""/><FRBRauthor href=""/><FRBRlanguage language="eng"/></FRBRExpression><FRBRManifestation><FRBRthis value=""/><FRBRuri value=""/><FRBRdate date="2999-01-01" name=""/><FRBRauthor href=""/></FRBRManifestation></identification></meta><preface><longTitle><p><docStage/><docType>COUNCIL DECISION (CFSP) 2020/117</docType>of 27 January 2020<docPurpose>amending Decision 2011/72/CFSP concerning restrictive measures directed against certain persons and entities in view of the situation in Tunisia</docPurpose></p></longTitle></preface><preamble><formula name="actingEntity"><p>THE COUNCIL OF THE EUROPEAN UNION,</p></formula><citations><citation><p>Having regard to the Treaty on European Union and in particular Article 29 thereof,</p></citation><citation><p>Having regard to the proposal from the High Representative of the Union for Foreign Affairs and Security Policy,</p></citation></citations><recitals xml:id="recs_d7e59"><intro><p>Whereas:</p></intro><recital xml:id="rec_d7e62"><num>(1)</num><p>On 31 January 2011 the Council adopted Decision 2011/72/CFSP<authorialNote placement="bottom" marker="1"><p>Council Decision 2011/72/CFSP of 31 January 2011 concerning restrictive measures directed against certain persons and entities in view of the situation in Tunisia (OJ L 28, 2.2.2011, p. 62).</p></authorialNote> concerning restrictive measures directed against certain persons and entities in view of the situation in Tunisia.</p></recital><recital xml:id="rec_d7e81"><num>(2)</num><p>On the basis of a review of Decision 2011/72/CFSP, the restrictive measures set out therein should be extended until 31 January 2021 and the Annex to that Decision should be amended and supplemented with information regarding the rights of defence and the right to effective judicial protection.</p></recital><recital xml:id="rec_d7e90"><num>(3)</num><p>Decision 2011/72/CFSP should therefore be amended accordingly,</p></recital></recitals><formula name="enactingFormula"><p>HAS ADOPTED THIS DECISION:</p></formula></preamble><body><article xml:id="art_d7e99" leos:compliant="false"><num>Article 1</num><heading/><paragraph><subparagraph><content><p>Decision 2011/72/CFSP is amended as follows:</p></content></subparagraph><list><point><num>(1)</num><alinea><content><p>Article 5 is replaced by the following:</p></content></alinea><alinea><content><p><mod><quotedStructure startQuote="" endQuote=""><alinea><content><p>&apos;<i>Article 5</i></p></content></alinea><alinea><content><p>This Decision shall apply until 31 January 2021. It shall be kept under constant review. It may be renewed or amended, as appropriate, if the Council deems that its objectives have not been met.&apos;;</p></content></alinea></quotedStructure></mod></p></content></alinea></point><point><num>(2)</num><content><p>the Annex is amended in accordance with the Annex to this Decision.</p></content></point></list></paragraph></article><article xml:id="art_d7e129"><num>Article 2</num><heading/><paragraph><content><p>This Decision shall enter into force on the day following that of its publication in the <i>Official Journal of the European Union</i>.</p></content></paragraph></article></body><conclusions><p>Done at Brussels, 27 January 2020.</p><block name="signatory"><signature><organization refersTo="">For the Council</organization><role refersTo="">The President</role><person refersTo="">M. VUČKOVIĆ.</person></signature></block></conclusions></bill></akomaNtoso>