<?xml version="1.0" encoding="UTF-8"?><akomaNtoso xmlns="http://docs.oasis-open.org/legaldocml/ns/akn/3.0" xmlns:fmx="http://formex.publications.europa.eu/schema/formex-05.21-20110601.xd" xmlns:leos="urn:eu:europa:ec:leos" xmlns:xs="http://www.w3.org/2001/XMLSchema"><bill name=""><meta xmlns:fn="http://www.w3.org/2005/xpath-functions"><identification source="~COM"><FRBRWork><FRBRthis value=""/><FRBRuri value=""/><FRBRdate date="2999-01-01" name=""/><FRBRauthor href=""/><FRBRcountry value=""/></FRBRWork><FRBRExpression><FRBRthis value=""/><FRBRuri value=""/><FRBRdate date="2999-01-01" name=""/><FRBRauthor href=""/><FRBRlanguage language="eng"/></FRBRExpression><FRBRManifestation><FRBRthis value=""/><FRBRuri value=""/><FRBRdate date="2999-01-01" name=""/><FRBRauthor href=""/></FRBRManifestation></identification></meta><preface><longTitle><p><docStage/><docType>DECISION (EU) 2020/138 OF THE EUROPEAN CENTRAL BANK</docType>of 22 January 2020<docPurpose>on the paying-up of the European Central Bank&apos;s capital by the national central banks of Member States whose currency is the euro and repealing Decision (EU) 2019/44 (ECB/2020/4)</docPurpose></p></longTitle></preface><preamble><formula name="actingEntity"><p>THE GOVERNING COUNCIL OF THE EUROPEAN CENTRAL BANK,</p></formula><citations><citation><p>Having regard to the Treaty on the Functioning of the European Union,</p></citation><citation><p>Having regard to the Statute of the European System of Central Banks and of the European Central Bank, and in particular Article 28.3 thereof,</p></citation></citations><recitals xml:id="recs_d89e61"><intro><p>Whereas:</p></intro><recital xml:id="rec_d89e64"><num>(1)</num><p>Decision (EU) 2019/44 of the European Central Bank (ECB/2018/28)<authorialNote placement="bottom" marker="1"><p>Decision (EU) 2019/44 of the European Central Bank of 29 November 2018 on the paying-up of the European Central Bank&apos;s capital by the national central banks of Member States whose currency is the euro, amending Decision ECB/2014/61 and repealing Decision ECB/2013/30 (ECB/2018/28) (OJ L 9, 11.1.2019, p. 180).</p></authorialNote> determined how and to what extent national central banks (NCBs) of Member States whose currency is the euro (hereinafter &apos;euro area NCBs&apos;) were under an obligation to pay up the capital of the European Central Bank (ECB) from 1 January 2019.</p></recital><recital xml:id="rec_d89e87"><num>(2)</num><p>On 29 March 2017, the United Kingdom of Great Britain and Northern Ireland (the &apos;United Kingdom&apos;) submitted the notification of its intention to withdraw from the European Union pursuant to Article 50 of the Treaty on European Union. The Treaty on European Union and the Treaty on the Functioning of the European Union will cease to apply to the United Kingdom from the date following the date referred to in Article 1(1) of Decision (EU) 2019/1810 of the European Council<authorialNote placement="bottom" marker="2"><p>European Council Decision (EU) 2019/1810 taken in agreement with the United Kingdom of 29 October 2019 extending the period under Article 50(3)TEU (OJ L 278I, 30.10.2019, p. 1).</p></authorialNote>. Upon the withdrawal of the United Kingdom from the European Union, the Bank of England (BoE) ceases to be a national central bank of a Member State and therefore of the European System of Central Banks. Decision (EU) 2020/137 of the European Central Bank (ECB/2020/3)<authorialNote placement="bottom" marker="3"><p>Decision (EU) 2020/137 of the European Central Bank of 22 January 2020 on the national central banks&apos; percentage shares in the key for subscription to the European Central Bank&apos;s capital and repealing Decision (EU) 2019/43 (ECB/2020/3) (see page 4 of this Official Journal).</p></authorialNote> provides for the adjustment of the key for subscription to the ECB&apos;s capital (hereinafter the &apos;capital key&apos;) in accordance with Article 29.3 and Article 29.4 of the Statute of the European System of Central Banks and of the European Central Bank and establishes with effect from 1 February 2020 the new weightings assigned to the NCBs in the adjusted capital key (hereinafter the &apos;capital key weightings&apos;).</p></recital><recital xml:id="rec_d89e129"><num>(3)</num><p>The adjustment of the ECB&apos;s capital key triggered by the BoE ceasing to be a national central bank of a Member State requires the adoption of a new ECB decision repealing Decision (EU) 2019/44 (ECB/2018/28) with effect from 1 February 2020, and determining how and to what extent, the euro area NCBs are under an obligation to pay up the ECB&apos;s capital with effect from 1 February 2020,</p></recital></recitals><formula name="enactingFormula"><p>HAS ADOPTED THIS DECISION:</p></formula></preamble><body><article xml:id="art_d89e144"><num>Article 1</num><heading>Extent and form of subscribed and paid-up capital</heading><paragraph><num>1.</num><subparagraph><content><p>Taking into account the capital key weightings set out in Article 2 of Decision (EU) 2020/137(ECB/2020/3), each euro area NCB shall have, with effect from 1 February 2020, a share in the subscribed capital in the amount shown next to its name in the following table:</p></content></subparagraph><subparagraph><content><table class="TBL"><tr><th><p><i>Euro</i><i>area NCB</i></p></th><th><p><i>EUR</i></p></th></tr><tr><td><p>Nationale Bank van België/Banque Nationale de Belgique</p></td><td><p>320744959,47</p></td></tr><tr><td><p>Deutsche Bundesbank</p></td><td><p>2320816565,68</p></td></tr><tr><td><p>Eesti Pank</p></td><td><p>24800091,20</p></td></tr><tr><td><p>Central Bank of Ireland</p></td><td><p>149081997,36</p></td></tr><tr><td><p>Bank of Greece</p></td><td><p>217766667,22</p></td></tr><tr><td><p>Banco de España</p></td><td><p>1049820010,62</p></td></tr><tr><td><p>Banque de France</p></td><td><p>1798120274,32</p></td></tr><tr><td><p>Banca d&apos;Italia</p></td><td><p>1495637101,77</p></td></tr><tr><td><p>Central Bank of Cyprus</p></td><td><p>18943762,37</p></td></tr><tr><td><p>Latvijas Banka</p></td><td><p>34304447,40</p></td></tr><tr><td><p>Lietuvos bankas</p></td><td><p>50953308,28</p></td></tr><tr><td><p>Banque centrale du Luxembourg</p></td><td><p>29000193,94</p></td></tr><tr><td><p>Central Bank of Malta</p></td><td><p>9233731,03</p></td></tr><tr><td><p>De Nederlandsche Bank</p></td><td><p>515941486,95</p></td></tr><tr><td><p>Oesterreichische Nationalbank</p></td><td><p>257678468,28</p></td></tr><tr><td><p>Banco de Portugal</p></td><td><p>206054009,57</p></td></tr><tr><td><p>Banka Slovenije</p></td><td><p>42390727,68</p></td></tr><tr><td><p>Národná banka Slovenska</p></td><td><p>100824115,85</p></td></tr><tr><td><p>Suomen Pankki</p></td><td><p>161714780,61</p></td></tr></table></content></subparagraph></paragraph><paragraph><num>2.</num><content><p>Each euro area NCB shall pay up its subscription to the ECB&apos;s capital in full by instalments as set out in Article 2.</p></content></paragraph></article><article xml:id="art_d89e290"><num>Article 2</num><heading>Adjustment of paid-up capital</heading><paragraph><num>1.</num><content><p>Given that each euro area NCB has already paid up its full share in the ECB&apos;s subscribed capital as applicable until 31 January 2020 under Decision (EU) 2019/44 (ECB/2018/28), each of them shall transfer an additional amount to the ECB in order to arrive at the amounts shown in the table in Article 1. These transfers shall be made by each euro area NCB in three instalments. The first instalment by the euro area NCBs shall be made on 1 February 2020, amounting to a total of EUR 47539371,66. The two remaining instalments, amounting to totals of EUR 610088603,17 and EUR 610088603,05 respectively, shall be made in 2021 and 2022.</p></content></paragraph><paragraph><num>2.</num><content><p>All transfers pursuant to this Article shall be made in accordance with Decision (EU) 2020/137 of the European Central Bank (ECB/2020/5)<authorialNote placement="bottom" marker="4"><p>Decision (EU) 2020/139 of the European Central Bank of 22 January 2020 laying down the terms and conditions for transfers of the European Central Bank&apos;s capital shares between the national central banks and for the adjustment of the paid-up capital and repealing Decision (EU) 2019/45 (ECB/2020/5) (see page 9 of this Official Journal).</p></authorialNote>.</p></content></paragraph></article><article xml:id="art_d89e327"><num>Article 3</num><heading>Entry into force and repeal</heading><paragraph><num>1.</num><content><p>This Decision shall enter into force on 1 February 2020.</p></content></paragraph><paragraph><num>2.</num><content><p>Decision (EU) 2019/44 (ECB/2018/28) is repealed with effect from 1 February 2020.</p></content></paragraph><paragraph><num>3.</num><content><p>References to Decision (EU) 2019/44 (ECB/2018/28) shall be construed as references to this Decision.</p></content></paragraph></article></body><conclusions><p>Done at Frankfurt am Main, 22 January 2020.</p><block name="signatory"><signature><organization refersTo="">The President of the ECB</organization><role refersTo="">Christine LAGARDE</role></signature></block></conclusions></bill></akomaNtoso>