<?xml version="1.0" encoding="UTF-8"?><akomaNtoso xmlns="http://docs.oasis-open.org/legaldocml/ns/akn/3.0" xmlns:fmx="http://formex.publications.europa.eu/schema/formex-05.21-20110601.xd" xmlns:leos="urn:eu:europa:ec:leos" xmlns:xs="http://www.w3.org/2001/XMLSchema"><bill name=""><meta xmlns:fn="http://www.w3.org/2005/xpath-functions"><identification source="~COM"><FRBRWork><FRBRthis value=""/><FRBRuri value=""/><FRBRdate date="2999-01-01" name=""/><FRBRauthor href=""/><FRBRcountry value=""/></FRBRWork><FRBRExpression><FRBRthis value=""/><FRBRuri value=""/><FRBRdate date="2999-01-01" name=""/><FRBRauthor href=""/><FRBRlanguage language="eng"/></FRBRExpression><FRBRManifestation><FRBRthis value=""/><FRBRuri value=""/><FRBRdate date="2999-01-01" name=""/><FRBRauthor href=""/></FRBRManifestation></identification></meta><preface><longTitle><p><docStage/><docType>COMMISSION IMPLEMENTING REGULATION (EU) 2020/429</docType>of 14 February 2020<docPurpose>amending Implementing Regulation (EU) No 680/2014 laying down implementing technical standards with regard to supervisory reporting of institutions according to Regulation (EU) No 575/2013 of the European Parliament and of the Council</docPurpose></p></longTitle><container name="EEArelevance"><p>(Text with EEA relevance)</p></container></preface><preamble><formula name="actingEntity"><p>THE EUROPEAN COMMISSION,</p></formula><citations><citation><p>Having regard to the Treaty on the Functioning of the European Union,</p></citation><citation><p>Having regard to Regulation (EU) No 575/2013 of the European Parliament and of the Council of 26 June 2013 on prudential requirements for credit institutions and investment firms and amending Regulation (EU) No 648/2012<authorialNote placement="bottom" marker="1"><p>OJ L 176, 27.6.2013, p. 1.</p></authorialNote>, and in particular Article 99(5) thereof,</p></citation></citations><recitals xml:id="recs_d166e71"><intro><p>Whereas:</p></intro><recital xml:id="rec_d166e74"><num>(1)</num><p>Commission Implementing Regulation (EU) No 680/2014<authorialNote placement="bottom" marker="2"><p>Commission Implementing Regulation (EU) No 680/2014 of 16 April 2014 laying down implementing technical standards with regard to supervisory reporting of institutions according to Regulation (EU) No 575/2013 of the European Parliament and of the Council (OJ L 191, 28.6.2014, p. 1).</p></authorialNote> lays down uniform requirements for institutions in relation to supervisory reporting to competent authorities for the purposes of Articles 99 and 100, Article 101(4)(a), Article 394(1), and Articles 415 and 430 of Regulation (EU) No 575/2013.</p></recital><recital xml:id="rec_d166e90"><num>(2)</num><p>Regulation (EU) 2017/2402 of the European Parliament and of the Council<authorialNote placement="bottom" marker="3"><p>Regulation (EU) 2017/2402 of the European Parliament and of the Council of 12 December 2017 laying down a general framework for securitisation and creating a specific framework for simple, transparent and standardised securitisation, and amending Directives 2009/65/EC, 2009/138/EC and 2011/61/EU and Regulations (EC) No 1060/2009 and (EU) No 648/2012 (OJ L 347, 28.12.2017, p. 35).</p></authorialNote> set up a new framework for securitisation, including a specific framework for simple, transparent and standardised (STS) securitisations. It established preferential treatment for STS securitisations and certain SME synthetic securitisations and set out a framework for a more risk-sensitive regulatory treatment of exposures to securitisations. Implementing Regulation (EU) No 680/2014 needs to be amended to accommodate the reporting on securitisation positions to this new securitisation framework.</p></recital><recital xml:id="rec_d166e106"><num>(3)</num><p>Commission Regulation (EC) No 1126/2008<authorialNote placement="bottom" marker="4"><p>Commission Regulation (EC) No 1126/2008 of 3 November 2008 adopting certain international accounting standards in accordance with Regulation (EC) No 1606/2002 of the European Parliament and of the Council (OJ L 320, 29.11.2008, p. 1).</p></authorialNote> was amended by Regulation (EU) 2017/1986<authorialNote placement="bottom" marker="5"><p>Commission Regulation (EU) 2017/1986 of 31 October 2017 amending Regulation (EC) No 1126/2008 adopting certain international accounting standards in accordance with Regulation (EC) No 1606/2002 of the European Parliament and of the Council as regards International Financial Reporting Standard 16 (OJ L 291, 9.11.2017, p. 1).</p></authorialNote> to bring that Regulation in line with the International Financial Reporting Standard (IFRS) 16 Leases that the International Accounting Standards Board (IASB) published on 13 January 2016. Implementing Regulation (EU) No 680/2014 now also needs to be amended to reflect those amendments.</p></recital><recital xml:id="rec_d166e136"><num>(4)</num><p>Competent authorities&apos; should be able to effectively monitor and assess the institutions&apos; risk profile and to obtain a view on the risks posed to the financial sector. A high level of non-performing exposures (NPEs) affects the risk profile, profitability and solvency of institutions, ultimately affecting lending capacity to the overall economy. The reporting requirements should therefore be revised to strengthen the ability of competent authorities to assess and monitor non-performing exposures by collecting more granular information on those exposures on a recurring basis and to close identified data gaps.</p></recital><recital xml:id="rec_d166e142"><num>(5)</num><p>Moreover, the structure and extent of the expenses of institutions significantly influence the profitability and sustainability of the institutions&apos; business models. To enable competent authorities to gain deeper insights into those expenses, the reporting framework should be improved.</p></recital><recital xml:id="rec_d166e148"><num>(6)</num><p>Commission Delegated Regulation (EU) 2015/61<authorialNote placement="bottom" marker="6"><p>Commission Delegated Regulation (EU) 2015/61 of 10 October 2014 to supplement Regulation (EU) No 575/2013 of the European Parliament and the Council with regard to liquidity coverage requirement for Credit Institutions (OJ L 11, 17.1.2015, p. 1).</p></authorialNote> was amended by Delegated Regulation (EU) 2018/1620<authorialNote placement="bottom" marker="7"><p>Commission Delegated Regulation (EU) 2018/1620 of 13 July 2018 amending Delegated Regulation (EU) 2015/61 to supplement Regulation (EU) No 575/2013 of the European Parliament and the Council with regard to liquidity coverage requirement for credit institutions (OJ L 271, 30.10.2018, p. 10).</p></authorialNote> to improve alignment with international standards and facilitate more efficient liquidity management by credit institutions. Implementing Regulation (EU) No 680/2014 should likewise be amended to reflect those amendments in the reporting framework of the liquidity coverage requirements for credit institutions.</p></recital><recital xml:id="rec_d166e174"><num>(7)</num><p>Moreover, templates and instructions of Implementing Regulation (EU) No 680/2014 should also be reviewed to reassess the convenience and appropriateness of the memo items included in the templates and instructions during the early years of implementation of that Regulation as well as to correct typos, erroneous references and formatting inconsistencies which were discovered in the course of its application.</p></recital><recital xml:id="rec_d166e180"><num>(8)</num><p>Competent authorities should be able to receive information from institutions using templates amended by this Implementing Regulation as soon as possible so that they can exercise their supervisory functions effectively. The new Union securitisation framework becomes fully applicable on 1 January 2020 after transitional provisions expire. Therefore, the revised reporting requirements on own funds and own funds requirements set out in this Implementing Regulation should apply from 30 March 2020. In order to provide institutions and competent authorities with sufficient time to implement the revised reporting requirements on NPEs, debt obligations subject to forbearance measures, the operating and administrative expenses and financial information, which are set out in Annexes III to V of this Implementing Regulation, those revised reporting requirements should apply from 1 June 2020. Finally, taking into account the amendments introduced by Delegated Regulation (EU) 2018/1620 that apply from 30 April 2019, the provisions of this Implementing Regulation concerning liquidity reporting should apply from 1 April 2020.</p></recital><recital xml:id="rec_d166e201"><num>(9)</num><p>This Regulation is based on the draft implementing technical standards submitted by the European Banking Authority (EBA) to the Commission.</p></recital><recital xml:id="rec_d166e208"><num>(10)</num><p>EBA has conducted open public consultations on the draft implementing technical standards on which this Regulation is based, analysed the potential related costs and benefits and requested the opinion of the Banking Stakeholder Group established in accordance with Article 37 of Regulation (EU) No 1093/2010 of the European Parliament and of the Council<authorialNote placement="bottom" marker="8"><p>Regulation (EU) No 1093/2010 of the European Parliament and of the Council of 24 November 2010 establishing a European Supervisory Authority (European Banking Authority), amending Decision No 716/2009/EC and repealing Commission Decision 2009/78/EC (OJ L 331, 15.12.2010, p. 12).</p></authorialNote>. In accordance with the second subparagraph of Article 15(1) of that Regulation, EBA has not conducted any open public consultation with regard to those parts of the draft implementing technical standards on which this Regulation is based that are either of editorial nature or introduce only a limited number of items in the supervisory reporting framework. Such consultation would be disproportionate in relation to the scope and impact of the draft implementing technical standards concerned.</p></recital><recital xml:id="rec_d166e224"><num>(11)</num><p>Implementing Regulation (EU) No 680/2014 should therefore be amended accordingly,</p></recital></recitals><formula name="enactingFormula"><p>HAS ADOPTED THIS REGULATION:</p></formula></preamble><body><article xml:id="art_d166e234" leos:compliant="false"><num>Article 1</num><heading/><paragraph><subparagraph><content><p>Implementing Regulation (EU) No 680/2014 is amended as follows:</p></content></subparagraph><list><point><num>(1)</num><alinea><content><p>Article 5 is amended as follows:</p></content></alinea><list><point><num>(a)</num><alinea><content><p>point (a) is amended as follows:</p></content></alinea><list><point><num>(i)</num><content><p>point (7) is deleted;</p></content></point><point><num>(ii)</num><alinea><content><p>point (8) is replaced by the following:</p></content></alinea><alinea><content><p><mod><quotedStructure startQuote="" endQuote=""><list><point><num>&apos;(8)</num><content><p>the information on securitisation exposures specified in template 13.01 of Annex I, in accordance with the instructions in point 3.7 of Part II of Annex II;&apos;;</p></content></point></list></quotedStructure></mod></p></content></alinea></point></list></point><point><num>(b)</num><alinea><content><p>in point (b), point (1) is replaced by the following:</p></content></alinea><alinea><content><p><mod><quotedStructure startQuote="" endQuote=""><list><point><num>&apos;(1)</num><alinea><content><p>the information on all securitisation exposures as specified in templates 14 and 14.01 of Annex I, in accordance with the instructions in point 3.9 of Part II of Annex II;</p></content></alinea><alinea><content><p>Institutions shall be exempted from submitting those securitisation details where they are part of a group in the same country in which they are subject to own funds requirements;&apos;;</p></content></alinea></point></list></quotedStructure></mod></p></content></alinea></point></list></point><point><num>(2)</num><alinea><content><p>in Article 9, paragraph 2 is amended as follows:</p></content></alinea><list><point><num>(i)</num><alinea><content><p>point (c) is replaced by the following:</p></content></alinea><alinea><content><p><mod><quotedStructure startQuote="" endQuote=""><list><point><num>&apos;(c)</num><content><p>the information specified in Part 4 of Annex III, with the exception of the information specified in template 47, with an annual frequency;&apos;;</p></content></point></list></quotedStructure></mod></p></content></alinea></point><point><num>(ii)</num><alinea><content><p>the following points (h) and (i) are added:</p></content></alinea><alinea><content><p><mod><quotedStructure startQuote="" endQuote=""><list><point><num>&apos;(h)</num><alinea><content><p>with a quarterly frequency, the information specified in templates 23 to 26 in Part 2 of Annex III where both of the following conditions are fulfilled:</p></content></alinea><list><point><num>(i)</num><content><p>the institution is not a small and non-complex institution as defined in point (145) of Article 4(1) of Regulation (EU) No 575/2013;</p></content></point><point><num>(ii)</num><content><p>the ratio between the institution&apos;s gross carrying amount of non-performing loans and advances and the total gross carrying amount of loans and advances falling under the category of non-performing exposures as set out in section 17 of Part 2 of Annex V to this Regulation is equal to or higher than 5 %. For the purposes of this point, the ratio shall exclude loans and advances classified as held for sale, cash balances at central banks and other demand deposits in both the numerator and the denominator.</p></content></point></list><alinea><content><p>The entry and exit criteria referred to in Article 4 shall apply.</p></content></alinea></point><point><num>(i)</num><content><p>with an annual frequency, the information specified in template 47 in Part 4 of Annex III where both of the conditions referred to in points (i) and (ii) of point (h) of this paragraph are fulfilled. The entry and exit criteria referred to in Article 4 shall apply.&apos;;</p></content></point></list></quotedStructure></mod></p></content></alinea></point></list></point><point><num>(3)</num><alinea><content><p>in Article 11, paragraph 2 is amended as follows:</p></content></alinea><list><point><num>(i)</num><alinea><content><p>point (c) is replaced by the following:</p></content></alinea><alinea><content><p><mod><quotedStructure startQuote="" endQuote=""><list><point><num>&apos;(c)</num><content><p>the information specified in Part 4 of Annex IV, with the exception of the information specified in template 47, with an annual frequency;&apos;;</p></content></point></list></quotedStructure></mod></p></content></alinea></point><point><num>(ii)</num><alinea><content><p>the following points (h) and (i) are added:</p></content></alinea><alinea><content><p><mod><quotedStructure startQuote="" endQuote=""><list><point><num>&apos;(h)</num><content><p>with a quarterly frequency, the information specified in templates 23 to 26 in Part 2 of Annex IV where the conditions referred to in points (i) and (ii) of point (h) of Article 9(2) are fulfilled. The entry and exit criteria referred to in Article 4 shall apply;</p></content></point><point><num>(i)</num><content><p>with an annual frequency, the information specified in template 47 in Part 4 of Annex IV where the conditions referred to in points (i) and (ii) of point (h) of Article 9(2) are fulfilled. The entry and exit criteria referred to in Article 4 shall apply.&apos;;</p></content></point></list></quotedStructure></mod></p></content></alinea></point></list></point><point><num>(4)</num><content><p>Annex I is replaced by the text in Annex I to this Regulation;</p></content></point><point><num>(5)</num><content><p>Annex II is replaced by the text in Annex II to this Regulation.</p></content></point><point><num>(6)</num><content><p>Annex III is replaced by the text in Annex III to this Regulation.</p></content></point><point><num>(7)</num><content><p>Annex IV is replaced by the text in Annex IV to this Regulation.</p></content></point><point><num>(8)</num><content><p>Annex V is replaced by the text in Annex V to this Regulation.</p></content></point><point><num>(9)</num><content><p>Annex XVIII is replaced by the text in Annex VI to this Regulation;</p></content></point><point><num>(10)</num><content><p>Annex XIX is replaced by the text in Annex VII to this Regulation.</p></content></point><point><num>(11)</num><content><p>Annex XXIV is replaced by the text in Annex VIII to this Regulation;</p></content></point><point><num>(12)</num><content><p>Annex XXV is replaced by the text in Annex IX to this Regulation.</p></content></point></list></paragraph></article><article xml:id="art_d166e473"><num>Article 2</num><heading/><paragraph><content><p>This Regulation shall enter into force on the day following that of its publication in the <i>Official Journal of the European Union</i>.</p></content></paragraph><paragraph><content><p>Points (1), (4) and (5) of Article 1 shall apply from 30 March 2020. Points (9) to (12) of Article 1 shall apply from 1 April 2020. Points (2), (3), (6) to (8) of Article 1 shall apply from 1 June 2020.</p></content></paragraph></article><clause><content><p>This Regulation shall be binding in its entirety and directly applicable in all Member States.</p></content></clause></body><conclusions><p>Done at Brussels, 14 February 2020.</p><block name="signatory"><signature><organization refersTo="">For the Commission</organization><role refersTo="">The President</role><person refersTo="">Ursula VON DER LEYEN</person></signature></block></conclusions></bill></akomaNtoso>