<?xml version="1.0" encoding="UTF-8"?><akomaNtoso xmlns="http://docs.oasis-open.org/legaldocml/ns/akn/3.0" xmlns:fmx="http://formex.publications.europa.eu/schema/formex-05.21-20110601.xd" xmlns:leos="urn:eu:europa:ec:leos" xmlns:xs="http://www.w3.org/2001/XMLSchema"><bill name=""><meta xmlns:fn="http://www.w3.org/2005/xpath-functions"><identification source="~COM"><FRBRWork><FRBRthis value=""/><FRBRuri value=""/><FRBRdate date="2999-01-01" name=""/><FRBRauthor href=""/><FRBRcountry value=""/></FRBRWork><FRBRExpression><FRBRthis value=""/><FRBRuri value=""/><FRBRdate date="2999-01-01" name=""/><FRBRauthor href=""/><FRBRlanguage language="eng"/></FRBRExpression><FRBRManifestation><FRBRthis value=""/><FRBRuri value=""/><FRBRdate date="2999-01-01" name=""/><FRBRauthor href=""/></FRBRManifestation></identification></meta><preface><longTitle><p><docStage/><docType>COMMISSION IMPLEMENTING REGULATION (EU) 2020/145</docType>of 3 February 2020<docPurpose>amending Implementing Regulation (EU) No 433/2012 laying down detailed rules for the application of Regulation (EU) No 1236/2010 of the European Parliament and of the Council as regards the transmission of reports and information to the North-East Atlantic Fisheries Commission</docPurpose></p></longTitle></preface><preamble><formula name="actingEntity"><p>THE EUROPEAN COMMISSION,</p></formula><citations><citation><p>Having regard to the Treaty on the Functioning of the European Union,</p></citation><citation><p>Having regard to Regulation (EU) No 1236/2010 of the European Parliament and of the Council of 15 December 2010 laying down a scheme of control and enforcement applicable in the area covered by the Convention on future multilateral cooperation in the North-East Atlantic fisheries and repealing Council Regulation (EC) No 2791/1999<authorialNote placement="bottom" marker="1"><p>OJ L 348, 31.12.2010, p. 17.</p></authorialNote>, and in particular Articles 9 and 11 thereof,</p></citation></citations><recitals xml:id="recs_d216e68"><intro><p>Whereas:</p></intro><recital xml:id="rec_d216e71"><num>(1)</num><p>Regulation (EU) No 1236/2010 lays down certain specific control measures to monitor fishing activities of the Union in the Area covered by the North-East Atlantic Fisheries Commission (NEAFC). Detailed rules for the application of Regulation (EU) No 1236/2010 are laid down in Commission Implementing Regulation (EU) No 433/2012<authorialNote placement="bottom" marker="2"><p>Commission Implementing Regulation (EU) No 433/2012 of 23 May 2012 laying down detailed rules for the application of Regulation (EU) No 1236/2010 of the European Parliament and of the Council laying down a scheme of control and enforcement applicable in the area covered by the Convention on future multilateral cooperation in the North-East Atlantic fisheries (OJ L 136, 25.5.2012, p. 41).</p></authorialNote>.</p></recital><recital xml:id="rec_d216e87"><num>(2)</num><p>In accordance with Article 12(2) of Regulation (EU) No 1236/2010 Members states are to ensure that the reports and information transmitted to the NEAFC Secretary comply with the data exchange formats and data communication systems determined pursuant to Article 16 of Implementing Regulation (EU) No 433/2012.</p></recital><recital xml:id="rec_d216e93"><num>(3)</num><p>At its 2018 Annual Meeting the NEAFC has agreed on a new electronic reporting system for the communication of data between the contracting parties and the NEAFC Secretariat based on the UN/FLUX standard<authorialNote placement="bottom" marker="3"><p>Report on the 37<sup>th</sup> Annual Meeting of the NEAFC (13-16 November 2018), point 12.7.</p></authorialNote>. NEAFC has decided that the European Union would be the first contracting party to NEAFC to implement the new electronic reporting system. Once the Commission informs NEAFC Secretariat that it is ready to start the implementation of the new reporting system and NEAFC has established that the technical preparations to use the UN/FLUX standard are completed, NEAFC will decide on a date as of which the new standard becomes applicable for data exchanges. The new reporting system will first be used between the EU and the NEAFC Secretariat, and other contracting parties will have to implement the system at the latest within two years of its entry into force.</p></recital><recital xml:id="rec_d216e112"><num>(4)</num><p>Implementation of the new electronic reporting system requires preparatory work at Commission and Member States level. To avoid undue delays in implementation of the new reporting system, it is therefore necessary to define the date by which the Member States concerned should be in a position to implement the new data exchange formats and data communication systems.</p></recital><recital xml:id="rec_d216e118"><num>(5)</num><p>The Commission will communicate the date for the start of the implementation period of the new electronic reporting system to the Member States once a decision is taken by NEAFC to this effect.</p></recital><recital xml:id="rec_d216e125"><num>(6)</num><p>It is therefore necessary to amend Implementing Regulation (EU) No 433/2012.</p></recital><recital xml:id="rec_d216e131"><num>(7)</num><p>The measures provided for in this Regulation are in accordance with the opinion of the Committee for Fisheries and Aquaculture,</p></recital></recitals><formula name="enactingFormula"><p>HAS ADOPTED THIS REGULATION:</p></formula></preamble><body><article xml:id="art_d216e140" leos:compliant="false"><num>Article 1</num><heading/><paragraph><content><p>Article 16 of Implementing Regulation (EU) No 433/2012 is replaced by the following:</p></content></paragraph><paragraph><content><p><mod><quotedStructure startQuote="" endQuote=""><article xml:id="art_d216e147"><num>&apos;Article 16</num><heading>Communication to the NEAFC Secretary</heading><paragraph><num>1.</num><content><p>The data exchange formats and data communication systems referred to in Article 12(2) of Regulation (EU) No 1236/2010 to be used for transmission of reports and information to the NEAFC Secretary shall continue to comply with the rules set out in Annex X to this Regulation until the date referred to in paragraph 3; the corresponding codes to be used in communication with the NEAFC Secretary are as set out in Annex XI.</p></content></paragraph><paragraph><num>2.</num><subparagraph><content><p>Member States shall complete, by 1 November 2020, all necessary technical preparations enabling the utilisation of the following data exchange formats and data communication systems for transmission of reports and information to the NEAFC Secretary:</p></content></subparagraph><list><point><num>(a)</num><content><p>To exchange fishing logbook data, prior notification data, transhipment declaration data, and landing declaration data, the format shall be the Fishing Activity Domain XML Schema Definition based on the UN/FLUX P1000-3 standard. The data exchange shall comply with the FLUX Fishing Activities Implementation Document adopted by NEAFC.</p></content></point><point><num>(b)</num><content><p>To report vessel monitoring system data, the format shall be the Vessel Position Domain XML Schema Definition based on the UN/FLUX P1000-7 standard. The data exchange shall comply with the FLUX Vessel Position Implementation Document adopted by NEAFC.</p></content></point></list></paragraph><paragraph><num>3.</num><content><p>Member States shall use the data exchange formats and data communication systems referred to in paragraph 2 from the date to be communicated by the Commission following the decision by NEAFC to this effect. The data exchanges shall comply with the FLUX Implementation Documents adopted by NEAFC.</p></content></paragraph><paragraph><num>4.</num><content><p>By way of derogation from paragraph 1 and 3, Member States may use the data exchange format referred to in paragraph 2 (b) to report vessel monitoring system data as of the entry into force of this Regulation. Member States shall inform the Commission of the date as of which the new data exchange format will be used.&apos;</p></content></paragraph></article></quotedStructure></mod></p></content></paragraph></article><article xml:id="art_d216e191"><num>Article 2</num><heading/><paragraph><content><p>This Regulation shall enter into force on the seventh day following its publication in the <i>Official Journal of the European Union</i>.</p></content></paragraph></article><clause><content><p>This Regulation shall be binding in its entirety and directly applicable in all Member States.</p></content></clause></body><conclusions><p>Done at Brussels, 3 February 2020.</p><block name="signatory"><signature><organization refersTo="">For the Commission</organization><role refersTo="">The President</role><person refersTo="">Ursula VON DER LEYEN</person></signature></block></conclusions></bill></akomaNtoso>