<?xml version="1.0" encoding="UTF-8"?><akomaNtoso xmlns="http://docs.oasis-open.org/legaldocml/ns/akn/3.0" xmlns:fmx="http://formex.publications.europa.eu/schema/formex-05.21-20110601.xd" xmlns:leos="urn:eu:europa:ec:leos" xmlns:xs="http://www.w3.org/2001/XMLSchema"><bill name=""><meta xmlns:fn="http://www.w3.org/2005/xpath-functions"><identification source="~COM"><FRBRWork><FRBRthis value=""/><FRBRuri value=""/><FRBRdate date="2999-01-01" name=""/><FRBRauthor href=""/><FRBRcountry value=""/></FRBRWork><FRBRExpression><FRBRthis value=""/><FRBRuri value=""/><FRBRdate date="2999-01-01" name=""/><FRBRauthor href=""/><FRBRlanguage language="eng"/></FRBRExpression><FRBRManifestation><FRBRthis value=""/><FRBRuri value=""/><FRBRdate date="2999-01-01" name=""/><FRBRauthor href=""/></FRBRManifestation></identification></meta><preface><longTitle><p><docStage/><docType>COUNCIL DECISION (CFSP) 2020/512</docType>of 7 April 2020<docPurpose>amending Decision 2011/235/CFSP concerning restrictive measures directed against certain persons and entities in view of the situation in Iran</docPurpose></p></longTitle></preface><preamble><formula name="actingEntity"><p>THE COUNCIL OF THE EUROPEAN UNION,</p></formula><citations><citation><p>Having regard to the Treaty on European Union, and in particular Article 29 thereof,</p></citation><citation><p>Having regard to the proposal of the High Representative of the Union for Foreign Affairs and Security Policy,</p></citation></citations><recitals xml:id="recs_d199e59"><intro><p>Whereas:</p></intro><recital xml:id="rec_d199e62"><num>(1)</num><p>On 12 April 2011, the Council adopted Decision 2011/235/CFSP<authorialNote placement="bottom" marker="1"><p>Council Decision 2011/235/CFSP of 12 April 2011 concerning restrictive measures directed against certain persons and entities in view of the situation in Iran (OJ L 100, 14.4.2011, p. 51).</p></authorialNote>.</p></recital><recital xml:id="rec_d199e81"><num>(2)</num><p>On the basis of a review of Decision 2011/235/CFSP, the Council considers that the restrictive measures set out therein should be renewed until 13 April 2021.</p></recital><recital xml:id="rec_d199e90"><num>(3)</num><p>The Council has also concluded that the entries concerning 82 persons included in the Annex to Decision 2011/235/CFSP should be updated.</p></recital><recital xml:id="rec_d199e96"><num>(4)</num><p>Decision 2011/235/CFSP should therefore be amended accordingly,</p></recital></recitals><formula name="enactingFormula"><p>HAS ADOPTED THIS DECISION:</p></formula></preamble><body><article xml:id="art_d199e105" leos:compliant="false"><num>Article 1</num><heading/><paragraph><subparagraph><content><p>Decision 2011/235/CFSP is amended as follows:</p></content></subparagraph><list><point><num>(1)</num><alinea><content><p>in Article 6, paragraph 2 is replaced by the following:</p></content></alinea><alinea><content><p><mod><quotedStructure startQuote="" endQuote=""><list><num>&apos;2.</num><content><p>This Decision shall apply until 13 April 2021. It shall be kept under constant review. It shall be renewed, or amended as appropriate, if the Council deems that its objectives have not been met.&apos;;</p></content></list></quotedStructure></mod></p></content></alinea></point><point><num>(2)</num><content><p>the Annex is amended as set out in the Annex to this Decision.</p></content></point></list></paragraph></article><article xml:id="art_d199e139"><num>Article 2</num><heading/><paragraph><content><p>This Decision shall enter into force on the date of its publication in the <i>Official Journal of the European Union</i>.</p></content></paragraph></article></body><conclusions><p>Done at Brussels, 7 April 2020.</p><block name="signatory"><signature><organization refersTo="">For the Council</organization><role refersTo="">The President</role><person refersTo="">G. GRLIĆ RADMAN</person></signature></block></conclusions></bill></akomaNtoso>