<?xml version="1.0" encoding="UTF-8"?><akomaNtoso xmlns="http://docs.oasis-open.org/legaldocml/ns/akn/3.0" xmlns:fmx="http://formex.publications.europa.eu/schema/formex-05.21-20110601.xd" xmlns:leos="urn:eu:europa:ec:leos" xmlns:xs="http://www.w3.org/2001/XMLSchema"><bill name=""><meta xmlns:fn="http://www.w3.org/2005/xpath-functions"><identification source="~COM"><FRBRWork><FRBRthis value=""/><FRBRuri value=""/><FRBRdate date="2999-01-01" name=""/><FRBRauthor href=""/><FRBRcountry value=""/></FRBRWork><FRBRExpression><FRBRthis value=""/><FRBRuri value=""/><FRBRdate date="2999-01-01" name=""/><FRBRauthor href=""/><FRBRlanguage language="eng"/></FRBRExpression><FRBRManifestation><FRBRthis value=""/><FRBRuri value=""/><FRBRdate date="2999-01-01" name=""/><FRBRauthor href=""/></FRBRManifestation></identification></meta><preface><longTitle><p><docStage/><docType>COMMISSION DECISION (EU) 2020/26</docType>of 13 January 2020<docPurpose>updating Annex A to the Monetary Agreement between the European Union and the Principality of Monaco</docPurpose></p></longTitle></preface><preamble><formula name="actingEntity"><p>THE EUROPEAN COMMISSION,</p></formula><citations><citation><p>Having regard to the Treaty on the Functioning of the European Union,</p></citation><citation><p>Having regard to the Monetary Agreement of 29 November 2011 between the European Union and the Principality of Monaco<authorialNote placement="bottom" marker="1"><p>OJ C 23, 28.1.2012, p. 13.</p></authorialNote>, and in particular Article 11(3) thereof,</p></citation></citations><recitals xml:id="recs_d17e68"><intro><p>Whereas:</p></intro><recital xml:id="rec_d17e71"><num>(1)</num><p>Article 11(2) of the Monetary Agreement between the European Union and the Principality of Monaco (hereinafter &apos;the Monetary Agreement&apos;) requires the Principality of Monaco to apply the same rules as those established in the French Republic for the purposes of transposing European legal acts concerning the activities and prudential regulation of credit institutions and the prevention of systemic risks to payment and securities settlement systems contained in Annex A,</p></recital><recital xml:id="rec_d17e81"><num>(2)</num><p>The update of the Annex A is made according to Article 11(3) of the Monetary Agreement which foresees that Annex A needs to be updated by the Commission upon amendment of any relevant texts and also each time a new text is adopted by the European Union,</p></recital><recital xml:id="rec_d17e87"><num>(3)</num><p>New texts have been adopted by the European Union and amendments have been made to the texts already existing in Annex A,</p></recital><recital xml:id="rec_d17e93"><num>(4)</num><p>Annex A to the Monetary Agreement should therefore be amended accordingly,</p></recital></recitals><formula name="enactingFormula"><p>HAS ADOPTED THIS DECISION:</p></formula></preamble><body><article xml:id="art_d17e102"><num>Sole Article</num><heading/><paragraph><content><p>Annex A to the Monetary Agreement between the European Union and the Principality of Monaco is replaced by the Annex to this Decision.</p></content></paragraph><paragraph><content><p>This Decision shall enter into force on the day following that of its publication in the <i>Official Journal of the European Union</i>.</p></content></paragraph></article></body><conclusions><p>Done at Brussels, 13 January 2020.</p><block name="signatory"><signature><organization refersTo="">For the Commission</organization><role refersTo="">The President</role><person refersTo="">Ursula VON DER LEYEN</person></signature></block></conclusions></bill></akomaNtoso>