<?xml version="1.0" encoding="UTF-8"?>L0762020EN3610120191127EN0003361361<p xmlns="http://docs.oasis-open.org/legaldocml/ns/akn/3.0">Corrigendum to Commission Regulation (EU) 2019/1966 of 27 November 2019 amending and correcting Annexes II, III and V to Regulation (EC) No 1223/2009 of the European Parliament and of the Council on cosmetic products</p><p xmlns="http://docs.oasis-open.org/legaldocml/ns/akn/3.0">(Official Journal of the European Union L 307 of 28 November 2019)</p><p xmlns="http://docs.oasis-open.org/legaldocml/ns/akn/3.0"><!--default P | TXT -->On page 20, point 2 of Annex 1 is replaced as follows:</p><mod xmlns="http://docs.oasis-open.org/legaldocml/ns/akn/3.0"><quotedStructure startQuote="" endQuote=""><list><point><num>&quot;(2)</num><p>Annex III to Regulation (EC) No 1223/2009 is amended as follows:</p><p><!--default P | TXT -->Entry 98 is replaced by the following:</p><p><!--default P | TXT --><mod><quotedStructure startQuote="" endQuote=""><alinea><content><table class="TBL"><authorialNote placement="bottom" marker="1"><p>For use as a preservative see Annex V, No 3.</p></authorialNote><authorialNote placement="bottom" marker="2"><p>Solely for products which might be used for children under 3 years of age.&apos;&quot;</p></authorialNote><tr><td><p>&apos;98</p></td><td><p>Benzoic acid, 2-hydroxy-<authorialNote placement="bottom" marker="3"/></p></td><td><p>Salicylic acid</p></td><td><p>69-72-7</p></td><td><p>200-712-3</p></td><td><blockList><item><num>(a)</num><p>Rinse-off hair products</p></item><item><num>(b)</num><p>Other products except body lotion, eye shadow, mascara, eyeliner, lipstick, roll-on deodorant</p></item></blockList></td><td><blockList><item><num>(a)</num><p>3,0 %</p></item><item><num>(b)</num><p>2,0 %</p></item></blockList></td><td><p>Not to be used in preparations for children under 3 years of age.</p><p>Not to be used in applications that may lead to exposure of the end-user&apos;s lungs by inhalation.</p><p>Not to be used in oral products.</p><p>For purposes other than inhibiting the development of micro-organisms in the product. This purpose has to be apparent from the presentation of the product.</p></td><td><p>Not to be used for children under 3 years of age<authorialNote placement="bottom" marker="4"/></p></td></tr></table></content></alinea></quotedStructure></mod></p></point></list></quotedStructure></mod>