<?xml version="1.0" encoding="UTF-8"?><akomaNtoso xmlns="http://docs.oasis-open.org/legaldocml/ns/akn/3.0" xmlns:fmx="http://formex.publications.europa.eu/schema/formex-05.21-20110601.xd" xmlns:leos="urn:eu:europa:ec:leos" xmlns:xs="http://www.w3.org/2001/XMLSchema"><bill name=""><meta xmlns:fn="http://www.w3.org/2005/xpath-functions"><identification source="~COM"><FRBRWork><FRBRthis value=""/><FRBRuri value=""/><FRBRdate date="2999-01-01" name=""/><FRBRauthor href=""/><FRBRcountry value=""/></FRBRWork><FRBRExpression><FRBRthis value=""/><FRBRuri value=""/><FRBRdate date="2999-01-01" name=""/><FRBRauthor href=""/><FRBRlanguage language="eng"/></FRBRExpression><FRBRManifestation><FRBRthis value=""/><FRBRuri value=""/><FRBRdate date="2999-01-01" name=""/><FRBRauthor href=""/></FRBRManifestation></identification></meta><preface><longTitle><p><docStage/><docType>COMMISSION IMPLEMENTING REGULATION (EU) 2020/501</docType>of 6 April 2020<docPurpose>derogating from Implementing Regulation (EU) No 809/2014 as regards the final date of submission of the single application, aid applications or payment claims, the final date for notification of amendments to the single application or payment claim and the final date for applications for allocation of payment entitlements or the increase of the value of payment entitlements under the basic payment scheme for the year 2020</docPurpose></p></longTitle></preface><preamble><formula name="actingEntity"><p>THE EUROPEAN COMMISSION,</p></formula><citations><citation><p>Having regard to the Treaty on the Functioning of the European Union,</p></citation><citation><p>Having regard to Regulation (EU) No 1306/2013 of the European Parliament and of the Council of 17 December 2013 on the financing, management and monitoring of the common agricultural policy and repealing Council Regulations (EEC) No 352/78, (EC) No 165/94, (EC) No 2799/98, (EC) No 814/2000, (EC) No 1290/2005 and (EC) No 485/2008<authorialNote placement="bottom" marker="1"><p>OJ L 347, 20.12.2013, p. 549.</p></authorialNote>, and in particular point (b) of the first paragraph of Article 78 thereof,</p></citation></citations><recitals xml:id="recs_d163e68"><intro><p>Whereas:</p></intro><recital xml:id="rec_d163e71"><num>(1)</num><p>Commission Implementing Regulation (EU) No 809/2014<authorialNote placement="bottom" marker="2"><p>Commission Implementing Regulation (EU) No 809/2014 of 17 July 2014 laying down rules for the application of Regulation (EU) No 1306/2013 of the European Parliament and of the Council with regard to the integrated administration and control system, rural development measures and cross compliance (OJ L 227, 31.7.2014, p. 69).</p></authorialNote> provides for the final date of submission of the single application, aid applications or payment claims, for the final date for notification of amendments to the single application or payment claim and for the final date for submission of applications for allocation of payment entitlements or the increase of the value of payment entitlements under the basic payment scheme.</p></recital><recital xml:id="rec_d163e87"><num>(2)</num><p>Due to the current situation resulting from the pandemic caused by COVID-19 and the extensive movement restrictions put in place in the Member States exceptional administrative difficulties have been encountered in all Member States.</p></recital><recital xml:id="rec_d163e93"><num>(3)</num><p>That situation has affected the possibility of beneficiaries to submit the single application, aid applications or payment claims and applications for allocation of payment entitlements or the increase of the value of payment entitlements under the basic payment scheme within the time limits provided for in Articles 13(1) and 22(1) of Implementing Regulation (EU) No 809/2014.</p></recital><recital xml:id="rec_d163e99"><num>(4)</num><p>In view of that situation, it is appropriate to provide for a derogation from Articles 13(1) and 22(1) of Implementing Regulation (EU) No 809/2014 which enables Member States to fix for the year 2020 a final date of submission of the single application, aid applications or payment claims and a final date for submission of applications for allocation of payment entitlements or the increase of the value of payments entitlements under the basic payment scheme that are later than those provided for in those Articles. Since the dates and periods referred to in Articles 11(4), 15(2) and (2a) of Implementing Regulation (EU) No 809/2014 are linked to the final date provided for in Article 13(1) of that Regulation, a similar derogation should be provided for the notification of the results of preliminary checks and of amendments to the single application or payment claim.</p></recital><recital xml:id="rec_d163e105"><num>(5)</num><p>Since those derogations should cover the single application, aid applications and payment claims, amendments to the single application or payment claim and applications for allocation of payment entitlements for the year 2020, it is appropriate that this Regulation applies to applications and payment claims relating to the year 2020.</p></recital><recital xml:id="rec_d163e111"><num>(6)</num><p>The measures provided for in this Regulation are in accordance with the opinion of the Committee for Direct Payments and the Committee for Rural Development,</p></recital></recitals><formula name="enactingFormula"><p>HAS ADOPTED THIS REGULATION:</p></formula></preamble><body><article xml:id="art_d163e120"><num>Article 1</num><heading/><paragraph><content><p>By way of derogation from the first subparagraph of Article 13(1) of Implementing Regulation (EU) No 809/2014, for the year 2020, the final dates to be fixed by Member States by which the single application, aid applications or payment claims have to be submitted shall not be later than 15 June. However, for Estonia, Latvia, Lithuania, Finland and Sweden those dates shall not be later than 15 July.</p></content></paragraph></article><article xml:id="art_d163e126"><num>Article 2</num><heading/><paragraph><content><p>By way of derogation from first subparagraph of Article 15(2) of Implementing Regulation (EU) No 809/2014, for the year 2020 Member States may decide that the amendments made to the single application or payment claim in accordance with Article 15(1) of Implementing Regulation (EU) No 809/2014 are to be notified to the competent authority by 30 June. However, Estonia, Latvia, Lithuania, Finland and Sweden may decide that those amendments are to be notified by 30 July.</p></content></paragraph></article><article xml:id="art_d163e131"><num>Article 3</num><heading/><paragraph><content><p>The derogations provided for in Articles 1 and 2 shall also apply in the Member States concerned for the purpose of calculating the period of 26 and 9 calendar days, respectively, after the final date of submission of the single application, aid application or payment claims and the final date for notification of amendments as referred to in Articles 11(4) and 15(2a) of Implementing Regulation (EU) No 809/2014.</p></content></paragraph></article><article xml:id="art_d163e136"><num>Article 4</num><heading/><paragraph><content><p>By way of derogation from Article 22(1) of Implementing Regulation (EU) No 809/2014, for the year 2020, the date to be fixed by Member States for the submission of applications for allocation of payment entitlements or the increase of the value of payment entitlements under the basic payment scheme shall not be later than 15 June. However, for Estonia, Latvia, Lithuania, Finland and Sweden that date shall not be later than 15 July.</p></content></paragraph></article><article xml:id="art_d163e141"><num>Article 5</num><heading/><paragraph><content><p>This Regulation shall enter into force on the day of its publication in the <i>Official Journal of the European Union</i>.</p></content></paragraph><paragraph><content><p>It shall apply to applications and payment claims relating to the year 2020.</p></content></paragraph></article><clause><content><p>This Regulation shall be binding in its entirety and directly applicable in all Member States.</p></content></clause></body><conclusions><p>Done at Brussels, 6 April 2020.</p><block name="signatory"><signature><organization refersTo="">For the Commission</organization><role refersTo="">The President</role><person refersTo="">Ursula VON DER LEYEN</person></signature></block></conclusions></bill></akomaNtoso>