<?xml version="1.0" encoding="UTF-8"?><akomaNtoso xmlns="http://docs.oasis-open.org/legaldocml/ns/akn/3.0" xmlns:fmx="http://formex.publications.europa.eu/schema/formex-05.21-20110601.xd" xmlns:leos="urn:eu:europa:ec:leos" xmlns:xs="http://www.w3.org/2001/XMLSchema"><bill name=""><meta xmlns:fn="http://www.w3.org/2005/xpath-functions"><identification source="~COM"><FRBRWork><FRBRthis value=""/><FRBRuri value=""/><FRBRdate date="2999-01-01" name=""/><FRBRauthor href=""/><FRBRcountry value=""/></FRBRWork><FRBRExpression><FRBRthis value=""/><FRBRuri value=""/><FRBRdate date="2999-01-01" name=""/><FRBRauthor href=""/><FRBRlanguage language="eng"/></FRBRExpression><FRBRManifestation><FRBRthis value=""/><FRBRuri value=""/><FRBRdate date="2999-01-01" name=""/><FRBRauthor href=""/></FRBRManifestation></identification></meta><preface><longTitle><p><docStage/><docType>COMMISSION IMPLEMENTING REGULATION (EU) 2020/466</docType>of 30 March 2020<docPurpose>on temporary measures to contain risks to human, animal and plant health and animal welfare during certain serious disruptions of Member States&apos; control systems due to coronavirus disease (COVID-19)</docPurpose></p></longTitle><container name="EEArelevance"><p>(Text with EEA relevance)</p></container></preface><preamble><formula name="actingEntity"><p>THE EUROPEAN COMMISSION,</p></formula><citations><citation><p>Having regard to the Treaty on the Functioning of the European Union,</p></citation><citation><p>Having regard to Regulation (EU) 2017/625 of the European Parliament and of the Council of 15 March 2017 on official controls and other official activities performed to ensure the application of food and feed law, rules on animal health and welfare, plant health and plant protection products, amending Regulations (EC) No 999/2001, (EC) No 396/2005, (EC) No 1069/2009, (EC) No 1107/2009, (EU) No 1151/2012, (EU) No 652/2014, (EU) 2016/429 and (EU) 2016/2031 of the European Parliament and of the Council, Council Regulations (EC) No 1/2005 and (EC) No 1099/2009 and Council Directives 98/58/EC, 1999/74/EC, 2007/43/EC, 2008/119/EC and 2008/120/EC, and repealing Regulations (EC) No 854/2004 and (EC) No 882/2004 of the European Parliament and of the Council, Council Directives 89/608/EEC, 89/662/EEC, 90/425/EEC, 91/496/EEC, 96/23/EC, 96/93/EC and 97/78/EC and Council Decision 92/438/EEC (Official Controls Regulation)<authorialNote placement="bottom" marker="1"><p>OJ L 95, 7.4.2017, p. 1.</p></authorialNote>, and in particular Article 141(1) thereof,</p></citation></citations><recitals xml:id="recs_d213e71"><intro><p>Whereas:</p></intro><recital xml:id="rec_d213e74"><num>(1)</num><p>Regulation (EU) 2017/625 lays down rules for, inter alia, the performance of official controls and of other official activities by the competent authorities of Member States. It also empowers the Commission to adopt, by means of an implementing act, appropriate temporary measures necessary to contain risks to, inter alia, human, animal and plant health and animal welfare, if it has evidence of a serious disruption in a Member State&apos;s control system.</p></recital><recital xml:id="rec_d213e80"><num>(2)</num><p>The ongoing crisis related to coronavirus disease (COVID-19) represents an exceptional and unprecedented challenge for the capacity of Member States to fully conduct official controls and other official activities in accordance with EU legislation.</p></recital><recital xml:id="rec_d213e86"><num>(3)</num><p>In its &apos;Guidelines for border management measures to protect health and ensure the availability of goods and essential services&apos;<authorialNote placement="bottom" marker="2"><p>C(2020) 1753 final of 16 March 2020.</p></authorialNote>, the Commission stressed that in the current situation, the smooth functioning of the Single Market should not be impacted. In addition, Member States should continue to ensure the circulation of goods.</p></recital><recital xml:id="rec_d213e102"><num>(4)</num><p>In accordance with Regulation (EU) 2017/625, Member States are obliged to set up a control system, composed of competent authorities designated to perform official controls and other official activities. In particular, in accordance with Article 5(1)(e) of that Regulation, competent authorities are to have, or to have access to, a sufficient number of suitably qualified and experienced staff so that official controls and other official activities can be performed efficiently and effectively.</p></recital><recital xml:id="rec_d213e108"><num>(5)</num><p>During the ongoing crisis related to COVID-19, Member States have put in place considerable movement restrictions for their populations, in order to protect human health.</p></recital><recital xml:id="rec_d213e114"><num>(6)</num><p>A number of Member States have informed the Commission that, as a consequence of such movement restrictions, their the capacity to deploy suitable staff for official controls and other official activities, as required by Regulation (EU) 2017/625, is seriously impacted.</p></recital><recital xml:id="rec_d213e121"><num>(7)</num><p>A number of Member States have informed the Commission specifically of difficulties to perform official controls and other official activities which require the physical presence of control staff. In particular, difficulties arise regarding the clinical examination of animals, certain checks on products of animal origin, plants and plant products and on food and feed of non-animal origin, and regarding the testing of samples in official laboratories designated by Member States.</p></recital><recital xml:id="rec_d213e127"><num>(8)</num><p>In accordance with EU legislation regulating trade of live animals and germinal products within the Single Market, notably Council Directives 64/432/EEC<authorialNote placement="bottom" marker="3"><p>Council Directive 64/432/EEC of 26 June 1964 on animal health problems affecting intra-Community trade in bovine animals and swine (OJ 121, 29.7.1964, p. 1977/64).</p></authorialNote>, 88/407/EEC<authorialNote placement="bottom" marker="4"><p>Council Directive 88/407/EEC of 14 June 1988 laying down the animal health requirements applicable to intra-Community trade in and imports of deep-frozen semen of domestic animals of the bovine species (OJ L 194, 22.7.1988, p. 10).</p></authorialNote>, 89/556/EEC<authorialNote placement="bottom" marker="5"><p>Council Directive 89/556/EEC of 25 September 1989 on animal health conditions governing intra-Community trade in and importation from third countries of embryos of domestic animals of the bovine species (OJ L 302, 19.10.1989, p. 1).</p></authorialNote>, 90/429/EEC<authorialNote placement="bottom" marker="6"><p>Council Directive 90/429/EEC of 26 June 1990 laying down the animal health requirements applicable to intra-Community trade in and imports of semen of domestic animals of the porcine species (OJ L 224, 18.8.1990, p. 62).</p></authorialNote>, 91/68/EEC<authorialNote placement="bottom" marker="7"><p>Council Directive 91/68/EEC of 28 January 1991 on animal health conditions governing intra-Community trade in ovine and caprine animals (OJ L 46, 19.2.1991, p. 19).</p></authorialNote>, 92/65/EEC<authorialNote placement="bottom" marker="8"><p>Council Directive 92/65/EEC of 13 July 1992 laying down animal health requirements governing trade in and imports into the Community of animals, semen, ova and embryos not subject to animal health requirements laid down in specific Community rules referred to in Annex A(I) to Directive 90/425/EEC (OJ L 268, 14.9.1992, p. 54).</p></authorialNote>, 2006/88/EC<authorialNote placement="bottom" marker="9"><p>Council Directive 2006/88/EC of 24 October 2006 on animal health requirements for aquaculture animals and products thereof, and on the prevention and control of certain diseases in aquatic animals (OJ L 328, 24.11.2006, p. 14).</p></authorialNote>, 2009/156/EC<authorialNote placement="bottom" marker="10"><p>Council Directive 2009/156/EC of 30 November 2009 on animal health conditions governing the movement and importation from third countries of equidae (OJ L 192, 23.7.2010, p. 1).</p></authorialNote> and 2009/158/EC<authorialNote placement="bottom" marker="11"><p>Council Directive 2009/158/EC of 30 November 2009 on animal health conditions governing intra-Community trade in, and imports from third countries of, poultry and hatching eggs (OJ L 343, 22.12.2009, p. 74).</p></authorialNote>, consignments of animals and germinal products are to be accompanied by originals of animal health certificates throughout their movements between Member States.</p></recital><recital xml:id="rec_d213e224"><num>(9)</num><p>A number of Member States have also informed the Commission that official controls and other official activities resulting in the signature and issuance of original paper official certificates and official attestations which should accompany consignments of animals and germinal products moved between Member States or entering the Union, can currently not be performed in accordance with EU legislation.</p></recital><recital xml:id="rec_d213e231"><num>(10)</num><p>Therefore, an alternative to the presentation of original paper official certificates and official attestations should be temporarily authorised taking into account the use by registered users of the Trade Control and Expert System (TRACES) as referred to in Commission Implementing Regulation (EU) 2019/1715<authorialNote placement="bottom" marker="12"><p>Commission Implementing Regulation (EU) 2019/1715 of 30 September 2019 laying down rules for the functioning of the information management system for official controls and its system components (the IMSOC Regulation) (OJ L 261, 14.10.2019, p. 37).</p></authorialNote> and the current technical inability of TRACES to issue electronic certificates in accordance with that Implementing Regulation. This alternative should be without prejudice to the obligation of operators in accordance with Regulation (EU) 2017/625 to present original documents, when technically feasible.</p></recital><recital xml:id="rec_d213e247"><num>(11)</num><p>In view of these specific circumstances, measures should be taken to avoid serious health risks for staff of the competent authorities without jeopardising the prevention of risks to human, animal and plant health arising from animals, plants and their products and without jeopardising the prevention of risks to animal welfare. At the same time, the proper functioning of the Single Market, based on Union agri-food chain legislation should be ensured.</p></recital><recital xml:id="rec_d213e253"><num>(12)</num><p>Member States with serious difficulties to operate their existing control systems should therefore be able to apply the temporary measures laid down in this Regulation, to the extent necessary to manage the related serious disruptions of their control systems. Member States should take all necessary action to remedy the serious disruption in their control systems as soon as possible.</p></recital><recital xml:id="rec_d213e259"><num>(13)</num><p>Member States applying the temporary measures provided for in this Regulation should inform the Commission and the other Member States thereof as well as of measures taken to remedy the difficulties in carrying out official controls and other official activities in accordance with Regulation (EU) 2017/625.</p></recital><recital xml:id="rec_d213e266"><num>(14)</num><p>This Regulation should be applicable for two months, in order to facilitate the planning and the performance of official controls and other official activities during the crisis linked to COVID-19. In view of the information received from a number of Member States, which suggests that temporary measures should be provided for immediately, this Regulation should enter into force on the day following the day of its publication.</p></recital><recital xml:id="rec_d213e272"><num>(15)</num><p>The measures provided for in this Regulation are in accordance with the opinion of the Standing Committee on Plants, Animals, Food and Feed,</p></recital></recitals><formula name="enactingFormula"><p>HAS ADOPTED THIS REGULATION:</p></formula></preamble><body><article xml:id="art_d213e281"><num>Article 1</num><heading/><paragraph><content><p>This Regulation lays down temporary measures necessary to contain widespread risks to human, animal and plant health and animal welfare, in order to address serious disruptions in the functioning of Member States&apos; control systems in view of the crisis linked to COVID-19.</p></content></paragraph></article><article xml:id="art_d213e286"><num>Article 2</num><heading/><paragraph><content><p>Member States that wish to apply the temporary measures laid down in this Regulation shall inform the Commission and the other Member States thereof, as well as of measures taken to remedy their difficulties in carrying out official controls and other official activities in accordance with Regulation (EU) 2017/625.</p></content></paragraph></article><article xml:id="art_d213e291"><num>Article 3</num><heading/><paragraph><content><p>Official controls and other official activities may exceptionally be performed by one or more natural persons specifically authorised by the competent authority on the basis of their qualifications, training and practical experience, who are in contact with the competent authority by any available means of communication, and who are required to follow the instructions of the competent authority for the performance of such official controls and other official activities. Such persons shall act impartially, and they shall be free from any conflict of interest as regards the official controls and other official activities performed by them.</p></content></paragraph></article><article xml:id="art_d213e296"><num>Article 4</num><heading/><paragraph><content><p>Official controls and other official activities on official certificates and official attestations may exceptionally be performed by way of an official control performed on an electronic copy of the original of such certificates or attestations, or on an electronic format of the certificate or attestation produced and submitted in TRACES, provided the person responsible for presenting the official certificate or official attestation presents to the competent authority a statement affirming that the original of the official certificate or official attestation will be submitted as soon as technically feasible. When performing such official controls and other official activities, the competent authority shall take into account the risk of non-compliance of animals and goods concerned and operators&apos; past record as regards the outcome of official controls performed on them and their compliance with the rules referred to in Article 1(2) of Regulation (EU) 2017/625.</p></content></paragraph></article><article xml:id="art_d213e301"><num>Article 5</num><heading/><paragraph><subparagraph><content><p>Official controls and other official activities may exceptionally be performed:</p></content></subparagraph><list><point><num>(a)</num><content><p>in the case of analyses, testing or diagnoses to be performed by official laboratories, by any laboratory designated for this purpose by the competent authority on a temporary basis;</p></content></point><point><num>(b)</num><content><p>in the case of physical meetings with operators and their staff in the context of official control methods and techniques referred to in Article 14 of Regulation (EU) 2017/625, via available means of distance communication.</p></content></point></list></paragraph></article><article xml:id="art_d213e321"><num>Article 6</num><heading/><paragraph><content><p>This Regulation shall enter into force on the day following that of its publication in the <i>Official Journal of the European Union</i>.</p></content></paragraph><paragraph><content><p>It shall apply until 1 June 2020.</p></content></paragraph></article><clause><content><p>This Regulation shall be binding in its entirety and directly applicable in all Member States.</p></content></clause></body><conclusions><p>Done at Brussels, 30 March 2020.</p><block name="signatory"><signature><organization refersTo="">For the Commission</organization><role refersTo="">The President</role><person refersTo="">Ursula VON DER LEYEN</person></signature></block></conclusions></bill></akomaNtoso>