<?xml version="1.0" encoding="UTF-8"?><akomaNtoso xmlns="http://docs.oasis-open.org/legaldocml/ns/akn/3.0" xmlns:fmx="http://formex.publications.europa.eu/schema/formex-05.21-20110601.xd" xmlns:leos="urn:eu:europa:ec:leos" xmlns:xs="http://www.w3.org/2001/XMLSchema"><bill name=""><meta xmlns:fn="http://www.w3.org/2005/xpath-functions"><identification source="~COM"><FRBRWork><FRBRthis value=""/><FRBRuri value=""/><FRBRdate date="2999-01-01" name=""/><FRBRauthor href=""/><FRBRcountry value=""/></FRBRWork><FRBRExpression><FRBRthis value=""/><FRBRuri value=""/><FRBRdate date="2999-01-01" name=""/><FRBRauthor href=""/><FRBRlanguage language="eng"/></FRBRExpression><FRBRManifestation><FRBRthis value=""/><FRBRuri value=""/><FRBRdate date="2999-01-01" name=""/><FRBRauthor href=""/></FRBRManifestation></identification></meta><preface><longTitle><p><docStage/><docType>COMMISSION IMPLEMENTING REGULATION (EU) 2020/148</docType>of 3 February 2020<docPurpose>concerning the authorisation of robenidine hydrochloride (Robenz 66G) as a feed additive for chickens for fattening and amending Regulation (EC) No 1800/2004 (holder of authorisation Zoetis SA)</docPurpose></p></longTitle><container name="EEArelevance"><p>(Text with EEA relevance)</p></container></preface><preamble><formula name="actingEntity"><p>THE EUROPEAN COMMISSION,</p></formula><citations><citation><p>Having regard to the Treaty on the Functioning of the European Union,</p></citation><citation><p>Having regard to Regulation (EC) No 1831/2003 of the European Parliament and of the Council of 22 September 2003 on additives for use in animal nutrition<authorialNote placement="bottom" marker="1"><p>OJ L 268, 18.10.2003, p. 29.</p></authorialNote>, and in particular Article 9(2) thereof,</p></citation></citations><recitals xml:id="recs_d145e71"><intro><p>Whereas:</p></intro><recital xml:id="rec_d145e74"><num>(1)</num><p>Regulation (EC) No 1831/2003 provides for the authorisation of additives for use in animal nutrition and for the grounds and procedures for granting such authorisation. Article 10(2) of that Regulation provides for the re-evaluation of additives authorised pursuant to Council Directive 70/524/EEC<authorialNote placement="bottom" marker="2"><p>Council Directive 70/524/EEC of 23 November 1970 concerning additives in feedingstuffs (OJ L 270, 14.12.1970, p. 1).</p></authorialNote>.</p></recital><recital xml:id="rec_d145e90"><num>(2)</num><p>The preparation of robenidine hydrochloride (Robenz 66G) was authorised, in accordance with Directive 70/524/EEC, as a feed additive for chickens for fattening by Commission Regulation (EC) No 1800/2004<authorialNote placement="bottom" marker="3"><p>Commission Regulation (EC) No 1800/2004 of 15 October 2004 concerning the authorisation for 10 years of the additive Cycostat 66G in feedingstuffs, belonging to the group of coccidiostats and other medicinal substances (OJ L 317, 16.10.2004, p. 37).</p></authorialNote>. That preparation was subsequently entered in the Register of feed additives as an existing product, in accordance with Article 10(1) of Regulation (EC) No 1831/2003.</p></recital><recital xml:id="rec_d145e106"><num>(3)</num><p>In accordance with Article 10(2) of Regulation (EC) No 1831/2003 in conjunction with Article 7 thereof, an application was submitted for the re-evaluation of robenidine hydrochloride (Robenz 66G) as a feed additive for chickens for fattening. The applicant requested that additive to be classified in the additive category &apos;coccidiostats and histomonostats&apos;. That application was accompanied by the particulars and documents required under Article 7(3) of Regulation (EC) No 1831/2003.</p></recital><recital xml:id="rec_d145e116"><num>(4)</num><p>The European Food Safety Authority (&apos;the Authority&apos;) concluded in its opinion of 24 January 2019<authorialNote placement="bottom" marker="4"><p>EFSA Journal 2019; 17(3):5613.</p></authorialNote> that, under the proposed conditions of use, robenidine hydrochloride (Robenz 66G) does not have an adverse effect on animal health, human health or the environment. The Authority considered that the additive has the potential to effectively control coccidiosis in chickens for fattening. The Authority considered that there is a need for a field post-market monitoring of <i>Eimeria</i> spp., preferably during the latter part of the period of the authorisation. It also verified the report on the method of analysis of the feed additive in feed submitted by the Reference Laboratory set up by Regulation (EC) No 1831/2003.</p></recital><recital xml:id="rec_d145e135"><num>(5)</num><p>The assessment of robenidine hydrochloride (Robenz 66G) shows that the conditions for authorisation, as provided for in Article 5 of Regulation (EC) No 1831/2003, are satisfied. Accordingly, the use of that preparation should be authorised as specified in the Annex to this Regulation.</p></recital><recital xml:id="rec_d145e142"><num>(6)</num><p>As a consequence of this re-evaluation, Regulation (EC) No 1800/2004 should be amended accordingly.</p></recital><recital xml:id="rec_d145e148"><num>(7)</num><p>Since safety reasons do not require the immediate application of the modifications to the conditions of authorisation, it is appropriate to allow a transitional period for interested parties to prepare themselves to meet the new requirements resulting from the authorisation.</p></recital><recital xml:id="rec_d145e154"><num>(8)</num><p>The measures provided for in this Regulation are in accordance with the opinion of the Standing Committee on Plants, Animals, Food and Feed,</p></recital></recitals><formula name="enactingFormula"><p>HAS ADOPTED THIS REGULATION:</p></formula></preamble><body><article xml:id="art_d145e163"><num>Article 1</num><heading/><paragraph><content><p>The preparation specified in the Annex, belonging to the additive category &apos;coccidiostats and histomonostats&apos;, is authorised as an additive in animal nutrition, subject to the conditions laid down in that Annex.</p></content></paragraph></article><article xml:id="art_d145e172"><num>Article 2</num><heading/><paragraph><subparagraph><content><p>Regulation (EC) No 1800/2004 is amended as follows:</p></content></subparagraph><list><point><num>(1)</num><content><p>Article 2 is deleted;</p></content></point><point><num>(2)</num><content><p>the Annex is deleted.</p></content></point></list></paragraph></article><article xml:id="art_d145e191"><num>Article 3</num><heading/><paragraph><content><p>The preparation specified in the Annex and feed containing that preparation, which are produced and labelled before 25 August 2020 in accordance with the rules applicable before 25 February 2020 may continue to be placed on the market and used until the existing stocks are exhausted.</p></content></paragraph></article><article xml:id="art_d145e202"><num>Article 4</num><heading/><paragraph><content><p>This Regulation shall enter into force on the twentieth day following that of its publication in the <i>Official Journal of the European Union.</i></p></content></paragraph></article><clause><content><p>This Regulation shall be binding in its entirety and directly applicable in all Member States.</p></content></clause></body><conclusions><p>Done at Brussels, 3 February 2020.</p><block name="signatory"><signature><organization refersTo="">For the Commission</organization><role refersTo="">The President</role><person refersTo="">Ursula VON DER LEYEN</person></signature></block></conclusions></bill></akomaNtoso>