<?xml version="1.0" encoding="UTF-8"?><akomaNtoso xmlns="http://docs.oasis-open.org/legaldocml/ns/akn/3.0" xmlns:fmx="http://formex.publications.europa.eu/schema/formex-05.21-20110601.xd" xmlns:leos="urn:eu:europa:ec:leos" xmlns:xs="http://www.w3.org/2001/XMLSchema"><bill name=""><meta xmlns:fn="http://www.w3.org/2005/xpath-functions"><identification source="~COM"><FRBRWork><FRBRthis value=""/><FRBRuri value=""/><FRBRdate date="2999-01-01" name=""/><FRBRauthor href=""/><FRBRcountry value=""/></FRBRWork><FRBRExpression><FRBRthis value=""/><FRBRuri value=""/><FRBRdate date="2999-01-01" name=""/><FRBRauthor href=""/><FRBRlanguage language="eng"/></FRBRExpression><FRBRManifestation><FRBRthis value=""/><FRBRuri value=""/><FRBRdate date="2999-01-01" name=""/><FRBRauthor href=""/></FRBRManifestation></identification></meta><preface><longTitle><p><docStage/><docType>COUNCIL IMPLEMENTING DECISION (CFSP) 2020/9</docType>of 7 January 2020<docPurpose>implementing Decision (CFSP) 2017/1775 concerning restrictive measures in view of the situation in Mali</docPurpose></p></longTitle></preface><preamble><formula name="actingEntity"><p>THE COUNCIL OF THE EUROPEAN UNION,</p></formula><citations><citation><p>Having regard to the Treaty on European Union, and in particular Article 31(2) thereof,</p></citation><citation><p>Having regard to Council Decision (CFSP) 2017/1775 of 28 September 2017 concerning restrictive measures in view of the situation in Mali<authorialNote placement="bottom" marker="1"><p>OJ L 251, 29.9.2017, p. 23.</p></authorialNote> and in particular Article 3 thereof,</p></citation><citation><p>Having regard to the proposal of the High Representative of the Union for Foreign Affairs and Security Policy,</p></citation></citations><recitals xml:id="recs_d1e70"><intro><p>Whereas:</p></intro><recital xml:id="rec_d1e73"><num>(1)</num><p>On 28 September 2017, the Council adopted Decision (CFSP) 2017/1775.</p></recital><recital xml:id="rec_d1e82"><num>(2)</num><p>On 19 December 2019, the United Nations Security Council Sanctions Committee established by paragraph 9 of United Nations Security Council Resolution 2374 (2017) added five persons to the list of persons and entities subject to an assets freeze as set out in paragraphs 4 to 7 of Resolution 2374 (2017).</p></recital><recital xml:id="rec_d1e91"><num>(3)</num><p>The Annex to Decision (CFSP) 2017/1775 should be amended accordingly,</p></recital></recitals><formula name="enactingFormula"><p>HAS ADOPTED THIS DECISION:</p></formula></preamble><body><article xml:id="art_d1e100"><num>Article 1</num><heading/><paragraph><content><p>The Annex to Decision (CFSP) 2017/1775 is hereby amended as set out in the Annex to this Decision.</p></content></paragraph></article><article xml:id="art_d1e105"><num>Article 2</num><heading/><paragraph><content><p>This Decision shall enter into force on the date of its publication in the <i>Official Journal of the European Union</i>.</p></content></paragraph></article></body><conclusions><p>Done at Brussels, 7 January 2020.</p><block name="signatory"><signature><organization refersTo="">For the Council</organization><role refersTo="">The President</role><person refersTo="">A. METELKO-ZGOMBIĆ</person></signature></block></conclusions></bill></akomaNtoso>