<?xml version="1.0" encoding="UTF-8"?><akomaNtoso xmlns="http://docs.oasis-open.org/legaldocml/ns/akn/3.0" xmlns:fmx="http://formex.publications.europa.eu/schema/formex-05.21-20110601.xd" xmlns:leos="urn:eu:europa:ec:leos" xmlns:xs="http://www.w3.org/2001/XMLSchema"><bill name=""><meta xmlns:fn="http://www.w3.org/2005/xpath-functions"><identification source="~COM"><FRBRWork><FRBRthis value=""/><FRBRuri value=""/><FRBRdate date="2999-01-01" name=""/><FRBRauthor href=""/><FRBRcountry value=""/></FRBRWork><FRBRExpression><FRBRthis value=""/><FRBRuri value=""/><FRBRdate date="2999-01-01" name=""/><FRBRauthor href=""/><FRBRlanguage language="eng"/></FRBRExpression><FRBRManifestation><FRBRthis value=""/><FRBRuri value=""/><FRBRdate date="2999-01-01" name=""/><FRBRauthor href=""/></FRBRManifestation></identification></meta><preface><longTitle><p><docStage/><docType>DECISION (EU) 2020/140 OF THE EUROPEAN CENTRAL BANK</docType>of 22 January 2020<docPurpose>laying down the measures necessary for the contribution to the European Central Bank&apos;s accumulated equity value and for adjusting the national central banks&apos; claims equivalent to the transferred foreign reserve assets and repealing Decision (EU) 2019/46 (ECB/2020/6)</docPurpose></p></longTitle></preface><preamble><formula name="actingEntity"><p>THE GOVERNING COUNCIL OF THE EUROPEAN CENTRAL BANK,</p></formula><citations><citation><p>Having regard to the Treaty on the Functioning of the European Union,</p></citation><citation><p>Having regard to the Statute of the European System of Central Banks and of the European Central Bank, and in particular Article 30 thereof,</p></citation></citations><recitals xml:id="recs_d90e61"><intro><p>Whereas:</p></intro><recital xml:id="rec_d90e64"><num>(1)</num><p>On 29 March 2017, the United Kingdom of Great Britain and Northern Ireland (the &apos;United Kingdom&apos;) submitted the notification of its intention to withdraw from the European Union pursuant to Article 50 of the Treaty on European Union. The Treaty on European Union and the Treaty on the Functioning of the European Union will cease to apply to the United Kingdom from the date following the date referred to in Article 1(1) of Decision (EU) 2019/1810 of the European Council<authorialNote placement="bottom" marker="1"><p>European Council Decision (EU) 2019/1810 taken in agreement with the United Kingdom of 29 October 2019 extending the period under Article 50(3)TEU (OJ L 278I, 30.10.2019, p. 1).</p></authorialNote>. Upon the withdrawal of the United Kingdom from the European Union, the Bank of England (BoE) ceases to be a national central bank of a Member State and therefore of the European System of Central Banks. Decision (EU) 2020/137 of the European Central Bank (ECB/2020/3)<authorialNote placement="bottom" marker="2"><p>Decision (EU) 2020/137 of the European Central Bank of 22 January 2020 on the national central banks&apos; percentage shares in the key for subscription to the European Central Bank&apos;s capital and repealing Decision (EU) 2019/43 (ECB/2020/3) (see page 4 of this Official Journal).</p></authorialNote> provides for the adjustment of the key for subscription to the capital of the European Central Bank (ECB) (hereinafter the &apos;capital key&apos;) in accordance with Article 29.3 and Article 29.4 of the Statute of the European System of Central Banks and of the European Central Bank (hereinafter the &apos;Statute of the ESCB&apos;) and establishes, with effect from 1 February 2020, the new weightings assigned to the national central banks (NCBs) in the adjusted capital key (hereinafter the &apos;capital key weightings&apos;).</p></recital><recital xml:id="rec_d90e111"><num>(2)</num><p>The adjustments to the capital key weightings and the resulting changes in the NCBs&apos; shares in the ECB&apos;s subscribed capital make it necessary to adjust the claims which the ECB has credited under Article 30.3 of the Statute of the ESCB to the NCBs of the Member States whose currency is the euro (hereinafter the &apos;euro area NCBs&apos;) and which are equivalent to the contributions by euro area NCBs of foreign reserve assets to the ECB (hereinafter the &apos;claims&apos;). Those euro area NCBs whose claims increase from 1 February 2020 should therefore effect a compensatory transfer to the ECB, while the ECB should effect a compensatory transfer to those euro area NCBs whose claims decrease.</p></recital><recital xml:id="rec_d90e128"><num>(3)</num><p>In accordance with the general principles of fairness, equal treatment and the protection of legitimate expectations underlying the Statute of the ESCB, those euro area NCBs whose relative share in the ECB&apos;s accumulated equity value increases due to the abovementioned adjustments should also effect a compensatory transfer to those euro area NCBs whose relative shares decrease.</p></recital><recital xml:id="rec_d90e134"><num>(4)</num><p>The respective capital key weightings of each euro area NCB until 31 January 2020 and with effect from 1 February 2020 should be expressed as a percentage of the ECB&apos;s total capital as subscribed to by all euro area NCBs for the purpose of calculating the adjustment of the value of each euro area NCB&apos;s share in the ECB&apos;s accumulated equity value.</p></recital><recital xml:id="rec_d90e146"><num>(5)</num><p>Accordingly, the adoption of a new ECB decision is required to repeal Decision (EU) 2019/46 of the European Central Bank (ECB/2018/30)<authorialNote placement="bottom" marker="3"><p>Decision (EU) 2019/46 of the European Central Bank of 29 November 2018 laying down the measures necessary for the contribution to the European Central Bank&apos;s accumulated equity value and for adjusting the national central banks&apos; claims equivalent to the transferred foreign reserve assets and repealing Decision ECB/2013/26 (ECB/2018/30) (OJ L 9, 11.1.2019, p. 190).</p></authorialNote>,</p></recital></recitals><formula name="enactingFormula"><p>HAS ADOPTED THIS DECISION:</p></formula></preamble><body><article xml:id="art_d90e166"><num>Article 1</num><heading>Definitions</heading><paragraph><subparagraph><content><p>For the purposes of this Decision:</p></content></subparagraph><list><point><num>(a)</num><content><p>&apos;accumulated equity value&apos; means the total of the ECB&apos;s reserves, revaluation accounts and provisions equivalent to reserves as calculated by the ECB as at 31 January 2020 plus the ECB&apos;s accumulated net profit or minus the ECB&apos;s accumulated net loss, as the case may be, from 1 January 2020 until 31 January 2020. The ECB&apos;s reserves and those provisions equivalent to reserves shall include, without limitation to the generality of the accumulated equity value, the general reserve fund and the provision for financial risks;</p></content></point><point><num>(b)</num><content><p>&apos;transfer date&apos; means 28 February 2020;</p></content></point><point><num>(c)</num><content><p>the &apos;ECB&apos;s income on euro banknotes in circulation&apos; shall have the same meaning as the term &apos;ECB&apos;s income on euro banknotes in circulation&apos; as set out in Article 1(c) of Decision (EU) 2015/298 of the European Central Bank (ECB/2014/57)<authorialNote placement="bottom" marker="4"><p>Decision (EU) 2015/298 of the European Central Bank of 15 December 2014 on the interim distribution of the income of the European Central Bank (ECB/2014/57) (OJ L 53, 25.2.2015, p. 24).</p></authorialNote>;</p></content></point><point><num>(d)</num><content><p>the &apos;ECB&apos;s income from securities&apos; shall have the same meaning as the term &apos;ECB&apos;s income arising from securities&apos; as set out in Article 1(d) of Decision (EU) 2015/298 (ECB/2014/57).</p></content></point></list></paragraph></article><article xml:id="art_d90e243"><num>Article 2</num><heading>Contribution to the ECB&apos;s reserves and provisions</heading><paragraph><num>1.</num><content><p>If a euro area NCB&apos;s share in the accumulated equity value increases with effect from 1 February 2020, that euro area NCB shall transfer the amount determined pursuant to paragraph 3 to the ECB on the transfer date.</p></content></paragraph><paragraph><num>2.</num><content><p>If a euro area NCB&apos;s share in the accumulated equity value decreases with effect from 1 February 2020, that euro area NCB shall receive the amount determined pursuant to paragraph 3 from the ECB on the transfer date.</p></content></paragraph><paragraph><num>3.</num><content><p>The ECB shall, at the latest, one business day prior to the transfer date, calculate and confirm to each euro area NCB either the amount to be transferred by that euro area NCB to the ECB where paragraph 1 applies, or the amount which that euro area NCB shall receive from the ECB where paragraph 2 applies. Subject to rounding, each amount to be transferred or received shall be calculated by multiplying the accumulated equity value by the absolute difference between each euro area NCB&apos;s capital key weighting on 31 January 2020 and its capital key weighting with effect from 1 February 2020 and dividing the result by 100.</p></content></paragraph><paragraph><num>4.</num><content><p>Each amount described in paragraph 3 shall be due in euro on 1 February 2020 but shall be effectively transferred on the transfer date.</p></content></paragraph><paragraph><num>5.</num><content><p>On the transfer date, a euro area NCB or the ECB having to transfer an amount under paragraph 1 or paragraph 2 shall also separately transfer any interest accruing over the period from 1 February 2020 until the transfer date on each of the respective amounts due from such euro area NCB and the ECB. The transferors and recipients of this interest shall be the same as the transferors and recipients of the amounts on which the interest accrues.</p></content></paragraph><paragraph><num>6.</num><content><p>If the accumulated equity value is less than zero, the amounts that have to be transferred or received under paragraph 3 and paragraph 5 shall be settled in the opposite directions to those specified in paragraph 3 and paragraph 5.</p></content></paragraph></article><article xml:id="art_d90e297"><num>Article 3</num><heading>Adjustment of the claims equivalent to the transferred foreign reserve assets</heading><paragraph><num>1.</num><content><p>The euro area NCBs&apos; claims shall be adjusted with effect from 1 February 2020 in accordance with their adjusted capital key weightings. The adjusted value of the euro area NCBs&apos; claims is shown in the third column of the table in Annex I to this Decision.</p></content></paragraph><paragraph><num>2.</num><content><p>Each euro area NCB shall, by virtue of this provision and without any further formality or act being required, be considered to have either transferred or received on 1 February 2020 the absolute value of the claim in euro shown next to its name in the fourth column of the table in Annex I to this Decision, whereby &apos;-&apos; shall refer to a claim that the euro area NCB shall transfer to the ECB and &apos;+&apos; to a claim that the ECB shall transfer to the euro area NCB.</p></content></paragraph><paragraph><num>3.</num><content><p>On the first operating day of the Trans-European Automated Real-time Gross settlement Express Transfer system (TARGET2) following 1 February 2020, each euro area NCB shall either transfer or receive the absolute value of the amount in euro shown next to its name in the fourth column of the table in Annex I to this Decision, whereby &apos;+&apos; shall refer to an amount that the euro area NCB shall transfer to the ECB and &apos;-&apos; to an amount that the ECB shall transfer to the euro area NCB.</p></content></paragraph><paragraph><num>4.</num><content><p>On the first operating day of TARGET2 following 1 February 2020, a euro area NCB or the ECB required to transfer an amount under paragraph 3 shall also separately transfer any interest accruing over the period from 1 February 2020 until the date of that transfer on the respective amount due from such euro area NCB or the ECB. The transferors and recipients of this interest shall be the same as the transferors and recipients of the amounts on which the interest accrues.</p></content></paragraph></article><article xml:id="art_d90e353"><num>Article 4</num><heading>Related financial issues</heading><paragraph><num>1.</num><content><p>By way of derogation from the third subparagraph of Article 2(1) of Decision (EU) 2016/2248 of the European Central Bank (ECB/2016/36)<authorialNote placement="bottom" marker="5"><p>Decision (EU) 2016/2248 of the European Central Bank of 3 November 2016 on the allocation of monetary income of the national central banks of Member States whose currency is the euro (ECB/2016/36) (OJ L 347, 20.12.2016, p. 26).</p></authorialNote>, the intra-Eurosystem balances on euro banknotes in circulation shall, for the period from 1 February 2020 until 27 February 2020, be calculated on the basis of the capital key applicable from 1 February 2020 applied to balances on the total euro banknotes in circulation on 31 January 2020. For the period from 1 February 2020 until 31 December 2020, the compensatory amounts and the accounting entries to balance those amounts, as described in Article 4(5) of Decision (EU) 2016/2248 (ECB/2016/36), shall be recorded in the books of each national central bank with a value date of 1 February 2020.</p></content></paragraph><paragraph><num>2.</num><content><p>In relation to the period from 1 January 2020 until 31 January 2020, the euro area NCBs&apos; monetary income shall be allocated and distributed in accordance with the capital key weightings applicable on 31 January 2020.</p></content></paragraph><paragraph><num>3.</num><content><p>The ECB&apos;s net profit or loss, as the case may be, for the financial year 2020 shall be allocated on the basis of the capital key weightings applicable on 1 February 2020.</p></content></paragraph><paragraph><num>4.</num><content><p>Any interim distribution of the ECB&apos;s income on euro banknotes and/or the ECB&apos;s income from securities for the year 2020 shall be allocated on the basis of the capital key weightings applicable on 1 February 2020.</p></content></paragraph><paragraph><num>5.</num><subparagraph><content><p>In the event that the ECB makes a loss in the financial year 2020, the ECB shall offset the loss against the following:</p></content></subparagraph><list><point><num>(a)</num><content><p>funds released from the ECB&apos;s general reserve fund;</p></content></point><point><num>(b)</num><content><p>subject to a decision of the Governing Council under Article 33 of the Statute of the ESCB, the NCBs&apos; monetary income from 1 February 2020 until 31 December 2020;</p></content></point><point><num>(c)</num><content><p>subject to a decision of the Governing Council under Article 33 of the Statute of the ESCB, the NCBs&apos; monetary income from 1 January 2020 until 31 January 2020.</p></content></point></list></paragraph><paragraph><num>6.</num><content><p>If the NCBs&apos; monetary income from 1 January 2020 until 31 January 2020 needs to be transferred to the ECB to cover its loss for the financial year 2020 compensatory payments in addition to the payments described in Article 2 and Article 3 shall be made. Each euro area NCB whose capital key weighting increases on 1 February 2020 shall make such a payment to the ECB, and the ECB shall make such a payment to each euro area NCB whose capital key weighting decreases on 1 February 2020. The amount of the compensatory payments shall be calculated as follows: the total monetary income for the period from 1 January 2020 until 31 January 2020 transferred to the ECB to cover its loss shall be multiplied by the absolute difference between the relevant euro area NCB&apos;s capital key weighting on 31 January 2020 and its capital key weighting with effect from 1 February 2020 and the result shall be divided by 100. Interest on compensatory payments relating to the NCBs&apos; monetary income shall accrue from 1 January 2021 until the date these payments are made.</p></content></paragraph><paragraph><num>7.</num><content><p>The additional compensatory payments relating to the NCBs&apos; monetary income, as described in paragraph 6, as well as interest accrued thereon, shall be paid on the second business day after the approval by the Governing Council of the ECB&apos;s annual accounts for the financial year 2020.</p></content></paragraph></article><article xml:id="art_d90e502"><num>Article 5</num><heading>General provisions</heading><paragraph><num>1.</num><content><p>The interest accruing under Article 2(5), Article 3(4) and Article 4(6) shall be calculated on a daily basis, using the actual-over-360-day method of calculation, at a rate equal to the latest available marginal interest rate used by the Eurosystem in its tenders for main refinancing operations.</p></content></paragraph><paragraph><num>2.</num><content><p>Each transfer pursuant to Article 2(1), (2) and (5), Article 3(3) and (4) and Article 4(6) and (7) shall take place separately through TARGET2.</p></content></paragraph><paragraph><num>3.</num><content><p>The ECB and the euro area NCBs that are under an obligation to effect any of the transfers referred to in paragraph 2 shall, in due course, give the necessary instructions for duly executing such transfers on time.</p></content></paragraph></article><article xml:id="art_d90e522"><num>Article 6</num><heading>Entry into force and repeal</heading><paragraph><num>1.</num><content><p>This Decision shall enter into force on 1 February 2020.</p></content></paragraph><paragraph><num>2.</num><content><p>Decision (EU) 2019/46 (ECB/2018/30) is repealed with effect from 1 February 2020.</p></content></paragraph><paragraph><num>3.</num><content><p>References to Decision (EU) 2019/46 (ECB/2018/30) shall be construed as references to this Decision and shall be read in accordance with the correlation table in Annex II.</p></content></paragraph></article></body><conclusions><p>Done at Frankfurt am Main, 22 January 2020.</p><block name="signatory"><signature><organization refersTo="">The President of the ECB</organization><role refersTo="">Christine LAGARDE</role></signature></block></conclusions></bill></akomaNtoso>