<?xml version="1.0" encoding="UTF-8"?>L0892020EN510120200217EN00035151<p xmlns="http://docs.oasis-open.org/legaldocml/ns/akn/3.0">Corrigendum to Council Regulation (EU) 2020/213 of 17 February 2020 amending Regulation (EC) No 314/2004 concerning certain restrictive measures in respect of Zimbabwe</p><p xmlns="http://docs.oasis-open.org/legaldocml/ns/akn/3.0">(Official Journal of the European Union L 45 of 18 February 2020)</p>On page 1, in Article 1, point 1:<p xmlns="http://docs.oasis-open.org/legaldocml/ns/akn/3.0"><!--default P | TXT -->for:</p><mod xmlns="http://docs.oasis-open.org/legaldocml/ns/akn/3.0"><quotedStructure startQuote="" endQuote=""><list><point><num>&apos;(1)</num><p>the title is replaced by the following:</p><p><!--default P | TXT --><mod><quotedStructure startQuote="" endQuote=""><p><!--default P | TXT -->&quot;Council Regulation (EC) No 314/2004 concerning restrictive measures in view of the situation in Zimbabwe&quot;.&apos;,</p></quotedStructure></mod></p></point></list></quotedStructure></mod><p xmlns="http://docs.oasis-open.org/legaldocml/ns/akn/3.0"><!--default P | TXT -->read:</p><mod xmlns="http://docs.oasis-open.org/legaldocml/ns/akn/3.0"><quotedStructure startQuote="" endQuote=""><list><point><num>&apos;(1)</num><p>the title is replaced by the following:</p><p><!--default P | TXT --><mod><quotedStructure startQuote="" endQuote=""><p><!--default P | TXT -->&quot;Council Regulation (EC) No 314/2004 of 19 February 2004 concerning restrictive measures in view of the situation in Zimbabwe&quot;.&apos;.</p></quotedStructure></mod></p></point></list></quotedStructure></mod>