<?xml version="1.0" encoding="UTF-8"?><akomaNtoso xmlns="http://docs.oasis-open.org/legaldocml/ns/akn/3.0" xmlns:fmx="http://formex.publications.europa.eu/schema/formex-05.21-20110601.xd" xmlns:leos="urn:eu:europa:ec:leos" xmlns:xs="http://www.w3.org/2001/XMLSchema"><bill name=""><meta xmlns:fn="http://www.w3.org/2005/xpath-functions"><identification source="~COM"><FRBRWork><FRBRthis value=""/><FRBRuri value=""/><FRBRdate date="2999-01-01" name=""/><FRBRauthor href=""/><FRBRcountry value=""/></FRBRWork><FRBRExpression><FRBRthis value=""/><FRBRuri value=""/><FRBRdate date="2999-01-01" name=""/><FRBRauthor href=""/><FRBRlanguage language="eng"/></FRBRExpression><FRBRManifestation><FRBRthis value=""/><FRBRuri value=""/><FRBRdate date="2999-01-01" name=""/><FRBRauthor href=""/></FRBRManifestation></identification></meta><preface><longTitle><p><docStage/><docType>COMMISSION IMPLEMENTING REGULATION (EU) 2020/404</docType>of 12 March 2020<docPurpose>amending Regulation (EC) No 594/2009 concerning the classification of certain goods in the Combined Nomenclature</docPurpose></p></longTitle></preface><preamble><formula name="actingEntity"><p>THE EUROPEAN COMMISSION,</p></formula><citations><citation><p>Having regard to the Treaty on the Functioning of the European Union,</p></citation><citation><p>Having regard to Regulation (EU) No 952/2013 of the European Parliament and of the Council of 9 October 2013 laying down the Union Customs Code<authorialNote placement="bottom" marker="1"><p>OJ L 269, 10.10.2013, p. 1.</p></authorialNote>, and in particular Article 57(4) and Article 58(2) thereof,</p></citation></citations><recitals xml:id="recs_d155e68"><intro><p>Whereas:</p></intro><recital xml:id="rec_d155e71"><num>(1)</num><p>By Commission Regulation (EC) No 594/2009<authorialNote placement="bottom" marker="2"><p>Commission Regulation (EC) No 594/2009 of 8 July 2009 concerning the classification of certain goods in the Combined Nomenclature (OJ L 178, 9.7.2009, p. 14).</p></authorialNote>, a product described in the row corresponding to item 1 in the table in the Annex to that Regulation as consisting of vinylidene fluoride and hexafluoro propylene copolymer in primary form has been classified under CN code 39046990.</p></recital><recital xml:id="rec_d155e90"><num>(2)</num><p>By Commission Regulation (EU) No 861/2010<authorialNote placement="bottom" marker="3"><p>Commission Regulation (EU) No 861/2010 of 5 October 2010 amending Annex I to Council Regulation (EEC) No 2658/87 on the tariff and statistical nomenclature and on the Common Customs Tariff (OJ L 284, 29.10.2010, p. 1).</p></authorialNote> CN code &apos;39046990 Other&apos; was replaced by CN codes &apos;39046920 Fluoroelastomer FKM&apos; and &apos;39046980 Other&apos; to introduce a specific CN code for fluoroelastomers FKM.</p></recital><recital xml:id="rec_d155e125"><num>(3)</num><p>By Commission Implementing Regulation (EU) No 441/2013<authorialNote placement="bottom" marker="4"><p>Commission Implementing Regulation (EU) No 441/2013 of 7 May 2013 amending or repealing certain regulations on the classification of goods in the Combined Nomenclature (OJ L 130, 15.5.2013, p. 1).</p></authorialNote> CN code 39046990 was replaced by CN code 39046980 in the Annex to Regulation (EC) No 594/2009. Thus, classification of the product described in the row corresponding to item 1 in the table in the Annex to Regulation (EC) No 594/2009 under &apos;other&apos; was maintained contrary to the general rule that the heading which provides for the most specific description is to be preferred to headings providing a more general description.</p></recital><recital xml:id="rec_d155e151"><num>(4)</num><p>Products such as the one described in the row corresponding to item 1 in the table set out in the Annex to Regulation (EC) No 594/2009 are to be classified in the specific CN code 39046920&apos;Fluoroelastomers FKM&apos; but not in the residual subheading &apos;other&apos;.</p></recital><recital xml:id="rec_d155e167"><num>(5)</num><p>As a consequence, the row for point 1 in the table set out in the Annex to Regulation (EC) No 594/2009 should be deleted.</p></recital><recital xml:id="rec_d155e173"><num>(6)</num><p>It is appropriate to provide that binding tariff information issued on the basis of Regulation (EU) No 594/2009 in respect of the goods concerned by this Regulation may, for a certain period, continue to be invoked by the holder in accordance with Article 34(9) of Regulation (EU) No 952/2013. That period should be set at three months.</p></recital><recital xml:id="rec_d155e179"><num>(7)</num><p>The measures provided for in this Regulation are in accordance with the opinion of the Customs Code Committee,</p></recital></recitals><formula name="enactingFormula"><p>HAS ADOPTED THIS REGULATION:</p></formula></preamble><body><article xml:id="art_d155e189" leos:compliant="false"><num>Article 1</num><heading/><paragraph><subparagraph><content><p>Regulation (EC) No 594/2009 is amended as follows:</p></content></subparagraph><list><point><num>(1)</num><alinea><content><p>in Article 2, the following paragraph is added:</p></content></alinea><alinea><content><p><mod><quotedStructure startQuote="" endQuote=""><alinea><content><p>&apos;Binding tariff information issued in accordance with this Regulation as amended by Implementing Regulation (EU) No 441/2013 in respect of the goods described in column (1) of point 1 of the table set out in the Annex to this Regulation in its version adopted on 8 July 2009 may continue to be invoked in accordance with Article 34(9) of Regulation (EU) No 952/2013 for a period of three months from 6 April 2020.&apos;;</p></content></alinea></quotedStructure></mod></p></content></alinea></point><point><num>(2)</num><content><p>the row for point 1 in the table set out in the Annex is deleted.</p></content></point></list></paragraph></article><article xml:id="art_d155e221"><num>Article 2</num><heading/><paragraph><content><p>This Regulation shall enter into force on the twentieth day following that of its publication in the <i>Official Journal of the European Union</i>.</p></content></paragraph></article><clause><content><p>This Regulation shall be binding in its entirety and directly applicable in all Member States.</p></content></clause></body><conclusions><p>Done at Brussels, 12 March 2020.</p><block name="signatory"><signature><organization refersTo="">For the Commission,</organization><role refersTo="">On behalf of the President,</role><person refersTo="">Stephen QUEST</person><!-- <leos:unknown><P xmlns="" xmlns:xsi="http://www.w3.org/2001/XMLSchema-instance"><HT TYPE="ITALIC">Director-General</HT></P></leo:unknown> --><!-- <leos:unknown><P xmlns="" xmlns:xsi="http://www.w3.org/2001/XMLSchema-instance"><HT TYPE="ITALIC">Directorate-General for Taxation and Customs Union</HT></P></leo:unknown> --></signature></block></conclusions></bill></akomaNtoso>