<?xml version="1.0" encoding="UTF-8"?><akomaNtoso xmlns="http://docs.oasis-open.org/legaldocml/ns/akn/3.0" xmlns:fmx="http://formex.publications.europa.eu/schema/formex-05.21-20110601.xd" xmlns:leos="urn:eu:europa:ec:leos" xmlns:xs="http://www.w3.org/2001/XMLSchema"><bill name=""><meta xmlns:fn="http://www.w3.org/2005/xpath-functions"><identification source="~COM"><FRBRWork><FRBRthis value=""/><FRBRuri value=""/><FRBRdate date="2999-01-01" name=""/><FRBRauthor href=""/><FRBRcountry value=""/></FRBRWork><FRBRExpression><FRBRthis value=""/><FRBRuri value=""/><FRBRdate date="2999-01-01" name=""/><FRBRauthor href=""/><FRBRlanguage language="eng"/></FRBRExpression><FRBRManifestation><FRBRthis value=""/><FRBRuri value=""/><FRBRdate date="2999-01-01" name=""/><FRBRauthor href=""/></FRBRManifestation></identification></meta><preface><longTitle><p><docStage/><docType>COMMISSION IMPLEMENTING REGULATION (EU) 2020/219</docType>of 17 February 2020<docPurpose>amending Council Regulation (EC) No 314/2004 concerning certain restrictive measures in respect of Zimbabwe</docPurpose></p></longTitle></preface><preamble><formula name="actingEntity"><p>THE EUROPEAN COMMISSION,</p></formula><citations><citation><p>Having regard to the Treaty on the Functioning of the European Union,</p></citation><citation><p>Having regard to Council Regulation (EC) No 314/2004 of 19 February 2004 concerning certain restrictive measures in respect of Zimbabwe<authorialNote placement="bottom" marker="1"><p>OJ L 55, 24.2.2004, p. 1.</p></authorialNote>, and in particular Article 11(b) thereof,</p></citation></citations><recitals xml:id="recs_d302e68"><intro><p>Whereas:</p></intro><recital xml:id="rec_d302e71"><num>(1)</num><p>Annex II of Council Decision 2011/101/CFSP<authorialNote placement="bottom" marker="2"><p>Council Decision 2011/101/CFSP of 15 February 2011 concerning restrictive measures against Zimbabwe (OJ L 42, 16.2.2011, p. 6).</p></authorialNote> identifies the natural and legal persons to whom restrictions are to apply as provided for in Article 5 of that Decision.</p></recital><recital xml:id="rec_d302e87"><num>(2)</num><p>Regulation (EC) No 314/2004 gives effect to that Decision to the extent that action at Union level is required. In particular, Annex III to Regulation (EC) No 314/2004 lists the persons and entities covered by the freezing of funds and economic resources under that Regulation.</p></recital><recital xml:id="rec_d302e93"><num>(3)</num><p>On 17 February 2020, the Council decided to remove the entry for one deceased person from Annex II to Council Decision 2011/101/CFSP.</p></recital><recital xml:id="rec_d302e102"><num>(4)</num><p>Annex III to Regulation (EC) No 314/2004 should therefore be amended accordingly,</p></recital></recitals><formula name="enactingFormula"><p>HAS ADOPTED THIS REGULATION:</p></formula></preamble><body><article xml:id="art_d302e111"><num>Article 1</num><heading/><paragraph><content><p>Annex III to Council Regulation (EC) No 314/2004 is replaced by the Annex to this Regulation.</p></content></paragraph></article><article xml:id="art_d302e116"><num>Article 2</num><heading/><paragraph><content><p>This Regulation shall enter into force on the day following that of its publication in the <i>Official Journal of the European Union</i>.</p></content></paragraph></article><clause><content><p>This Regulation shall be binding in its entirety and directly applicable in all Member States.</p></content></clause></body><conclusions><p>Done at Brussels, 17 February 2020.</p><block name="signatory"><signature><organization refersTo="">For the Commission</organization><role refersTo="">The President</role><person refersTo="">Ursula VON DER LEYEN</person></signature></block></conclusions></bill></akomaNtoso>