<?xml version="1.0" encoding="UTF-8"?><akomaNtoso xmlns="http://docs.oasis-open.org/legaldocml/ns/akn/3.0" xmlns:fmx="http://formex.publications.europa.eu/schema/formex-05.21-20110601.xd" xmlns:leos="urn:eu:europa:ec:leos" xmlns:xs="http://www.w3.org/2001/XMLSchema"><bill name=""><meta xmlns:fn="http://www.w3.org/2005/xpath-functions"><identification source="~COM"><FRBRWork><FRBRthis value=""/><FRBRuri value=""/><FRBRdate date="2999-01-01" name=""/><FRBRauthor href=""/><FRBRcountry value=""/></FRBRWork><FRBRExpression><FRBRthis value=""/><FRBRuri value=""/><FRBRdate date="2999-01-01" name=""/><FRBRauthor href=""/><FRBRlanguage language="eng"/></FRBRExpression><FRBRManifestation><FRBRthis value=""/><FRBRuri value=""/><FRBRdate date="2999-01-01" name=""/><FRBRauthor href=""/></FRBRManifestation></identification></meta><preface><longTitle><p><docStage/><docType>COMMISSION IMPLEMENTING REGULATION (EU) 2020/158</docType>of 5 February 2020<docPurpose>amending Implementing Regulation (EU) 2016/799 for the purpose of on-board weighing equipment</docPurpose></p></longTitle><container name="EEArelevance"><p>(Text with EEA relevance)</p></container></preface><preamble><formula name="actingEntity"><p>THE EUROPEAN COMMISSION,</p></formula><citations><citation><p>Having regard to the Treaty on the Functioning of the European Union,</p></citation><citation><p>Having regard to Regulation (EU) No 165/2014 of the European Parliament and of the Council of 4 February 2014 on tachographs in road transport<authorialNote placement="bottom" marker="1"><p>Regulation (EU) No 165/2014 of the European Parliament and of the Council of 4 February 2014 on tachographs in road transport, repealing Council Regulation (EEC) No 3821/85 on recording equipment in road transport and amending Regulation (EC) No 561/2006 of the European Parliament and of the Council on the harmonisation of certain social legislation relating to road transport (OJ L 60, 28.2.2014, p. 1).</p></authorialNote>, and in particular Article 11 thereof,</p></citation></citations><recitals xml:id="recs_d289e75"><intro><p>Whereas:</p></intro><recital xml:id="rec_d289e78"><num>(1)</num><p>Installation of on-board weighing equipment is an option provided for the Member States by Article 10d(5) of Council Directive 96/53/EC<authorialNote placement="bottom" marker="2"><p>Council Directive 96/53/EC of 25 July 1996 laying down for certain road vehicles circulating within the Community the maximum authorised dimensions in national and international traffic and the maximum authorised weights in international traffic (OJ L 235, 17.9.1996, p. 59).</p></authorialNote> for carrying out the control of vehicles or vehicle combinations that are likely to have exceeded the maximum authorised weight.</p></recital><recital xml:id="rec_d289e94"><num>(2)</num><p>Commission Implementing Regulation (EU) 2019/1213<authorialNote placement="bottom" marker="3"><p>Regulation (EU) 2019/1213 of 12 July 2019 laying down detailed provisions ensuring uniform conditions for the implementation of interoperability and compatibility of on-board weighing equipment pursuant to Council Directive 96/53/EC (OJ L 192, 18.7.2019, p. 1).</p></authorialNote> lays down detailed provisions ensuring uniform interoperability and compatibility rules of on-board weighing equipment.</p></recital><recital xml:id="rec_d289e110"><num>(3)</num><p>Since the requirements of Commission Implementing Regulation (EU) 2019/1213 are in conflict with the provisions on on-board weighing equipment set out in Appendix 14 to Annex IC to Implementing Regulation (EU) 2016/799<authorialNote placement="bottom" marker="4"><p>Commission Implementing Regulation (EU) 2016/799 of 18 March 2016 implementing Regulation (EU) No 165/2014 of the European Parliament and of the Council laying down the requirements for the construction, testing, installation, operation and repair of tachographs and their components (OJ L 139, 26.5.2016, p. 1).</p></authorialNote>, that Annex should therefore be amended in order to delete point 5.5 of Appendix 14.</p></recital><recital xml:id="rec_d289e126"><num>(4)</num><p>The measures provided for in this Commission Implementing Regulation are in accordance with the opinion of the Road Transport Committee, referred to in Article 42(3) of Regulation (EU) No 165/2014,</p></recital></recitals><formula name="enactingFormula"><p>HAS ADOPTED THIS REGULATION:</p></formula></preamble><body><article xml:id="art_d289e135"><num>Article 1</num><heading/><paragraph><content><p>Point 5.5 of Appendix 14 to Annex IC to Implementing Regulation (EU) 2016/799 is deleted.</p></content></paragraph></article><article xml:id="art_d289e141"><num>Article 2</num><heading>Entry into force and application</heading><paragraph><content><p>This Regulation shall enter into force on the twentieth day following that of its publication in the <i>Official Journal of the European Union</i>.</p></content></paragraph></article><clause><content><p>This Regulation shall be binding in its entirety and directly applicable in all Member States.</p></content></clause></body><conclusions><p>Done at Brussels, 5 February 2020.</p><block name="signatory"><signature><organization refersTo="">For the Commission</organization><role refersTo="">The President</role><person refersTo="">Ursula VON DER LEYEN</person></signature></block></conclusions></bill></akomaNtoso>