<?xml version="1.0" encoding="UTF-8"?><akomaNtoso xmlns="http://docs.oasis-open.org/legaldocml/ns/akn/3.0" xmlns:fmx="http://formex.publications.europa.eu/schema/formex-05.21-20110601.xd" xmlns:leos="urn:eu:europa:ec:leos" xmlns:xs="http://www.w3.org/2001/XMLSchema"><bill name=""><meta xmlns:fn="http://www.w3.org/2005/xpath-functions"><identification source="~COM"><FRBRWork><FRBRthis value=""/><FRBRuri value=""/><FRBRdate date="2999-01-01" name=""/><FRBRauthor href=""/><FRBRcountry value=""/></FRBRWork><FRBRExpression><FRBRthis value=""/><FRBRuri value=""/><FRBRdate date="2999-01-01" name=""/><FRBRauthor href=""/><FRBRlanguage language="eng"/></FRBRExpression><FRBRManifestation><FRBRthis value=""/><FRBRuri value=""/><FRBRdate date="2999-01-01" name=""/><FRBRauthor href=""/></FRBRManifestation></identification></meta><preface><longTitle><p><docStage/><docType>COMMISSION REGULATION (EU) 2020/183</docType>of 5 February 2020<docPurpose>establishing a fisheries closure for cod in areas 1 and 2b for vessels flying the flag of several Member States</docPurpose></p></longTitle></preface><preamble><formula name="actingEntity"><p>THE EUROPEAN COMMISSION,</p></formula><citations><citation><p>Having regard to the Treaty on the Functioning of the European Union,</p></citation><citation><p>Having regard to Council Regulation (EC) No 1224/2009 of 20 November 2009 establishing a Union control system for ensuring compliance with the rules of the common fisheries policy<authorialNote placement="bottom" marker="1"><p>OJ L 343, 22.12.2009, p. 1.</p></authorialNote>, and in particular Article 36(2) thereof,</p></citation></citations><recitals xml:id="recs_d236e68"><intro><p>Whereas:</p></intro><recital xml:id="rec_d236e71"><num>(1)</num><p>Council Regulation (EU) 2020/123<authorialNote placement="bottom" marker="2"><p>Council Regulation (EU) 2020/123 of 27 January 2020 fixing for 2020 the fishing opportunities for certain fish stocks and groups of fish stocks, applicable in Union waters and, for Union fishing vessels, in certain non-Union waters (OJ L 25, 30.1.2020, p. 1).</p></authorialNote> lays down quotas for 2020.</p></recital><recital xml:id="rec_d236e87"><num>(2)</num><p>According to the information received by the Commission, catches of the stock of cod in areas 1 and 2b by vessels flying the flag of or registered in several Member States have exhausted the quota allocated to &apos;other Member States&apos; for 2020.</p></recital><recital xml:id="rec_d236e97"><num>(3)</num><p>It is therefore necessary to prohibit certain fishing activities for that stock,</p></recital></recitals><formula name="enactingFormula"><p>HAS ADOPTED THIS REGULATION:</p></formula></preamble><body><article xml:id="art_d236e106"><num>Article 1</num><heading>Quota exhaustion</heading><paragraph><content><p>The fishing quota allocated for 2020 to Member States fishing under the &apos;other Member States&apos; quota for the stock of cod in areas 1 and 2b referred to in the Annex shall be deemed to be exhausted from the date set out in that Annex.</p></content></paragraph></article><article xml:id="art_d236e117"><num>Article 2</num><heading>Prohibitions</heading><paragraph><content><p>Fishing activities for the stock referred to in Article 1 by vessels flying the flag of or registered in Member States fishing under the &apos;other Member States&apos; quota referred to in the Annex shall be prohibited from the date set out in that Annex. In particular it shall be prohibited to retain on board, relocate, tranship or land fish from that stock caught by those vessels after that date.</p></content></paragraph></article><article xml:id="art_d236e128"><num>Article 3</num><heading>Entry into force</heading><paragraph><content><p>This Regulation shall enter into force on the day following that of its publication in the <i>Official Journal of the European Union</i>.</p></content></paragraph></article><clause><content><p>This Regulation shall be binding in its entirety and directly applicable in all Member States.</p></content></clause></body><conclusions><p>Done at Brussels, 5 February 2020.</p><block name="signatory"><signature><organization refersTo="">For the Commission,</organization><role refersTo="">On behalf of the President,</role><person refersTo="">Virginijus SINKEVIČIUS</person><!-- <leos:unknown><P xmlns="" xmlns:xsi="http://www.w3.org/2001/XMLSchema-instance"><HT TYPE="ITALIC">Member of the Commission</HT></P></leo:unknown> --></signature></block></conclusions></bill></akomaNtoso>