<?xml version="1.0" encoding="UTF-8"?><akomaNtoso xmlns="http://docs.oasis-open.org/legaldocml/ns/akn/3.0" xmlns:fmx="http://formex.publications.europa.eu/schema/formex-05.21-20110601.xd" xmlns:leos="urn:eu:europa:ec:leos" xmlns:xs="http://www.w3.org/2001/XMLSchema"><bill name=""><meta xmlns:fn="http://www.w3.org/2005/xpath-functions"><identification source="~COM"><FRBRWork><FRBRthis value=""/><FRBRuri value=""/><FRBRdate date="2999-01-01" name=""/><FRBRauthor href=""/><FRBRcountry value=""/></FRBRWork><FRBRExpression><FRBRthis value=""/><FRBRuri value=""/><FRBRdate date="2999-01-01" name=""/><FRBRauthor href=""/><FRBRlanguage language="eng"/></FRBRExpression><FRBRManifestation><FRBRthis value=""/><FRBRuri value=""/><FRBRdate date="2999-01-01" name=""/><FRBRauthor href=""/></FRBRManifestation></identification></meta><preface><longTitle><p><docStage/><docType>DECISION NO 1/2020 OF THE EU-REPUBLIC OF MOLDOVA ASSOCIATION COMMITTEE IN TRADE CONFIGURATION</docType>of 23 January 2020<docPurpose>concerning the update of Annex XV (Elimination of customs duties) to the Association Agreement between the European Union and the European Atomic Energy Community and their Member States, of the one part, and the Republic of Moldova, of the other part [2020/168]</docPurpose></p></longTitle></preface><preamble><formula name="actingEntity"><p>THE ASSOCIATION COMMITTEE IN TRADE CONFIGURATION,</p></formula><citations><citation><p>Having regard to the Association Agreement between the European Union and the European Atomic Energy Community and their Member States, of the one part, and the Republic of Moldova, of the other part, signed in Brussels on 27 June 2014, and in particular Article 147(4) and (5), Article 148(5) and Article 438(3) thereof,</p></citation></citations><recitals xml:id="recs_d286e57"><intro><p>Whereas:</p></intro><recital xml:id="rec_d286e60"><num>(1)</num><p>The Association Agreement between the European Union and the European Atomic Energy Community and their Member States, of the one part, and the Republic of Moldova, of the other part (&apos;the Agreement&apos;) entered into force on 1 July 2016.</p></recital><recital xml:id="rec_d286e73"><num>(2)</num><p>Following consultations the EU and the Republic of Moldova have agreed on a reciprocal basis, in accordance with Article 147 of the Agreement, to increase the volume of some products subject to annual duty-free tariff rate quotas.</p></recital><recital xml:id="rec_d286e79"><num>(3)</num><p>The EU has agreed to increase the volume of the tariff rate quotas (&apos;TRQs&apos;) for goods originating in the Republic of Moldova for table grapes and plums, and to introduce a new TRQ for cherries. The Republic of Moldova has agreed to gradually increase the volume of the TRQs for goods originating in the EU for the following products included in the schedule of concessions (Republic of Moldova) set out in Annex XV-D to the Agreement: pork (TRQ 1), poultry (TRQ 2), dairy (TRQ 3) and sugar (TRQ 5).</p></recital><recital xml:id="rec_d286e89"><num>(4)</num><p>Following a request made by the Republic of Moldova in accordance with Article 148 of the Agreement, the Union has agreed to increase the trigger volume for wheat (flour and pellets), barley (flour and pellets), maize (flour and pellets) and cereal processed.</p></recital><recital xml:id="rec_d286e95"><num>(5)</num><p>On 16 December 2014 the Association Council, by means of Decision No 3/2014, delegated to the Association Committee in Trade configuration, as referred to in Article 438(4) of the Agreement, the power to update or amend certain trade-related Annexes to the Agreement,</p></recital></recitals><formula name="enactingFormula"><p>HAS ADOPTED THIS DECISION:</p></formula></preamble><body><article xml:id="art_d286e107"><num>Article 1</num><heading/><paragraph><subparagraph><content><p>Annex XV to the Agreement is amended as follows:</p></content></subparagraph><list><point><num>(1)</num><content><p>Annex XV-A is replaced by the text set out in the Annex to this Decision;</p></content></point><point><num>(2)</num><content><p>in Annex XV-B, in the list of products subject to entry price, the entry with the CN code 2012 08092900 and the product description &apos;Cherries (excl. sour cherries), fresh&apos; is deleted;</p></content></point><point><num>(3)</num><alinea><content><p>in Annex XV-C, the trigger volumes for the following product categories are amended as follows:</p></content></alinea><list><point><num>(a)</num><content><p>for product category 6 (&apos;Wheat, flour and pellets&apos;), in the column with the title &apos;Trigger volume (tonnes)&apos;, the amount &apos;75000&apos; is replaced by the amount &apos;150000&apos;;</p></content></point><point><num>(b)</num><content><p>for product category 7 (&apos;Barley, flour and pellets&apos;), in the column with the title &apos;Trigger volume (tonnes)&apos;, the amount &apos;70000&apos; is replaced by the amount &apos;100000&apos;;</p></content></point><point><num>(c)</num><content><p>for product category 8 (&apos;Maize, flour and pellets&apos;), in the column with the title &apos;Trigger volume (tonnes)&apos;, the amount &apos;130000&apos; is replaced by the amount &apos;250000&apos;; and</p></content></point><point><num>(d)</num><content><p>for product category 10 (&apos;Cereal processed&apos;), in the column with the title &apos;Trigger volume (tonnes)&apos;, the amount &apos;2500&apos; is replaced by the amount &apos;5000&apos;;</p></content></point></list></point><point><num>(4)</num><alinea><content><p>in Annex XV-D, in the schedule of concessions (Republic of Moldova), the fourth column with the title &apos;Category&apos; is amended as follows:</p></content></alinea><list><point><num>(a)</num><content><p>all references to &apos;TRQ 1 (4000 t)&apos; are replaced by &apos;TRQ 1 (4500 t; for the year 2021: 5000 t; and as of the year 2022: 5500 t)&apos;;</p></content></point><point><num>(b)</num><content><p>all references to &apos;TRQ 2 (4000 t)&apos; are replaced by &apos;TRQ 2 (5000 t; for the year 2021: 5500 t; and as of the year 2022: 6000 t)&apos;;</p></content></point><point><num>(c)</num><content><p>all references to &apos;TRQ 3 (1000 t)&apos; are replaced by &apos;TRQ 3 (1500 t; and as of the year 2021: 2000 t)&apos;;</p></content></point><point><num>(d)</num><content><p>all references to &apos;TRQ 5 (5400 t)&apos; are replaced by &apos;TRQ 5 (7000 t; for the year 2021: 8000 t; and as of the year 2022: 9000 t)&apos;.</p></content></point></list></point></list></paragraph></article><article xml:id="art_d286e359"><num>Article 2</num><heading/><paragraph><content><p>This Decision shall enter into force on the date of its adoption.</p></content></paragraph></article></body><conclusions><p>Done at Brussels, 23 January 2020.</p><block name="signatory"><signature><organization refersTo="">For the Association Committee in Trade Configuration</organization></signature><signature><organization refersTo="">P. SOURMELIS</organization><role refersTo="">The Chair</role></signature><signature><organization refersTo="">A. FERNÁNDEZ DÍEZ C. CEBAN</organization><role refersTo="">Secretaries</role></signature></block></conclusions></bill></akomaNtoso>