<?xml version="1.0" encoding="UTF-8"?><akomaNtoso xmlns="http://docs.oasis-open.org/legaldocml/ns/akn/3.0" xmlns:fmx="http://formex.publications.europa.eu/schema/formex-05.21-20110601.xd" xmlns:leos="urn:eu:europa:ec:leos" xmlns:xs="http://www.w3.org/2001/XMLSchema"><bill name=""><meta xmlns:fn="http://www.w3.org/2005/xpath-functions"><identification source="~COM"><FRBRWork><FRBRthis value=""/><FRBRuri value=""/><FRBRdate date="2999-01-01" name=""/><FRBRauthor href=""/><FRBRcountry value=""/></FRBRWork><FRBRExpression><FRBRthis value=""/><FRBRuri value=""/><FRBRdate date="2999-01-01" name=""/><FRBRauthor href=""/><FRBRlanguage language="eng"/></FRBRExpression><FRBRManifestation><FRBRthis value=""/><FRBRuri value=""/><FRBRdate date="2999-01-01" name=""/><FRBRauthor href=""/></FRBRManifestation></identification></meta><preface><longTitle><p><docStage/><docType>COUNCIL DECISION (CFSP) 2020/458</docType>of 27 March 2020<docPurpose>amending Decision (CFSP) 2015/1333 concerning restrictive measures in view of the situation in Libya</docPurpose></p></longTitle></preface><preamble><formula name="actingEntity"><p>THE COUNCIL OF THE EUROPEAN UNION,</p></formula><citations><citation><p>Having regard to the Treaty on European Union, and in particular Article 29 thereof,</p></citation><citation><p>Having regard to the proposal from the High Representative of the Union for Foreign Affairs and Security Policy,</p></citation></citations><recitals xml:id="recs_d292e59"><intro><p>Whereas:</p></intro><recital xml:id="rec_d292e62"><num>(1)</num><p>On 31 July 2015, the Council adopted Decision (CFSP) 2015/1333<authorialNote placement="bottom" marker="1"><p>Council Decision (CFSP) 2015/1333 of 31 July 2015 concerning restrictive measures in view of the situation in Libya, and repealing Decision 2011/137/CFSP (OJ L 206, 1.8.2015, p. 34).</p></authorialNote> concerning restrictive measures in view of the situation in Libya.</p></recital><recital xml:id="rec_d292e81"><num>(2)</num><p>On 1 October 2019, the Council adopted Decision (CFSP) 2019/1663<authorialNote placement="bottom" marker="2"><p>Council Decision (CFSP) 2019/1663 of 1 October 2019 amending Decision (CFSP) 2015/1333 concerning restrictive measures in view of the situation in Libya (OJ L 252, 2.10.2019, p. 36).</p></authorialNote>.</p></recital><recital xml:id="rec_d292e100"><num>(3)</num><p>In view of the continuing instability and gravity of the situation in Libya, the restrictive measures concerning three persons should be extended for a further period of six months.</p></recital><recital xml:id="rec_d292e106"><num>(4)</num><p>Decision (CFSP) 2015/1333 should therefore be amended accordingly,</p></recital></recitals><formula name="enactingFormula"><p>HAS ADOPTED THIS DECISION:</p></formula></preamble><body><article xml:id="art_d292e115" leos:compliant="false"><num>Article 1</num><heading/><paragraph><content><p>In Article 17 of Decision (CFSP) 2015/1333, paragraphs 3 and 4 are replaced by the following:</p></content></paragraph><paragraph><content><p><mod><quotedStructure startQuote="" endQuote=""><paragraph><num>&apos;3.</num><content><p>The measures referred to in Article 8(2) shall apply with regard to entries 14, 15 and 16 in Annex II until 2 October 2020.</p></content></paragraph><paragraph><num>4.</num><content><p>The measures referred to in Article 9(2) shall apply with regard to entries 19, 20 and 21 in Annex IV until 2 October 2020.&apos;.</p></content></paragraph></quotedStructure></mod></p></content></paragraph></article><article xml:id="art_d292e141"><num>Article 2</num><heading/><paragraph><content><p>This Decision shall enter into force on the date of its publication in the <i>Official Journal of the European Union</i>.</p></content></paragraph></article></body><conclusions><p>Done at Brussels, 27 March 2020.</p><block name="signatory"><signature><organization refersTo="">For the Council</organization><role refersTo="">The President</role><person refersTo="">A. METELKO-ZGOMBIĆ</person></signature></block></conclusions></bill></akomaNtoso>