<?xml version="1.0" encoding="UTF-8"?><akomaNtoso xmlns="http://docs.oasis-open.org/legaldocml/ns/akn/3.0" xmlns:fmx="http://formex.publications.europa.eu/schema/formex-05.21-20110601.xd" xmlns:leos="urn:eu:europa:ec:leos" xmlns:xs="http://www.w3.org/2001/XMLSchema"><bill name=""><meta xmlns:fn="http://www.w3.org/2005/xpath-functions"><identification source="~COM"><FRBRWork><FRBRthis value=""/><FRBRuri value=""/><FRBRdate date="2999-01-01" name=""/><FRBRauthor href=""/><FRBRcountry value=""/></FRBRWork><FRBRExpression><FRBRthis value=""/><FRBRuri value=""/><FRBRdate date="2999-01-01" name=""/><FRBRauthor href=""/><FRBRlanguage language="eng"/></FRBRExpression><FRBRManifestation><FRBRthis value=""/><FRBRuri value=""/><FRBRdate date="2999-01-01" name=""/><FRBRauthor href=""/></FRBRManifestation></identification></meta><preface><longTitle><p><docStage/><docType>COUNCIL IMPLEMENTING REGULATION (EU) 2020/19</docType>of 13 January 2020<docPurpose>implementing Article 2(3) of Regulation (EC) No 2580/2001 on specific restrictive measures directed against certain persons and entities with a view to combating terrorism, and repealing Implementing Regulation (EU) 2019/1337</docPurpose></p></longTitle></preface><preamble><formula name="actingEntity"><p>THE COUNCIL OF THE EUROPEAN UNION,</p></formula><citations><citation><p>Having regard to the Treaty on the Functioning of the European Union,</p></citation><citation><p>Having regard to Council Regulation (EC) No 2580/2001 of 27 December 2001 on specific restrictive measures directed against certain persons and entities with a view to combating terrorism<authorialNote placement="bottom" marker="1"><p>OJ L 344, 28.12.2001, p. 70.</p></authorialNote>, and in particular Article 2(3) thereof,</p></citation><citation><p>Having regard to the proposal of the High Representative of the Union for Foreign Affairs and Security Policy,</p></citation></citations><recitals xml:id="recs_d36e70"><intro><p>Whereas:</p></intro><recital xml:id="rec_d36e73"><num>(1)</num><p>On 8 August 2019, the Council adopted Implementing Regulation (EU) 2019/1337<authorialNote placement="bottom" marker="2"><p>Council Implementing Regulation (EU) 2019/1337 of 8 August 2019 implementing Article 2(3) of Regulation (EC) No 2580/2001 on specific restrictive measures directed against certain persons and entities with a view to combating terrorism, and repealing Implementing Regulation (EU) 2019/24 (OJ L 209, 9.8.2019, p. 1).</p></authorialNote> implementing Article 2(3) of Regulation (EC) No 2580/2001, establishing an updated list of persons, groups and entities to which Regulation (EC) No 2580/2001 applies (&apos;the list&apos;).</p></recital><recital xml:id="rec_d36e96"><num>(2)</num><p>The Council has provided, where practically possible, all the persons, groups and entities with statements of reasons explaining why they were entered into the list.</p></recital><recital xml:id="rec_d36e102"><num>(3)</num><p>By way of a notice published in the <i>Official Journal of the European Union,</i> the Council informed the persons, groups and entities on the list that it had decided to keep them thereon. The Council also informed those persons, groups and entities concerned that it was possible to request a statement of the Council&apos;s reasons for entering them into the list where such a statement had not already been communicated to them.</p></recital><recital xml:id="rec_d36e111"><num>(4)</num><p>The Council has reviewed the list as required by Article 2(3) of Regulation (EC) No 2580/2001. When carrying out that review, the Council took into account the observations submitted to it by those concerned as well as the updated information received from the competent national authorities on the status of listed individuals and entities at the national level.</p></recital><recital xml:id="rec_d36e117"><num>(5)</num><p>The Council has verified that competent authorities, as referred to in Article 1(4) of Council Common Position 2001/931/CFSP<authorialNote placement="bottom" marker="3"><p>Council Common Position 2001/931/CFSP of 27 December 2001 on the application of specific measures to combat terrorism (OJ L 344, 28.12.2001, p. 93).</p></authorialNote>, have taken decisions with regard to all persons, groups and entities on the list to the effect that they have been involved in terrorist acts within the meaning of Article 1(2) and (3) of Common Position 2001/931/CFSP. The Council has also concluded that the the persons, groups and entities to which Articles 2, 3 and 4 of Common Position 2001/931/CFSP apply should continue to be subject to the specific restrictive measures provided for in Regulation (EC) No 2580/2001.</p></recital><recital xml:id="rec_d36e134"><num>(6)</num><p>The list should be updated accordingly, and Implementing Regulation (EU) 2019/1337 should be repealed,</p></recital></recitals><formula name="enactingFormula"><p>HAS ADOPTED THIS REGULATION:</p></formula></preamble><body><article xml:id="art_d36e143"><num>Article 1</num><heading/><paragraph><content><p>The list provided for in Article 2(3) of Regulation (EC) No 2580/2001 is set out in the Annex to this Regulation.</p></content></paragraph></article><article xml:id="art_d36e148"><num>Article 2</num><heading/><paragraph><content><p>Implementing Regulation (EU) 2019/1337 is hereby repealed.</p></content></paragraph></article><article xml:id="art_d36e153"><num>Article 3</num><heading/><paragraph><content><p>This Regulation shall enter into force on the day following that of its publication in the <i>Official Journal of the European Union</i>.</p></content></paragraph></article><clause><content><p>This Regulation shall be binding in its entirety and directly applicable in all Member States.</p></content></clause></body><conclusions><p>Done at Brussels, 13 January 2020.</p><block name="signatory"><signature><organization refersTo="">For the Council</organization><role refersTo="">The President</role><person refersTo="">A. METELKO-ZGOMBIĆ</person></signature></block></conclusions></bill></akomaNtoso>