<?xml version="1.0" encoding="UTF-8"?><akomaNtoso xmlns="http://docs.oasis-open.org/legaldocml/ns/akn/3.0" xmlns:fmx="http://formex.publications.europa.eu/schema/formex-05.21-20110601.xd" xmlns:leos="urn:eu:europa:ec:leos" xmlns:xs="http://www.w3.org/2001/XMLSchema"><bill name=""><meta xmlns:fn="http://www.w3.org/2005/xpath-functions"><identification source="~COM"><FRBRWork><FRBRthis value=""/><FRBRuri value=""/><FRBRdate date="2999-01-01" name=""/><FRBRauthor href=""/><FRBRcountry value=""/></FRBRWork><FRBRExpression><FRBRthis value=""/><FRBRuri value=""/><FRBRdate date="2999-01-01" name=""/><FRBRauthor href=""/><FRBRlanguage language="eng"/></FRBRExpression><FRBRManifestation><FRBRthis value=""/><FRBRuri value=""/><FRBRdate date="2999-01-01" name=""/><FRBRauthor href=""/></FRBRManifestation></identification></meta><preface><longTitle><p><docStage/><docType>COMMISSION IMPLEMENTING REGULATION (EU) 2020/236</docType>of 14 February 2020<docPurpose>entering a name in the register of protected designations of origin and protected geographical indications &apos;Huile d&apos;olive de Provence&apos; (PDO)</docPurpose></p></longTitle></preface><preamble><formula name="actingEntity"><p>THE EUROPEAN COMMISSION,</p></formula><citations><citation><p>Having regard to the Treaty on the Functioning of the European Union,</p></citation><citation><p>Having regard to Regulation (EU) No 1151/2012 of the European Parliament and of the Council of 21 November 2012 on quality schemes for agricultural products and foodstuffs<authorialNote placement="bottom" marker="1"><p>OJ L 343, 14.12.2012, p. 1.</p></authorialNote>, and in particular Article 52(2) thereof,</p></citation></citations><recitals xml:id="recs_d323e72"><intro><p>Whereas:</p></intro><recital xml:id="rec_d323e75"><num>(1)</num><p>Pursuant to Article 50(2)(a) of Regulation (EU) No 1151/2012, France&apos;s application to register the name &apos;Huile d&apos;olive de Provence&apos; was published in the <i>Official Journal of the European Union</i><authorialNote placement="bottom" marker="2"><p>OJ C 325, 30.9.2019, p. 10.</p></authorialNote>.</p></recital><recital xml:id="rec_d323e93"><num>(2)</num><p>As no statement of opposition under Article 51 of Regulation (EU) No 1151/2012 has been received by the Commission, the name &apos;Huile d&apos;olive de Provence&apos; should therefore be entered in the register,</p></recital></recitals><formula name="enactingFormula"><p>HAS ADOPTED THIS REGULATION:</p></formula></preamble><body><article xml:id="art_d323e106"><num>Article 1</num><heading/><paragraph><content><p>The name &apos;Huile d&apos;olive de Provence&apos; (PDO) is hereby entered in the register.</p></content></paragraph><paragraph><content><p>The name specified in the first paragraph denotes a product in Class 1.5. &#45; Oils and fats (butter, margarine, oil, etc.), as listed in Annex XI to Commission Implementing Regulation (EU) No 668/2014<authorialNote placement="bottom" marker="3"><p>Commission Implementing Regulation (EU) No 668/2014 of 13 June 2014 laying down rules for the application of Regulation (EU) No 1151/2012 of the European Parliament and of the Council on quality schemes for agricultural products and foodstuffs (OJ L 179, 19.6.2014, p. 36).</p></authorialNote>.</p></content></paragraph></article><article xml:id="art_d323e127"><num>Article 2</num><heading/><paragraph><content><p>This Regulation shall enter into force on the twentieth day following that of its publication in the <i>Official Journal of the European Union</i>.</p></content></paragraph></article><clause><content><p>This Regulation shall be binding in its entirety and directly applicable in all Member States.</p></content></clause></body><conclusions><p>Done at Brussels, 14 February 2020.</p><block name="signatory"><signature><organization refersTo="">For the Commission,</organization><role refersTo="">On behalf of the President,</role><person refersTo="">Janusz WOJCIECHOWSKI</person><!-- <leos:unknown><P xmlns="" xmlns:xsi="http://www.w3.org/2001/XMLSchema-instance"><HT TYPE="ITALIC">Member of the Commission</HT></P></leo:unknown> --></signature></block></conclusions></bill></akomaNtoso>