<?xml version="1.0" encoding="UTF-8"?><akomaNtoso xmlns="http://docs.oasis-open.org/legaldocml/ns/akn/3.0" xmlns:fmx="http://formex.publications.europa.eu/schema/formex-05.21-20110601.xd" xmlns:leos="urn:eu:europa:ec:leos" xmlns:xs="http://www.w3.org/2001/XMLSchema"><bill name=""><meta xmlns:fn="http://www.w3.org/2005/xpath-functions"><identification source="~COM"><FRBRWork><FRBRthis value=""/><FRBRuri value=""/><FRBRdate date="2999-01-01" name=""/><FRBRauthor href=""/><FRBRcountry value=""/></FRBRWork><FRBRExpression><FRBRthis value=""/><FRBRuri value=""/><FRBRdate date="2999-01-01" name=""/><FRBRauthor href=""/><FRBRlanguage language="eng"/></FRBRExpression><FRBRManifestation><FRBRthis value=""/><FRBRuri value=""/><FRBRdate date="2999-01-01" name=""/><FRBRauthor href=""/></FRBRManifestation></identification></meta><preface><longTitle><p><docStage/><docType>DECISION No 67/2019 OF THE JOINT COMMITTEE ESTABLISHED UNDER THE AGREEMENT ON MUTUAL RECOGNITION BETWEEN THE EUROPEAN COMMUNITY AND THE UNITED STATES OF AMERICA</docType>of 5 February 2020<docPurpose>related to the listing of Conformity Assessment Bodies under the Sectoral Annex for Electromagnetic Compatibility [2020/222]</docPurpose></p></longTitle></preface><preamble><formula name="actingEntity"><p>THE JOINT COMMITTEE,</p></formula><citations><citation><p>Having regard to the Agreement on Mutual Recognition between the European Community and the United States of America and in particular Article 7 and 14;</p></citation></citations><recitals xml:id="recs_d309e59"><intro><p>Whereas the Joint Committee is to take a decision to list a Conformity Assessment Body or Bodies under a Sectoral Annex;</p></intro></recitals><formula name="enactingFormula"><p>HAS DECIDED AS FOLLOWS:</p></formula></preamble><body><!--not treated use of <NP> --><p><num>1.</num><content><p>The Conformity Assessment Body in Attachment A is added to the list of Conformity Assessment Bodies under column &apos;EC access to the US market&apos; in Section V of the Sectoral Annex for Electromagnetic Compatibility.</p></content></p><!--not treated use of <NP> --><p><num>2.</num><alinea><content><p>The specific scope of listing, in terms of products and conformity assessment procedures, of the Conformity Assessment Body indicated in Attachment A has been agreed by the Parties and will be maintained by them.</p></content></alinea><alinea><content><p>This Decision, done in duplicate, shall be signed by representatives of the Joint Committee who are authorized to act on behalf of the Parties for purposes of amending the Agreement. This Decision shall be effective from the date of the later of these signatures.</p></content></alinea></p></body><conclusions><block name="signatory"><signature><organization refersTo="">On behalf of the United States of America</organization><role refersTo="">James C. SANFORD</role><person refersTo="">Signed in Washington, on 13 January 2020</person></signature><signature><organization refersTo="">On behalf of the European Union</organization><role refersTo="">Ignacio IRUARRIZAGA</role><person refersTo="">Signed in Brussels, on 5 February 2020</person></signature></block></conclusions></bill></akomaNtoso>