<?xml version="1.0" encoding="UTF-8"?><akomaNtoso xmlns="http://docs.oasis-open.org/legaldocml/ns/akn/3.0" xmlns:fmx="http://formex.publications.europa.eu/schema/formex-05.21-20110601.xd" xmlns:leos="urn:eu:europa:ec:leos" xmlns:xs="http://www.w3.org/2001/XMLSchema"><bill name=""><meta xmlns:fn="http://www.w3.org/2005/xpath-functions"><identification source="~COM"><FRBRWork><FRBRthis value=""/><FRBRuri value=""/><FRBRdate date="2999-01-01" name=""/><FRBRauthor href=""/><FRBRcountry value=""/></FRBRWork><FRBRExpression><FRBRthis value=""/><FRBRuri value=""/><FRBRdate date="2999-01-01" name=""/><FRBRauthor href=""/><FRBRlanguage language="eng"/></FRBRExpression><FRBRManifestation><FRBRthis value=""/><FRBRuri value=""/><FRBRdate date="2999-01-01" name=""/><FRBRauthor href=""/></FRBRManifestation></identification></meta><preface><longTitle><p><docStage/><docType>COMMISSION IMPLEMENTING DECISION (EU) 2020/95</docType>of 22 January 2020<docPurpose>amending Implementing Decision (EU) 2016/2323 establishing the European List of ship recycling facilities pursuant to Regulation (EU) No 1257/2013 of the European Parliament and of the Council</docPurpose></p></longTitle><container name="EEArelevance"><p>(Text with EEA relevance)</p></container></preface><preamble><formula name="actingEntity"><p>THE EUROPEAN COMMISSION,</p></formula><citations><citation><p>Having regard to the Treaty on the Functioning of the European Union,</p></citation><citation><p>Having regard to Regulation (EU) No 1257/2013 of the European Parliament and of the Council of 20 November 2013 on ship recycling and amending Regulation (EC) No 1013/2006 and Directive 2009/16/EC<authorialNote placement="bottom" marker="1"><p>OJ L 330, 10.12.2013, p. 1.</p></authorialNote>, and in particular Article 16 thereof,</p></citation></citations><recitals xml:id="recs_d97e71"><intro><p>Whereas:</p></intro><recital xml:id="rec_d97e74"><num>(1)</num><p>Article 6(2) of Regulation (EU) No 1257/2013 requires ship owners to ensure that ships destined to be recycled are only recycled at ship recycling facilities included in the European List of ship recycling facilities published pursuant to Article 16 of that Regulation.</p></recital><recital xml:id="rec_d97e80"><num>(2)</num><p>The European List is set out in Commission Implementing Decision (EU) 2016/2323<authorialNote placement="bottom" marker="2"><p>Commission Implementing Decision (EU) 2016/2323 of 19 December 2016 establishing the European List of ship recycling facilities pursuant to Regulation (EU) No 1257/2013 of the European Parliament and of the Council on ship recycling (OJ L 345, 20.12.2016, p. 119).</p></authorialNote>.</p></recital><recital xml:id="rec_d97e96"><num>(3)</num><p>Latvia has informed the Commission that a ship recycling facility<authorialNote placement="bottom" marker="3"><p>&apos;Galaksis N&apos;, Ltd.</p></authorialNote> located in its territory has been authorised by the competent authority in accordance with Article 14 of Regulation (EU) No 1257/2013. Latvia has provided the Commission with all information relevant for that facility to be included in the European List. The European List should therefore be updated to include that facility.</p></recital><recital xml:id="rec_d97e109"><num>(4)</num><p>Lithuania has informed the Commission that a ship recycling facility<authorialNote placement="bottom" marker="4"><p>UAB Demeksa.</p></authorialNote> located in its territory has been authorised by the competent authority in accordance with Article 14 of Regulation (EU) No 1257/2013. Lithuania has provided the Commission with all information relevant for that facility to be included in the European List. The European List should therefore be updated to include that facility.</p></recital><recital xml:id="rec_d97e119"><num>(5)</num><p>The Netherlands has informed the Commission that a ship recycling facility<authorialNote placement="bottom" marker="5"><p>Sagro Aannemingsmaatschappij Zeeland B.V.</p></authorialNote> located in its territory has been authorised by the competent authority in accordance with Article 14 of Regulation (EU) No 1257/2013. The Netherlands has provided the Commission with all information relevant for that facility to be included in the European List. The European List should therefore be updated to include that facility.</p></recital><recital xml:id="rec_d97e129"><num>(6)</num><p>Norway has informed the Commission that a ship recycling facility<authorialNote placement="bottom" marker="6"><p>ADRS Decom Gulen.</p></authorialNote> located in its territory has been authorised by the competent authority in accordance with Article 14 of Regulation (EU) No 1257/2013. Norway has provided the Commission with all information relevant for that facility to be included in the European List. The European List should therefore be updated to include that facility.</p></recital><recital xml:id="rec_d97e140"><num>(7)</num><p>The Commission has received applications, in accordance with Article 15(1) of Regulation (EU) No 1257/2013, for three ship recycling facilities<authorialNote placement="bottom" marker="7"><p>ÖGE GEMİ SÖKÜM İTH. İHR. TİC. SAN.AŞ.; Sök Denizcilik Tic. Ltd. Sti and EGE CELIK SAN. VE TIC. A.S.</p></authorialNote> located in Turkey to be included in the European List. Having assessed the information and supporting evidence provided or gathered in accordance with Article 15 of that Regulation, the Commission considers that the facilities comply with the requirements set out in Article 13 of that Regulation to conduct ship recycling and to be included in the European List. The European List should therefore be updated to include those facilities.</p></recital><recital xml:id="rec_d97e150"><num>(8)</num><p>Belgium and Portugal have informed the Commission that the period of validity of the authorisation granted by their competent authorities to the Belgian and Portuguese ship recycling facility included in the European List<authorialNote placement="bottom" marker="8"><p>NV Galloo Recycling Ghent (BE) and Navalria &#45; Docas, Construções e Reparações Navais (PT).</p></authorialNote> has been extended. The date of expiry of the inclusion of those facilities in the European List should therefore be updated to reflect that extension.</p></recital><recital xml:id="rec_d97e160"><num>(9)</num><p>Implementing Decision (EU) 2016/2323 should therefore be amended accordingly.</p></recital><recital xml:id="rec_d97e167"><num>(10)</num><p>The measures provided for in this Decision are in accordance with the opinion of the Committee established by Article 25 of Regulation (EU) No 1257/2013,</p></recital></recitals><formula name="enactingFormula"><p>HAS ADOPTED THIS DECISION:</p></formula></preamble><body><article xml:id="art_d97e176"><num>Article 1</num><heading/><paragraph><content><p>The Annex to Implementing Decision (EU) 2016/2323 is replaced by the text in the Annex to this Decision.</p></content></paragraph></article><article xml:id="art_d97e181"><num>Article 2</num><heading/><paragraph><content><p>This Decision shall enter into force on the twentieth day following that of its publication in the <i>Official Journal of the European Union</i>.</p></content></paragraph></article></body><conclusions><p>Done at Brussels, 22 January 2020.</p><block name="signatory"><signature><organization refersTo="">For the Commission</organization><role refersTo="">The President</role><person refersTo="">Ursula VON DER LEYEN</person></signature></block></conclusions></bill></akomaNtoso>