<?xml version="1.0" encoding="UTF-8"?><akomaNtoso xmlns="http://docs.oasis-open.org/legaldocml/ns/akn/3.0" xmlns:fmx="http://formex.publications.europa.eu/schema/formex-05.21-20110601.xd" xmlns:leos="urn:eu:europa:ec:leos" xmlns:xs="http://www.w3.org/2001/XMLSchema"><bill name=""><meta xmlns:fn="http://www.w3.org/2005/xpath-functions"><identification source="~COM"><FRBRWork><FRBRthis value=""/><FRBRuri value=""/><FRBRdate date="2999-01-01" name=""/><FRBRauthor href=""/><FRBRcountry value=""/></FRBRWork><FRBRExpression><FRBRthis value=""/><FRBRuri value=""/><FRBRdate date="2999-01-01" name=""/><FRBRauthor href=""/><FRBRlanguage language="eng"/></FRBRExpression><FRBRManifestation><FRBRthis value=""/><FRBRuri value=""/><FRBRdate date="2999-01-01" name=""/><FRBRauthor href=""/></FRBRManifestation></identification></meta><preface><longTitle><p><docStage/><docType>COUNCIL DECISION (EU) 2020/245</docType>of 17 February 2020<docPurpose>on the position to be taken on behalf of the European Union within the Partnership Council established by the Comprehensive and Enhanced Partnership Agreement between the European Union and the European Atomic Energy Community and their Member States, of the one part, and the Republic of Armenia, of the other part, as regards the adoption of the Rules of Procedure of the Partnership Council and those of the Partnership Committee, subcommittees and other bodies set up by the Partnership Council, and the establishment of the list of Sub‐Committees, for the application of that Agreement with the exception of Title II thereof</docPurpose></p></longTitle></preface><preamble><formula name="actingEntity"><p>THE COUNCIL OF THE EUROPEAN UNION,</p></formula><citations><citation><p>Having regard to the Treaty on the Functioning of the European Union, and in particular Article 91, Article 100(2), Articles 207 and 209, in conjunction with the first subparagraph of Article 218(8) and Article 218(9) thereof,</p></citation><citation><p>Having regard to the proposal from the European Commission,</p></citation></citations><recitals xml:id="recs_d115e59"><intro><p>Whereas:</p></intro><recital xml:id="rec_d115e62"><num>(1)</num><p>The Comprehensive and Enhanced Partnership Agreement between the European Union and the European Atomic Energy Community and their Member States, of the one part, and the Republic of Armenia, of the other part<authorialNote placement="bottom" marker="1"><p>OJ L 23, 26.1.2018, p. 4.</p></authorialNote> (&apos;the Agreement&apos;) was signed in Brussels on 24 November 2017 and has been applied provisionally since 1 June 2018.</p></recital><recital xml:id="rec_d115e84"><num>(2)</num><p>Articles 362 and 363 of the Agreement establish a Partnership Council and a Partnership Committee to facilitate the functioning of the Agreement.</p></recital><recital xml:id="rec_d115e90"><num>(3)</num><p>Pursuant to Article 362(4) of the Agreement, the Partnership Council is to establish its own rules of procedure and, pursuant to Article 363(4) of the Agreement, the Partnership Council determines in its rules of procedure the duties and functioning of the Partnership Committee.</p></recital><recital xml:id="rec_d115e96"><num>(4)</num><p>In order to ensure the effective functioning of the Agreement, the Rules of Procedure of the Partnership Council and those of the Partnership Committee should be adopted.</p></recital><recital xml:id="rec_d115e102"><num>(5)</num><p>In accordance with Council Decision (EU) 2018/104<authorialNote placement="bottom" marker="2"><p>Council Decision (EU) 2018/104 of 20 November 2017 on the signing, on behalf of the Union, and provisional application of the Comprehensive and Enhanced Partnership Agreement between the European Union and the European Atomic Energy Community and their Member States, of the one part, and the Republic of Armenia, of the other part (OJ L 23, 26.1.2018, p. 1).</p></authorialNote>, during the period of provisional application of the Agreement, the Partnership Council may only take decisions concerning matters which fall within the scope of the provisional application of the Agreement as provided for in that Decision.</p></recital><recital xml:id="rec_d115e118"><num>(6)</num><p>Pursuant to Article 364(2) of the Agreement, the Partnership Council may decide to set up subcommittees and other bodies in specific areas that can assist it in carrying out its duties. In addition, in its rules of procedure, the Partnership Council is to determine the composition, duties and functioning of such subcommittees and other bodies.</p></recital><recital xml:id="rec_d115e124"><num>(7)</num><p>The Partnership Council is to adopt the Rules of Procedure of the Partnership Council and those of the Partnership Committee, subcommittees and other bodies.</p></recital><recital xml:id="rec_d115e130"><num>(8)</num><p>It is appropriate to establish the position to be taken on the Union&apos;s behalf in the Partnership Council, as the Decision adopting the Rules of Procedure of the Partnership Council and those of the Partnership Committee, subcommittees and other bodies set up by the Partnership Council, and establishing the list of Sub‐Committees, will be binding on the Union.</p></recital><recital xml:id="rec_d115e136"><num>(9)</num><p>The Union&apos;s position within the Partnership Council should therefore be based on the draft Decision of the Partnership Council.</p></recital><recital xml:id="rec_d115e144"><num>(10)</num><p>This Decision does not relate to the draft Decision of the Partnership Council in so far as it is to regulate the functioning of the bodies set up under the Agreement in the application of Title II of the Agreement, which contains provisions relating to the common foreign and security policy of the Union falling within the scope of Chapter 2 of Title V of the Treaty on European Union. The aim and content of those provisions is distinct from and independent of the aim and content of the other provisions of the Agreement to establish a partnership between the Parties. A separate decision relating to the draft Decision of the Partnership Council in so far as it is to regulate the functioning of the bodies set up under the Agreement in the application of Title II of the Agreement, will be adopted in parallel with this Decision,</p></recital></recitals><formula name="enactingFormula"><p>HAS ADOPTED THIS DECISION:</p></formula></preamble><body><article xml:id="art_d115e153"><num>Article 1</num><heading/><paragraph><num>1.</num><content><p>The position to be taken on the Union&apos;s behalf within the Partnership Council established by the Comprehensive and Enhanced Partnership Agreement between the European Union and the European Atomic Energy Community and their Member States, of the one part, and the Republic of Armenia, of the other part, as regards the adoption of the Rules of Procedure of the Partnership Council and those of the Partnership Committee, subcommittees and other bodies set up by the Partnership Council, and the establishment of the list of Sub‐Committees, for the application of that Agreement with the exception of Title II thereof, shall be based on the draft Decision of the Partnership Council<authorialNote placement="bottom" marker="3"><p>See document ST 15226/19 on http://register.consilium.europa.eu</p></authorialNote>.</p></content></paragraph><paragraph><num>2.</num><content><p>Minor technical changes to the draft Decision may be accepted by the representatives of the Union within the Partnership Council without further decision by the Council.</p></content></paragraph></article><article xml:id="art_d115e170"><num>Article 2</num><heading/><paragraph><content><p>This Decision shall enter into force on the date of its adoption.</p></content></paragraph></article></body><conclusions><p>Done at Brussels, 17 February 2020.</p><block name="signatory"><signature><organization refersTo="">For the Council</organization><role refersTo="">The President</role><person refersTo="">J. BORRELL FONTELLES</person></signature></block></conclusions></bill></akomaNtoso>