<?xml version="1.0" encoding="UTF-8"?><akomaNtoso xmlns="http://docs.oasis-open.org/legaldocml/ns/akn/3.0" xmlns:fmx="http://formex.publications.europa.eu/schema/formex-05.21-20110601.xd" xmlns:leos="urn:eu:europa:ec:leos" xmlns:xs="http://www.w3.org/2001/XMLSchema"><bill name=""><meta xmlns:fn="http://www.w3.org/2005/xpath-functions"><identification source="~COM"><FRBRWork><FRBRthis value=""/><FRBRuri value=""/><FRBRdate date="2999-01-01" name=""/><FRBRauthor href=""/><FRBRcountry value=""/></FRBRWork><FRBRExpression><FRBRthis value=""/><FRBRuri value=""/><FRBRdate date="2999-01-01" name=""/><FRBRauthor href=""/><FRBRlanguage language="eng"/></FRBRExpression><FRBRManifestation><FRBRthis value=""/><FRBRuri value=""/><FRBRdate date="2999-01-01" name=""/><FRBRauthor href=""/></FRBRManifestation></identification></meta><preface><longTitle><p><docStage/><docType>COMMISSION IMPLEMENTING REGULATION (EU) 2020/111</docType>of 13 January 2020<docPurpose>amending Implementing Regulation (EU) 2015/1998 as regards the approval of civil aviation security equipment as well as third countries recognised as applying security standards equivalent to the common basic standards on civil aviation security</docPurpose></p></longTitle></preface><preamble><formula name="actingEntity"><p>THE EUROPEAN COMMISSION,</p></formula><citations><citation><p>Having regard to the Treaty on the Functioning of the European Union,</p></citation><citation><p>Having regard to Regulation (EC) No 300/2008 of the European Parliament and of the Council of 11 March 2008 on common rules in the field of civil aviation security and repealing Regulation (EC) No 2320/2002<authorialNote placement="bottom" marker="1"><p>OJ L 97, 9.4.2008, p. 72.</p></authorialNote>, and in particular Article 4(3) thereof,</p></citation></citations><recitals xml:id="recs_d3e68"><intro><p>Whereas:</p></intro><recital xml:id="rec_d3e71"><num>(1)</num><p>Commission Regulation (EC) No 272/2009<authorialNote placement="bottom" marker="2"><p>Commission Regulation (EC) No 272/2009 of 2 April 2009 supplementing the common basic standards on civil aviation security laid down in the Annex to Regulation (EC) No 300/2008 of the European Parliament and of the Council (OJ L 91, 3.4.2009, p. 7).</p></authorialNote> supplements the common basic standards on civil aviation security laid down in the Annex to Regulation (EC) No 300/2008.</p></recital><recital xml:id="rec_d3e87"><num>(2)</num><p>Regulation (EC) No 272/2009 charges the Commission with the recognition of the equivalence of security standards of third countries, in accordance with the criteria set out in Part E of the Annex to that Regulation.</p></recital><recital xml:id="rec_d3e93"><num>(3)</num><p>The Annex to Commission Implementing Regulation (EU) 2015/1998<authorialNote placement="bottom" marker="3"><p>Commission Implementing Regulation (EU) 2015/1998 of 5 November 2015 laying down detailed measures for the implementation of the common basic standards on aviation security (OJ L 299, 14.11.2015, p. 1).</p></authorialNote> lists the third countries recognised as applying security standards equivalent to the common basic standards.</p></recital><recital xml:id="rec_d3e109"><num>(4)</num><p>The Commission has verified that the Republic of Serbia, in regard to Belgrade Nikola Tesla Airport, satisfies the criteria set out in Part E of the Annex to Regulation (EC) No 272/2009.</p></recital><recital xml:id="rec_d3e115"><num>(5)</num><p>The Commission has verified that the State of Israel, in regard to Ben Gurion International Airport, satisfies the criteria set out in Part E of the Annex to Regulation (EC) No 272/2009, with regard to aircraft security and screening of passengers and cabin baggage.</p></recital><recital xml:id="rec_d3e121"><num>(6)</num><p>Detailed measures for the implementation of the common basic standards referred to in Regulation (EC) No 300/2008 include procedures for approval and use of civil aviation security equipment.</p></recital><recital xml:id="rec_d3e127"><num>(7)</num><p>Steps taken to ensure that civil aviation security equipment meets the required performance standards should be harmonised to ensure the best implementation of the common basic standards on aviation security.</p></recital><recital xml:id="rec_d3e134"><num>(8)</num><p>The Commission acknowledges the common evaluation process of the European Civil Aviation Conference as a mandatory pre-condition for the approval of civil aviation security equipment. Security equipment that has undergone that process should therefore benefit from an EU approval scheme consisting of a visual stamp marking and its entry into a consolidated Union database allowing for the immediate deployment of civil aviation security equipment throughout the Union.</p></recital><recital xml:id="rec_d3e140"><num>(9)</num><p>As the final approval of civil aviation equipment will be granted by adopting a legal act, the installation and use of such security equipment should be legally allowed under a pending status until the final approval.</p></recital><recital xml:id="rec_d3e147"><num>(10)</num><p>Implementing Regulation (EU) 2015/1998 should therefore be amended accordingly.</p></recital><recital xml:id="rec_d3e153"><num>(11)</num><p>The measures provided for in this Regulation are in accordance with the opinion of the Committee established by Article 19 of Regulation (EC) No 300/2008,</p></recital></recitals><formula name="enactingFormula"><p>HAS ADOPTED THIS REGULATION:</p></formula></preamble><body><article xml:id="art_d3e162"><num>Article 1</num><heading/><paragraph><content><p>The Annex to Implementing Regulation (EU) 2015/1998 is amended in accordance with the Annex to this Regulation.</p></content></paragraph></article><article xml:id="art_d3e167"><num>Article 2</num><heading/><paragraph><content><p>This Regulation shall enter into force on the twentieth day following that of its publication in the <i>Official Journal of the European Union</i>. However, points (1)(b) and (2)(b) of the Annex to this Regulation shall apply from 1 April 2020.</p></content></paragraph></article><clause><content><p>This Regulation shall be binding in its entirety and directly applicable in all Member States.</p></content></clause></body><conclusions><p>Done at Brussels, 13 January 2020.</p><block name="signatory"><signature><organization refersTo="">For the Commission</organization><role refersTo="">The President</role><person refersTo="">Ursula VON DER LEYEN</person></signature></block></conclusions></bill></akomaNtoso>