<?xml version="1.0" encoding="UTF-8"?><akomaNtoso xmlns="http://docs.oasis-open.org/legaldocml/ns/akn/3.0" xmlns:fmx="http://formex.publications.europa.eu/schema/formex-05.21-20110601.xd" xmlns:leos="urn:eu:europa:ec:leos" xmlns:xs="http://www.w3.org/2001/XMLSchema"><bill name=""><meta xmlns:fn="http://www.w3.org/2005/xpath-functions"><identification source="~COM"><FRBRWork><FRBRthis value=""/><FRBRuri value=""/><FRBRdate date="2999-01-01" name=""/><FRBRauthor href=""/><FRBRcountry value=""/></FRBRWork><FRBRExpression><FRBRthis value=""/><FRBRuri value=""/><FRBRdate date="2999-01-01" name=""/><FRBRauthor href=""/><FRBRlanguage language="eng"/></FRBRExpression><FRBRManifestation><FRBRthis value=""/><FRBRuri value=""/><FRBRdate date="2999-01-01" name=""/><FRBRauthor href=""/></FRBRManifestation></identification></meta><preface><longTitle><p><docStage/><docType>COUNCIL DECISION (EU) 2020/372</docType>of 27 February 2020<docPurpose>on the position to be taken on behalf of the European Union within the Council of the International Civil Aviation Organization as regards the adoption of amendments to Annexes 1, 3, 4, 6, 10, 11, 13, 14, 15, 16 and 18 to the Convention on International Civil Aviation</docPurpose></p></longTitle></preface><preamble><formula name="actingEntity"><p>THE COUNCIL OF THE EUROPEAN UNION,</p></formula><citations><citation><p>Having regard to the Treaty on the Functioning of the European Union, and in particular Article 100(2) in conjunction with Article 218(9) thereof,</p></citation><citation><p>Having regard to the proposal from the European Commission,</p></citation></citations><recitals xml:id="recs_d269e59"><intro><p>Whereas:</p></intro><recital xml:id="rec_d269e62"><num>(1)</num><p>The Convention on International Civil Aviation (&apos;the Chicago Convention&apos;), which regulates international air transport, entered into force on 4 April 1947. It established the International Civil Aviation Organization (ICAO).</p></recital><recital xml:id="rec_d269e75"><num>(2)</num><p>The Member States of the Union are contracting parties to the Chicago Convention and members of the ICAO, whereas the Union has observer status in certain ICAO bodies.</p></recital><recital xml:id="rec_d269e81"><num>(3)</num><p>Pursuant to Article 54 of the Chicago Convention, the ICAO Council is to adopt international standards and recommended practices.</p></recital><recital xml:id="rec_d269e87"><num>(4)</num><p>The ICAO Council, at its 219th session starting on 2 March 2020, is to adopt a number of amendments to Annexes 1, 3, 4, 6, 10, 11, 13, 14, 15, 16 and 18 to the Chicago Convention (&apos;the amendments&apos;), in the areas of safety, environment and air navigation.</p></recital><recital xml:id="rec_d269e100"><num>(5)</num><p>Once adopted, the amendments will be binding on all ICAO Member States, including all Member States of the Union, in accordance with and within the limits set out in the Chicago Convention, and capable of decisively influencing the content of Union law.</p></recital><recital xml:id="rec_d269e106"><num>(6)</num><p>It is therefore appropriate to establish the position to be taken on the Union&apos;s behalf in the ICAO Council with regard to the amendments.</p></recital><recital xml:id="rec_d269e112"><num>(7)</num><p>The scope of this Decision should be limited to the content of the amendments, insofar as that content falls within an area which is already largely covered by EU common rules. This Decision should not affect the distribution of competences between the Union and the Member States in the field of aviation.</p></recital><recital xml:id="rec_d269e118"><num>(8)</num><p>The position of the Union within the ICAO Council should be to support the policies expressed in the amendments, since they contribute to improving aviation safety and environmental standards.</p></recital><recital xml:id="rec_d269e124"><num>(9)</num><p>The Union&apos;s position should be expressed by the Member States of the Union that are members of the ICAO Council, acting jointly,</p></recital></recitals><formula name="enactingFormula"><p>HAS ADOPTED THIS DECISION:</p></formula></preamble><body><article xml:id="art_d269e134"><num>Article 1</num><heading/><paragraph><content><p>The position to be taken on the Union&apos;s behalf within the Council of the International Civil Aviation Organization (ICAO) at its 219th session as regards the adoption of amendments to Annexes 1, 3, 4, 6, 10, 11, 13, 14, 15, 16 and 18 to the Convention on International Civil Aviation<authorialNote placement="bottom" marker="1"><p>See document ST 6180/20 on http://register.consilium.europa.eu</p></authorialNote> shall be expressed by the Member States of the Union that are members of the ICAO Council, acting jointly.</p></content></paragraph></article><article xml:id="art_d269e143"><num>Article 2</num><heading/><paragraph><content><p>This Decision shall enter into force on the date of its adoption.</p></content></paragraph></article></body><conclusions><p>Done at Brussels, 27 February 2020.</p><block name="signatory"><signature><organization refersTo="">For the Council</organization><role refersTo="">The President</role><person refersTo="">D. HORVAT</person></signature></block></conclusions></bill></akomaNtoso>