<?xml version="1.0" encoding="UTF-8"?><akomaNtoso xmlns="http://docs.oasis-open.org/legaldocml/ns/akn/3.0" xmlns:fmx="http://formex.publications.europa.eu/schema/formex-05.21-20110601.xd" xmlns:leos="urn:eu:europa:ec:leos" xmlns:xs="http://www.w3.org/2001/XMLSchema"><bill name=""><meta xmlns:fn="http://www.w3.org/2005/xpath-functions"><identification source="~COM"><FRBRWork><FRBRthis value=""/><FRBRuri value=""/><FRBRdate date="2999-01-01" name=""/><FRBRauthor href=""/><FRBRcountry value=""/></FRBRWork><FRBRExpression><FRBRthis value=""/><FRBRuri value=""/><FRBRdate date="2999-01-01" name=""/><FRBRauthor href=""/><FRBRlanguage language="eng"/></FRBRExpression><FRBRManifestation><FRBRthis value=""/><FRBRuri value=""/><FRBRdate date="2999-01-01" name=""/><FRBRauthor href=""/></FRBRManifestation></identification></meta><preface><longTitle><p><docStage/><docType>COMMISSION IMPLEMENTING DIRECTIVE (EU) 2020/432</docType>of 23 March 2020<docPurpose>amending Council Directive 2002/55/EC with regard to the definition of vegetables and the list of genera and species in Article 2(1)(b)</docPurpose></p></longTitle><container name="EEArelevance"><p>(Text with EEA relevance)</p></container></preface><preamble><formula name="actingEntity"><p>THE EUROPEAN COMMISSION,</p></formula><citations><citation><p>Having regard to the Treaty on the Functioning of the European Union,</p></citation><citation><p>Having regard to Council Directive 2002/55/EC of 13 June 2002 on the marketing of vegetable seed<authorialNote placement="bottom" marker="1"><p>OJ L 193, 20.7.2002, p. 33.</p></authorialNote>, and in particular Article 2(2) thereof,</p></citation></citations><recitals xml:id="recs_d223e71"><intro><p>Whereas:</p></intro><recital xml:id="rec_d223e74"><num>(1)</num><p>In Commission Implementing Directive (EU) 2019/990<authorialNote placement="bottom" marker="2"><p>Commission Implementing Directive (EU) 2019/990 of 17 June 2019 amending the list of genera and species in Article 2(1)(b) of Council Directive 2002/55/EC, in Annex II to Council Directive 2008/72/EC and in the Annex to Commission Directive 93/61/EEC (OJ L 160, 18.6.2019, p. 14).</p></authorialNote>, which amended Article 2(1)(b) of Directive 2002/55/EC, the definition of &apos;vegetables&apos; preceding the table in that Article was erroneously deleted. As a result, Article 2(1)(b) of Directive 2002/55/EC no longer contains a definition of &apos;vegetables&apos;, which is an essential part of that Directive.</p></recital><recital xml:id="rec_d223e98"><num>(2)</num><p>Directive 2002/55/EC should therefore be corrected accordingly.</p></recital><recital xml:id="rec_d223e104"><num>(3)</num><p>For reasons of legal certainty, the transposition date set out in this Directive should match the transposition date set out in Implementing Directive (EU) 2019/990.</p></recital><recital xml:id="rec_d223e110"><num>(4)</num><p>The measures provided for in this Directive are in accordance with the opinion of the Standing Committee on Plants, Animals, Food and Feed,</p></recital></recitals><formula name="enactingFormula"><p>HAS ADOPTED THIS DIRECTIVE:</p></formula></preamble><body><article xml:id="art_d223e119"><num>Article 1</num><heading>Amendment to Directive 2002/55/EC</heading><paragraph><content><p>Directive 2002/55/EC is amended as set out in the Annex to this Directive.</p></content></paragraph></article><article xml:id="art_d223e126"><num>Article 2</num><heading>Transposition</heading><paragraph><num>1.</num><subparagraph><content><p>Member States shall adopt and publish, by 30 June 2020 at the latest, the laws, regulations and administrative provisions necessary to comply with this Directive. They shall immediately inform the Commission thereof.</p></content></subparagraph><subparagraph><content><p>They shall apply those provisions from 1 July 2020.</p></content></subparagraph><subparagraph><content><p>When Member States adopt those provisions, they shall contain a reference to this Directive or be accompanied by such a reference on the occasion of their official publication. Member States shall determine how such reference is to be made.</p></content></subparagraph></paragraph><paragraph><num>2.</num><content><p>Member States shall communicate to the Commission the text of the main provisions of national law which they adopt in the field covered by this Directive.</p></content></paragraph></article><article xml:id="art_d223e152"><num>Article 3</num><heading>Addressees</heading><paragraph><content><p>This Directive is addressed to the Member States.</p></content></paragraph></article></body><conclusions><p>Done at Brussels, 23 March 2020.</p><block name="signatory"><signature><organization refersTo="">For the Commission</organization><role refersTo="">The President</role><person refersTo="">Ursula VON DER LEYEN</person></signature></block></conclusions></bill></akomaNtoso>