<?xml version="1.0" encoding="UTF-8"?><akomaNtoso xmlns="http://docs.oasis-open.org/legaldocml/ns/akn/3.0" xmlns:fmx="http://formex.publications.europa.eu/schema/formex-05.21-20110601.xd" xmlns:leos="urn:eu:europa:ec:leos" xmlns:xs="http://www.w3.org/2001/XMLSchema"><bill name=""><meta xmlns:fn="http://www.w3.org/2005/xpath-functions"><identification source="~COM"><FRBRWork><FRBRthis value=""/><FRBRuri value=""/><FRBRdate date="2999-01-01" name=""/><FRBRauthor href=""/><FRBRcountry value=""/></FRBRWork><FRBRExpression><FRBRthis value=""/><FRBRuri value=""/><FRBRdate date="2999-01-01" name=""/><FRBRauthor href=""/><FRBRlanguage language="eng"/></FRBRExpression><FRBRManifestation><FRBRthis value=""/><FRBRuri value=""/><FRBRdate date="2999-01-01" name=""/><FRBRauthor href=""/></FRBRManifestation></identification></meta><preface><longTitle><p><docStage/><docType>COMMISSION IMPLEMENTING REGULATION (EU) 2020/25</docType>of 13 January 2020<docPurpose>amending and correcting Regulation (EC) No 1235/2008 laying down detailed rules for implementation of Council Regulation (EC) No 834/2007 as regards the arrangements for imports of organic products from third countries</docPurpose></p></longTitle><container name="EEArelevance"><p>(Text with EEA relevance)</p></container></preface><preamble><formula name="actingEntity"><p>THE EUROPEAN COMMISSION,</p></formula><citations><citation><p>Having regard to the Treaty on the Functioning of the European Union,</p></citation><citation><p>Having regard to Council Regulation (EC) No 834/2007 of 28 June 2007 on organic production and labelling of organic products and repealing Regulation (EEC) No 2092/91<authorialNote placement="bottom" marker="1"><p>OJ L 189, 20.7.2007, p. 1.</p></authorialNote>, and in particular Article 33(2) and (3) and Article 38(d), thereof,</p></citation></citations><recitals xml:id="recs_d15e71"><intro><p>Whereas:</p></intro><recital xml:id="rec_d15e74"><num>(1)</num><p>Regulation (EU) 2018/848 of the European Parliament and of the Council<authorialNote placement="bottom" marker="2"><p>Regulation (EU) 2018/848 of the European Parliament and of the Council of 30 May 2018 on organic production and labelling of organic products and repealing Council Regulation (EC) No 834/2007 (OJ L 150, 14.6.2018, p. 1).</p></authorialNote>, establishes that the scheme of control bodies and control authorities recognised by the Commission on the basis of Article 33(3) of Regulation (EC) No 834/2007 to carry out controls and to issue certificates in third countries for the purpose of importing products with equivalent guarantees will be replaced by a scheme of control bodies and control authorities recognised by the Commission for the purpose of importing compliant products. The new import scheme provided in Regulation (EU) 2018/848 will apply from 1 January 2021. In order to ensure that the necessary administrative capacities are available to provide for a timely recognition of control bodies and control authorities under the new scheme, it is appropriate to introduce a final date for receiving new requests for the recognition of control bodies and control authorities for the purpose of equivalence pursuant to Article 10 of Commission Regulation (EC) No 1235/2008<authorialNote placement="bottom" marker="3"><p>Commission Regulation (EC) No 1235/2008 of 8 December 2008 laying down detailed rules for implementation of Council Regulation (EC) No 834/2007 as regards the arrangements for imports of organic products from third countries (OJ L 334 12.12.2008, p. 25).</p></authorialNote> and the inclusion of such control bodies and control authorities in the list set out in Annex IV to that Regulation. Requests received after that date should no longer be admissible.</p></recital><recital xml:id="rec_d15e103"><num>(2)</num><p>Products imported from a third country can be placed on the Union market as organic if they are covered by a certificate of inspection issued by the competent authorities, control authorities or control bodies of a recognised third country or by a recognised control authority or control body. In order to ensure compliance with the second subparagraph of Article 33(1) of Regulation (EC) No 834/2007, which requires the certificate of inspection to accompany the goods to the premises of the first consignee, and with a view to ensuring the traceability of the imported products during distribution, including transport form third countries, it should be clarified that the certificate of inspection is to be issued by the relevant control authority or control body at the moment the consignment leaves the third country of export or origin.</p></recital><recital xml:id="rec_d15e109"><num>(3)</num><p>Annex III to Regulation (EC) No 1235/2008 sets out the list of third countries whose systems of production and control measures for organic production of agricultural products are recognised as equivalent to those laid down in Regulation (EC) No 834/2007.</p></recital><recital xml:id="rec_d15e115"><num>(4)</num><p>Japan has informed the Commission that its competent authority has added the control body &apos;Akatonbo&apos; to the list of control bodies recognised by Japan.</p></recital><recital xml:id="rec_d15e125"><num>(5)</num><p>The Republic of Korea has informed the Commission that its competent authority has changed the name of &apos;Neo environmentally-friendly&apos; and the name and internet address of &apos;Association for Agricultural Products Quality Evaluation&apos;. The Republic of Korea has also informed the Commission that the recognition of the control body &apos;Korea Agricultural Product and Food Certification&apos; has been withdrawn.</p></recital><recital xml:id="rec_d15e145"><num>(6)</num><p>The United States has informed the Commission that its competent authority has added seven control bodies to the list of control bodies recognised by the United States for the purpose of the equivalence under Article 33(2) of Regulation (EC) No 834/2007, namely &apos;CERES&apos;, &apos;EcoLOGICA S.A&apos;, &apos;Food Safety S.A.&apos;, &apos;IBD Certifications&apos;, &apos;Istituto per la Certificazione Etica e Ambientale (ICEA)&apos;, &apos;OnMark&apos; and &apos;Perry Johnson Registrar Food Safety, Inc.&apos;. The United States has also requested the removal of &apos;Global Culture&apos;, &apos;Global Organic Certification Services&apos;, &apos;Stellar Certification Services, Inc.&apos;, &apos;Institute for Marketecology (IMO)&apos;, and &apos;Basin and Range Organics (BARO)&apos; from the list in Annex III to Regulation (EC) No 1235/2008.</p></recital><recital xml:id="rec_d15e203"><num>(7)</num><p>Annex IV to Regulation (EC) No 1235/2008 sets out the list of control authorities and control bodies competent to carry out controls and issue certificates in third countries for the purpose of equivalence.</p></recital><recital xml:id="rec_d15e209"><num>(8)</num><p>The Commission has received and examined a request from &apos;A CERT European Organization for Certification S.A&apos; to amend its specifications. Based on the information received, the Commission has concluded that it is justified to extend the scope of its recognition for product categories A and D to Armenia, Ghana, Kosovo<authorialNote placement="bottom" marker="4"><p>This designation is without prejudice to positions on status, and is in line with UNSCR 1244/1999 and the ICJ Opinion on the Kosovo declaration of independence</p></authorialNote>, Kuwait, Oman, Peru, Sudan, the United Arab Emirates, Uzbekistan and Vietnam.</p></recital><recital xml:id="rec_d15e223"><num>(9)</num><p>The Commission has received and examined a request from &apos;Argencert SA&apos; to be removed from the list in Annex IV to Regulation (EC) No 1235/2008. Based on the information received, the Commission has concluded that it is justified to remove that control body from that list.</p></recital><recital xml:id="rec_d15e234"><num>(10)</num><p>The Commission has received and examined a request from &apos;Balkan Biocert Skopje&apos; to amend its legal status. Based on the information received, the Commission has concluded that it is justified to replace the name of that control body by &apos;Balkan Biocert Macedonia DOOEL Skopje&apos;.</p></recital><recital xml:id="rec_d15e248"><num>(11)</num><p>The Commission has received a request from &apos;Başak Ekolojik Ürünler Kontrol ve Sertifikasyon Hizmetleri Tic. Ltd&apos; to amend its address.</p></recital><recital xml:id="rec_d15e258"><num>(12)</num><p>The Commission has received and examined a request from &apos;Bioagricert S.r.l.&apos; to amend its specifications. Based on the information received, the Commission has concluded that it is justified to extend the scope of its recognition for product categories A, B, D and E to Paraguay and Uruguay, for product categories A, B and D to Bolivia and Sri Lanka, for product categories A, D and E to Cameroon, and for product categories A and D to Fiji.</p></recital><recital xml:id="rec_d15e268"><num>(13)</num><p>The Commission has received and examined a request from &apos;Biocert International Pvt Ltd&apos; to amend its specifications. Based on the information received, the Commission has concluded that it is justified to extend the scope of its recognition to Afghanistan, Bangladesh, Bhutan, Myanmar/Burma, Egypt, Malaysia, Mauritius, Nepal, Oman, Pakistan, the Philippines, Tanzania, Thailand, the United Arab Emirates and Vietnam for product categories A and D, to Benin, Ethiopia, Mozambique, Nigeria, Qatar, Russia, Sudan, Togo, Uganda and Ukraine for product categories A, D and E, and to Georgia for product categories D and E, and to extend its recognition for Sri Lanka to product category E.</p></recital><recital xml:id="rec_d15e278"><num>(14)</num><p>The Commission has received and examined a request from &apos;Bio.inspecta AG&apos; to amend its specifications. Based on the information received, the Commission has concluded that it is justified to extend the scope of its recognition to Montenegro, North Macedonia and Serbia for product categories A, B, D, E and F, and to extend the scope of its recognition for Albania, Bosnia and Herzegovina, Georgia, Iran, Kazakhstan, Kosovo<authorialNote placement="bottom" marker="5"><p>This designation is without prejudice to positions on status, and is in line with UNSCR 1244/1999 and the ICJ Opinion on the Kosovo declaration of independence</p></authorialNote>, Moldova, Russia, Tajikistan, Ukraine, Uzbekistan and Vietnam to product categories B, E and F, for Armenia, Lebanon and Tanzania to product categories B and E, for Algeria and Kyrgyzstan to product category B, for Turkey to product categories E and F, and for Azerbaijan to product category E.</p></recital><recital xml:id="rec_d15e292"><num>(15)</num><p>The Commission has received and examined a request from &apos;Bureau Veritas Certification France SAS&apos; to amend its internet address and its specifications. Based on the information received, the Commission has concluded that it is justified to withdraw its recognition for product category E in respect of Mauritius.</p></recital><recital xml:id="rec_d15e303"><num>(16)</num><p>The Commission has received and examined a request from &apos;CCPB Srl&apos; to amend its specifications. Based on the information received, the Commission has concluded that it is justified to extend the scope of its recognition to Burkina Faso, Cameroon, Comoros and Madagascar for product categories A, C and D, and to extend the scope of its recognition for Côte d&apos;Ivoire to product categories C and D.</p></recital><recital xml:id="rec_d15e313"><num>(17)</num><p>The Commission has received and examined a request from &apos;CERES Certification of Environmental Standards GmbH&apos; to amend its specifications. Based on the information received, the Commission has concluded that it is justified to extend the scope of its recognition to the United States for product category C, and to extend the scope of its recognition for the United Arab Emirates to product category A, for Chile to product category C, and for South Africa to product category F.</p></recital><recital xml:id="rec_d15e323"><num>(18)</num><p>The Commission has received and examined a request from &apos;DQS Polska sp. z o.o.&apos; to be included in the list in Annex IV to Regulation (EC) No 1235/2008. Based on the information received, the Commission has concluded that it is justified to recognise that control body for Bosnia and Herzegovina, China and Madagascar for product categories A, B and D.</p></recital><recital xml:id="rec_d15e333"><num>(19)</num><p>The Commission has received and examined a request from &apos;Ecocert SA&apos; to amend its specifications. Based on the information received, the Commission has concluded that it is justified to extend the scope of its recognition for the United Arab Emirates, Cuba, Kuwait and Malawi to product category B, for Serbia and Zimbabwe to product category E, and for Moldova to product category F.</p></recital><recital xml:id="rec_d15e344"><num>(20)</num><p>The Commission has received and examined a request from &apos;FairCert Certification Services Pvt Ltd&apos; to be included in the list in Annex IV to Regulation (EC) No 1235/2008. Based on the information received, the Commission has concluded that it is justified to recognise that control body for Bhutan and Nepal for product categories A, B, D and E, and for India for product categories B, D and E.</p></recital><recital xml:id="rec_d15e354"><num>(21)</num><p>The Commission has received and examined a request from &apos;IBD Certificações Ltda.&apos; to amend its specifications. Based on the information received, the Commission has concluded that it is justified to extend the scope of its recognition to Bolivia and Paraguay for product category A and D, and to Mongolia for product categories A and E.</p></recital><recital xml:id="rec_d15e364"><num>(22)</num><p>The Commission has received and examined a request from &apos;Kiwa BCS Öko-Garantie GmbH&apos; to amend its specifications. Based on the information received, the Commission has concluded that it is justified to extend the scope of its recognition to Seychelles for product categories A and D, and to the United States for product category C, and to extend the scope of its recognition for Armenia, Georgia, Tajikistan, Uzbekistan and Zambia to product category B, for Guatemala to product categories C and F, and for the Dominican Republic, Ecuador, Honduras, Paraguay, Peru, Serbia, and Turkey to product category F.</p></recital><recital xml:id="rec_d15e374"><num>(23)</num><p>The Commission has received and examined a request from &apos;Mayacert&apos; to amend its specifications. Based on the information received, the Commission has concluded that it is justified to extend the scope of its recognition to Panama and Sri Lanka for product categories A and D.</p></recital><recital xml:id="rec_d15e384"><num>(24)</num><p>The Commission has received and examined a request from &apos;OneCert International PVT Ltd&apos; to amend its specifications. Based on the information received, the Commission has concluded that it is justified to extend the scope of its recognition to Egypt, Jordan, Malaysia and Qatar for product categories A and D, and to extend the scope of its recognition for the United Arab Emirates to product category A, and for Ethiopia, India, Mozambique, Tanzania and Uganda to product category E.</p></recital><recital xml:id="rec_d15e394"><num>(25)</num><p>The Commission has received and examined a request from &apos;Organización International Agropecuaria&apos; to amend its specifications. Based on the information received, the Commission has concluded that it is justified to extend the scope of its recognition to Colombia for product categories A and D, and to extend the scope of its recognition for Chile and Uruguay to product category E, except for those products already covered by Annex III to Regulation (EC) No 1235/2008.</p></recital><recital xml:id="rec_d15e404"><num>(26)</num><p>The Commission has received and examined a request from &apos;Servicio de Certificación CAAE S.L.U&apos; to amend its specifications. Based on the information received, the Commission has concluded that it is justified to extend the scope of its recognition to Colombia, the Dominican Republic, El Salvador, Guatemala, Honduras, Nicaragua and Panama for product categories A and D.</p></recital><recital xml:id="rec_d15e415"><num>(27)</num><p>The Commission has received and examined a request from &apos;Suolo e Salute srl&apos; to amend its specifications. Based on the information received, the Commission has concluded that it is justified to extend the scope of its recognition for Egypt to product category D.</p></recital><recital xml:id="rec_d15e425"><num>(28)</num><p>The Commission has received and examined a request from &apos;Tse-Xin Organic Certification Corporation&apos; to amend its specifications. Based on the information received, the Commission has concluded that it is justified to extend the scope of its recognition to the Republic of Korea for product category A, to Hong Kong and Singapore for product category D, and to Cambodia, Indonesia, Laos, Malaysia, Myanmar/Burma, the Philippines, Thailand and Vietnam for product categories A and D.</p></recital><recital xml:id="rec_d15e435"><num>(29)</num><p>The Commission has received and examined a request from &apos;Valsts SIA &quot;Sertifikācijas un testēšanas centrs&quot;&apos; to amend its legal status. Based on the information received, the Commission has concluded that it is justified to replace the name of that control body by &apos;SIA &quot;Sertifikācijas un testēšanas centrs&quot;&apos;. In addition, the Commission has received and examined a request from that control body to amend its specifications. Based on the information received, the Commission has concluded that it is justified to extend the scope of its recognition for Belarus to product categories B, D, E and F, and for Uzbekistan to product categories D, E and F, and to extend the scope of its recognition to Kazakhstan, Moldova and Tajikistan for product categories A, B, D, E and F, and to Kyrgyzstan for product categories A, B, D and E.</p></recital><recital xml:id="rec_d15e457"><num>(30)</num><p>On the basis of the dossier submitted by &apos;Agricert &#45; Certificação de Produtos Alimentares lda&apos;, the scope of its recognition was extended to Guinea for product categories A and D by Commission Implementing Regulation (EU) 2019/39<authorialNote placement="bottom" marker="6"><p>Commission Implementing Regulation (EU) 2019/39 of 10 January 2019 amending Regulation (EC) No 1235/2008 laying down detailed rules for implementation of Council Regulation (EC) No 834/2007 as regards the arrangements for imports of organic products from third countries (OJ L 9, 11.1.2019, p. 106).</p></authorialNote>. However, in that dossier that control body had wrongly requested an extension for Guinea instead of Guinea Bissau. Based on the information received, the Commission has concluded that it is justified to correct Annex IV to Regulation (EC) No 1235/2008 accordingly. In the interest of clarity and legal certainty, this correction should apply from the date of entry into force of Implementing Regulation (EU) 2019/39.</p></recital><recital xml:id="rec_d15e480"><num>(31)</num><p>Regulation (EC) No 1235/2008 should therefore be amended and corrected accordingly.</p></recital><recital xml:id="rec_d15e486"><num>(32)</num><p>The measures provided for in this Regulation are in accordance with the opinion of the Committee on organic production,</p></recital></recitals><formula name="enactingFormula"><p>HAS ADOPTED THIS REGULATION:</p></formula></preamble><body><article xml:id="art_d15e495" leos:compliant="false"><num>Article 1</num><heading>Amendments to Regulation (EC) No 1235/2008</heading><paragraph><subparagraph><content><p>Regulation (EC) No 1235/2008 is amended as follows:</p></content></subparagraph><list><point><num>(1)</num><alinea><content><p>in Article 11, paragraph 1 is replaced by the following:</p></content></alinea><alinea><content><p><mod><quotedStructure startQuote="" endQuote=""><paragraph><num>&apos;1.</num><content><p>The Commission shall consider whether to include a control body or control authority in the list provided for in Article 10 upon receipt of a request thereto from the representative of the control body or control authority concerned on the basis of the model of application made available by the Commission in accordance with Article 17(2). Only complete requests that have been submitted by 30 June 2020 shall be taken into account for updating the list.&apos;;</p></content></paragraph></quotedStructure></mod></p></content></alinea></point><point><num>(2)</num><alinea><content><p>in Article 13(2), the first subparagraph is replaced by the following:</p></content></alinea><alinea><content><p><mod><quotedStructure startQuote="" endQuote=""><alinea><content><p>&apos;The certificate of inspection shall be issued by the relevant control authority or control body before the consignment leaves the third country of export or origin. It shall be endorsed by the relevant Member State&apos;s competent authority and completed by the first consignee on the basis of the model and the notes set out in Annex V and using the electronic Trade Control and Expert System (TRACES) established by Commission Decision 2003/24/EC<authorialNote placement="bottom" marker="7"><p>Commission Decision 2003/24/EC of 30 December 2002 concerning the development of an integrated computerised veterinary system (OJ L 8, 14.1.2003, p. 44).&apos;;</p></authorialNote>.</p></content></alinea></quotedStructure></mod></p></content></alinea></point><point><num>(3)</num><content><p>Annex III is amended in accordance with Annex I to this Regulation;</p></content></point><point><num>(4)</num><content><p>Annex IV is amended in accordance with Annex II to this Regulation.</p></content></point></list></paragraph></article><article xml:id="art_d15e562"><num>Article 2</num><heading>Correction of Regulation (EC) No 1235/2008</heading><paragraph><content><p>Annex IV to Regulation (EC) No 1235/2008 is corrected in accordance with Annex III to this Regulation.</p></content></paragraph></article><article xml:id="art_d15e569"><num>Article 3</num><heading>Entry into force and application</heading><paragraph><content><p>This Regulation shall enter into force on the twentieth day following that of its publication in the <i>Official Journal of the European Union</i>.</p></content></paragraph><paragraph><content><p>Article 2 shall apply from 31 January 2019.</p></content></paragraph></article><clause><content><p>This Regulation shall be binding in its entirety and directly applicable in all Member States.</p></content></clause></body><conclusions><p>Done at Brussels, 13 January 2020.</p><block name="signatory"><signature><organization refersTo="">For the Commission</organization><role refersTo="">The President</role><person refersTo="">Ursula VON DER LEYEN</person></signature></block></conclusions></bill></akomaNtoso>