<?xml version="1.0" encoding="UTF-8"?><akomaNtoso xmlns="http://docs.oasis-open.org/legaldocml/ns/akn/3.0" xmlns:fmx="http://formex.publications.europa.eu/schema/formex-05.21-20110601.xd" xmlns:leos="urn:eu:europa:ec:leos" xmlns:xs="http://www.w3.org/2001/XMLSchema"><bill name=""><meta xmlns:fn="http://www.w3.org/2005/xpath-functions"><identification source="~COM"><FRBRWork><FRBRthis value=""/><FRBRuri value=""/><FRBRdate date="2999-01-01" name=""/><FRBRauthor href=""/><FRBRcountry value=""/></FRBRWork><FRBRExpression><FRBRthis value=""/><FRBRuri value=""/><FRBRdate date="2999-01-01" name=""/><FRBRauthor href=""/><FRBRlanguage language="eng"/></FRBRExpression><FRBRManifestation><FRBRthis value=""/><FRBRuri value=""/><FRBRdate date="2999-01-01" name=""/><FRBRauthor href=""/></FRBRManifestation></identification></meta><preface><longTitle><p><docStage/><docType>COMMISSION IMPLEMENTING DECISION (EU) 2020/175</docType>of 6 February 2020<docPurpose>amending the Annex to Implementing Decision (EU) 2020/47 on protective measures in relation to highly pathogenic avian influenza of subtype H5N8 in certain Member States</docPurpose></p></longTitle><container name="EEArelevance"><p>(notified under document C(2020) 762)</p></container></preface><preamble><formula name="actingEntity"><p>THE EUROPEAN COMMISSION,</p></formula><citations><citation><p>Having regard to the Treaty on the Functioning of the European Union,</p></citation><citation><p>Having regard to Council Directive 89/662/EEC of 11 December 1989 concerning veterinary checks in intra-Community trade with a view to the completion of the internal market<authorialNote placement="bottom" marker="1"><p>OJ L 395, 30.12.1989, p. 13.</p></authorialNote>, and in particular Article 9(4) thereof,</p></citation><citation><p>Having regard to Council Directive 90/425/EEC of 26 June 1990 concerning veterinary checks applicable in intra-Union trade in certain live animals and products with a view to the completion of the internal market<authorialNote placement="bottom" marker="2"><p>OJ L 224, 18.8.1990, p. 29.</p></authorialNote>, and in particular Article 10(4) thereof,</p></citation></citations><recitals xml:id="recs_d112e86"><intro><p>Whereas:</p></intro><recital xml:id="rec_d112e89"><num>(1)</num><p>Commission Implementing Decision (EU) 2020/47<authorialNote placement="bottom" marker="3"><p>Commission Implementing Decision (EU) 2020/47 of 20 January 2020 on protective measures in relation to highly pathogenic avian influenza of subtype H5N8 in certain Member States (OJ L 16, 21.1.2020, p. 31).</p></authorialNote> was adopted following outbreaks of highly pathogenic avian influenza of subtype H5N8 in holdings where poultry are kept in certain Member States, and the establishment of protection and surveillance zones by those Member States in accordance with Council Directive 2005/94/EC<authorialNote placement="bottom" marker="4"><p>Council Directive 2005/94/EC of 20 December 2005 on Community measures for the control of avian influenza and repealing Directive 92/40/EEC (OJ L 10, 14.1.2006, p. 16).</p></authorialNote>.</p></recital><recital xml:id="rec_d112e115"><num>(2)</num><p>Implementing Decision (EU) 2020/47 provides that the protection and surveillance zones established by the Member States listed in the Annex to that Implementing Decision, in accordance with Directive 2005/94/EC, are to comprise at least the areas listed as protection and surveillance zones in that Annex.</p></recital><recital xml:id="rec_d112e121"><num>(3)</num><p>The Annex to Implementing Decision 2020/47 was recently amended by Commission Implementing Decision (EU) 2020/134<authorialNote placement="bottom" marker="5"><p>Commission Implementing Decision (EU) 2020/134 of 30 January 2020 amending the Annex to Implementing Decision (EU) 2020/47 on protective measures in relation to highly pathogenic avian influenza of subtype H5N8 in certain Member States (OJ L 27, 31.1.2020, p. 27).</p></authorialNote>, following instances of highly pathogenic avian influenza of subtype H5N8 in poultry in Poland and Slovakia that needed to be reflected in that Annex.</p></recital><recital xml:id="rec_d112e137"><num>(4)</num><p>Since the date of adoption of Implementing Decision (EU) 2020/134, Poland has notified the Commission of additional outbreaks of highly pathogenic avian influenza of subtype H5N8 in holdings where poultry are kept, in the Wolsztynski and Raciborski districts, outside the areas currently listed in the Annex to Implementing Decision (EU) 2020/47, and the competent authorities of that Member State have taken the necessary measures required in accordance with Directive 2005/94/EC, including the establishment of protection and surveillance zones around those new outbreaks.</p></recital><recital xml:id="rec_d112e143"><num>(5)</num><p>The Commission has examined the measures taken by Poland in accordance with Directive 2005/94/EC and it is satisfied that the boundaries of the protection and surveillance zones, established by the competent authorities of Poland, are at a sufficient distance to the holdings where the recent outbreaks of highly pathogenic avian influenza of subtype H5N8 have been confirmed.</p></recital><recital xml:id="rec_d112e149"><num>(6)</num><p>In order to prevent any unnecessary disturbance to trade within the Union and to avoid unjustified barriers to trade being imposed by third countries, it is necessary to rapidly describe at Union level, in collaboration with Poland, the new protection and surveillance zones established by that Member State in accordance with Directive 2005/94/EC. Therefore, the protection and surveillance zones listed for Poland, in the Annex to Implementing Decision (EU) 2020/47, should be amended.</p></recital><recital xml:id="rec_d112e156"><num>(7)</num><p>Accordingly, the Annex to Implementing Decision (EU) 2020/47 should be amended to update regionalisation at Union level to include the new protection and surveillance zones established by Poland, in accordance with Directive 2005/94/EC, and the duration of the restrictions applicable therein.</p></recital><recital xml:id="rec_d112e162"><num>(8)</num><p>Implementing Decision (EU) 2020/47 should therefore be amended accordingly.</p></recital><recital xml:id="rec_d112e168"><num>(9)</num><p>Given the urgency of the epidemiological situation in the Union as regards the spread of highly pathogenic avian influenza of subtype H5N8, it is important that the amendments made to the Annex to Implementing Decision (EU) 2020/47 by this Decision should take effect as soon as possible.</p></recital><recital xml:id="rec_d112e175"><num>(10)</num><p>The measures provided for in this Decision are in accordance with the opinion of the Standing Committee on Plants, Animals, Food and Feed,</p></recital></recitals><formula name="enactingFormula"><p>HAS ADOPTED THIS DECISION:</p></formula></preamble><body><article xml:id="art_d112e184"><num>Article 1</num><heading/><paragraph><content><p>The Annex to Implementing Decision (EU) 2020/47 is replaced by the text set out in the Annex to this Decision.</p></content></paragraph></article><article xml:id="art_d112e189"><num>Article 2</num><heading/><paragraph><content><p>This Decision is addressed to the Member States.</p></content></paragraph></article></body><conclusions><p>Done at Brussels, 6 February 2020.</p><block name="signatory"><signature><organization refersTo="">For the Commission</organization><role refersTo="">Stella KYRIAKIDES</role><person refersTo="">Member of the Commission</person></signature></block></conclusions></bill></akomaNtoso>