<?xml version="1.0" encoding="UTF-8"?><akomaNtoso xmlns="http://docs.oasis-open.org/legaldocml/ns/akn/3.0" xmlns:fmx="http://formex.publications.europa.eu/schema/formex-05.21-20110601.xd" xmlns:leos="urn:eu:europa:ec:leos" xmlns:xs="http://www.w3.org/2001/XMLSchema"><bill name=""><meta xmlns:fn="http://www.w3.org/2005/xpath-functions"><identification source="~COM"><FRBRWork><FRBRthis value=""/><FRBRuri value=""/><FRBRdate date="2999-01-01" name=""/><FRBRauthor href=""/><FRBRcountry value=""/></FRBRWork><FRBRExpression><FRBRthis value=""/><FRBRuri value=""/><FRBRdate date="2999-01-01" name=""/><FRBRauthor href=""/><FRBRlanguage language="eng"/></FRBRExpression><FRBRManifestation><FRBRthis value=""/><FRBRuri value=""/><FRBRdate date="2999-01-01" name=""/><FRBRauthor href=""/></FRBRManifestation></identification></meta><preface><longTitle><p><docStage/><docType>COMMISSION IMPLEMENTING DECISION (EU) 2020/122</docType>of 16 January 2020<docPurpose>on the conclusion of an Agreement in the form of an Exchange of Letters between the European Union and the United Mexican States concerning amendments to Annexes I and II of the Agreement between the European Community and the United Mexican States on the mutual recognition and protection of designations for spirit drinks</docPurpose></p></longTitle></preface><preamble><formula name="actingEntity"><p>THE EUROPEAN COMMISSION,</p></formula><citations><citation><p>Having regard to the Treaty on the Functioning of the European Union,</p></citation><citation><p>Having regard to Council Decision 97/361/EC of 27 May 1997 concerning the conclusion of an Agreement between the European Community and the United Mexican States on mutual recognition and protection of designations for spirit drinks<authorialNote placement="bottom" marker="1"><p>OJ L 152, 11.6.1997, p. 15.</p></authorialNote>, and in particular Article 4 thereof,</p></citation></citations><recitals xml:id="recs_d11e68"><intro><p>Whereas:</p></intro><recital xml:id="rec_d11e71"><num>(1)</num><p>The Agreement between the European Community and the United Mexican States on the mutual recognition and protection of designations for spirit drinks<authorialNote placement="bottom" marker="2"><p>OJ L 152, 11.6.1997, p. 16.</p></authorialNote> (hereinafter &apos;the Agreement&apos;) entered into force on 1 July 1997.</p></recital><recital xml:id="rec_d11e90"><num>(2)</num><p>In accordance with Article 18 of the Agreement, the Union and the United Mexican States have negotiated an Agreement in the form of an Exchange of Letters to replace Annexes I and II to the Agreement, in order to update and correct the lists of protected spirit drinks.</p></recital><recital xml:id="rec_d11e96"><num>(3)</num><p>This Exchange of Letters should be approved on behalf of the European Union.</p></recital><recital xml:id="rec_d11e102"><num>(4)</num><p>The measures provided for in this Decision are in accordance with the opinion of the Committee for Spirit Drinks,</p></recital></recitals><formula name="enactingFormula"><p>HAS DECIDED AS FOLLOWS:</p></formula></preamble><body><article xml:id="art_d11e111"><num>Article 1</num><heading/><paragraph><content><p>The Agreement in the form of an Exchange of Letters between the European Union and the United Mexican States replacing Annexes I and II to the Agreement between the European Community and the United Mexican States on mutual recognition and protection of designations for spirit drinks is hereby approved on behalf of the European Union.</p></content></paragraph><paragraph><content><p>The text of the Agreement in the form of an Exchange of Letters, including the replaced Annexes I and II is attached to this Decision.</p></content></paragraph></article><article xml:id="art_d11e119"><num>Article 2</num><heading/><paragraph><content><p>The Member of the Commission responsible for Agriculture and Rural Development is hereby empowered to sign the Exchange of Letters in order to bind the European Union.</p></content></paragraph></article></body><conclusions><p>Done at Brussels, 16 January 2020.</p><block name="signatory"><signature><organization refersTo="">For the Commission</organization><role refersTo="">Janusz WOJCIECHOWSKI</role><person refersTo="">Member of the Commission</person></signature></block></conclusions></bill></akomaNtoso>