<?xml version="1.0" encoding="UTF-8"?><akomaNtoso xmlns="http://docs.oasis-open.org/legaldocml/ns/akn/3.0" xmlns:fmx="http://formex.publications.europa.eu/schema/formex-05.21-20110601.xd" xmlns:leos="urn:eu:europa:ec:leos" xmlns:xs="http://www.w3.org/2001/XMLSchema"><bill name=""><meta xmlns:fn="http://www.w3.org/2005/xpath-functions"><identification source="~COM"><FRBRWork><FRBRthis value=""/><FRBRuri value=""/><FRBRdate date="2999-01-01" name=""/><FRBRauthor href=""/><FRBRcountry value=""/></FRBRWork><FRBRExpression><FRBRthis value=""/><FRBRuri value=""/><FRBRdate date="2999-01-01" name=""/><FRBRauthor href=""/><FRBRlanguage language="eng"/></FRBRExpression><FRBRManifestation><FRBRthis value=""/><FRBRuri value=""/><FRBRdate date="2999-01-01" name=""/><FRBRauthor href=""/></FRBRManifestation></identification></meta><preface><longTitle><p><docStage/><docType>COMMISSION IMPLEMENTING REGULATION (EU) 2020/112</docType>of 22 January 2020<docPurpose>operating deductions from fishing quotas available for certain stocks in 2019 on account of overfishing of other stocks in the previous years and amending Implementing Regulation (EU) 2019/1726</docPurpose></p></longTitle></preface><preamble><formula name="actingEntity"><p>THE EUROPEAN COMMISSION,</p></formula><citations><citation><p>Having regard to the Treaty on the Functioning of the European Union,</p></citation><citation><p>Having regard to Council Regulation (EC) No 1224/2009 of 20 November 2009 establishing a Union control system for ensuring compliance with the rules of the common fisheries policy, amending Regulations (EC) No 847/96, (EC) No 2371/2002, (EC) No 811/2004, (EC) No 768/2005, (EC) No 2115/2005, (EC) No 2166/2005, (EC) No 388/2006, (EC) No 509/2007, (EC) No 676/2007, (EC) No 1098/2007, (EC) No 1300/2008, (EC) No 1342/2008 and repealing Regulations (EEC) No 2847/93, (EC) No 1627/94 and (EC) No 1966/2006<authorialNote placement="bottom" marker="1"><p>OJ L 343, 22.12.2009, p. 1.</p></authorialNote>, and in particular Article 105(1), (2), (3) and (5) thereof,</p></citation></citations><recitals xml:id="recs_d4e68"><intro><p>Whereas:</p></intro><recital xml:id="rec_d4e71"><num>(1)</num><p>Fishing quotas for the year 2018 have been established by:<list><indent><num>-</num><content><p>Council Regulation (EU) 2016/2285<authorialNote placement="bottom" marker="2"><p>Council Regulation (EU) 2016/2285 of 12 December 2016 fixing for 2017 and 2018 the fishing opportunities for Union fishing vessels for certain deep-sea fish stocks and amending Council Regulation (EU) 2016/72 (OJ L 344, 17.12.2016, p. 32).</p></authorialNote>,</p></content></indent><indent><num>-</num><content><p>Council Regulation (EU) 2017/1970<authorialNote placement="bottom" marker="3"><p>Council Regulation (EU) 2017/1970 of 27 October 2017 fixing for 2018 the fishing opportunities for certain fish stocks and groups of fish stocks applicable in the Baltic Sea and amending Regulation (EU) 2017/127 (OJ L 281, 31.10.2017, p. 1).</p></authorialNote>,</p></content></indent><indent><num>-</num><content><p>Council Regulation (EU) 2017/2360<authorialNote placement="bottom" marker="4"><p>Council Regulation (EU) 2017/2360 of 11 December 2017 fixing for 2018 the fishing opportunities for certain fish stocks and groups of fish stocks in the Black Sea (OJ L 337, 19.12.2017, p. 1).</p></authorialNote>, and</p></content></indent><indent><num>-</num><content><p>Council Regulation (EU) 2018/120<authorialNote placement="bottom" marker="5"><p>Council Regulation (EU) 2018/120 of 23 January 2018 fixing for 2018 the fishing opportunities for certain fish stocks and groups of fish stocks, applicable in Union waters and, for Union fishing vessels, in certain non-Union waters, and amending Regulation (EU) 2017/127 (OJ L 27, 31.1.2018, p. 1).</p></authorialNote>.</p></content></indent></list></p></recital><recital xml:id="rec_d4e131"><num>(2)</num><p>Fishing quotas for the year 2019 have been established by:<list><indent><num>-</num><content><p>Council Regulations (EU) 2018/1628<authorialNote placement="bottom" marker="6"><p>Council Regulation (EU) 2018/1628 of 30 October 2018 fixing for 2019 the fishing opportunities for certain fish stocks and groups of fish stocks applicable in the Baltic Sea and amending Regulation (EU) 2018/120 as regards certain fishing opportunities in other waters (OJ L 272, 31.10.2018, p. 1).</p></authorialNote>,</p></content></indent><indent><num>-</num><content><p>Council Regulation (EU) 2018/2025<authorialNote placement="bottom" marker="7"><p>Council Regulation (EU) 2018/2025 of 17 December 2018 fixing for 2019 and 2020 the fishing opportunities for Union fishing vessels for certain deep-sea fish stocks (OJ L 325, 20.12.2018, p. 7).</p></authorialNote>,</p></content></indent><indent><num>-</num><content><p>Council Regulation (EU) 2018/2058<authorialNote placement="bottom" marker="8"><p>Council Regulation (EU) 2018/2058 of 17 December 2018 fixing for 2019 the fishing opportunities for certain fish stocks and groups of fish stocks in the Black Sea (OJ L 329, 27.12.2018, p. 8).</p></authorialNote>, and</p></content></indent><indent><num>-</num><content><p>Council Regulation (EU) 2019/124<authorialNote placement="bottom" marker="9"><p>Council Regulation (EU) 2019/124 of 30 January 2019 fixing for 2019 the fishing opportunities for certain fish stocks and groups of fish stocks, applicable in Union waters and, for Union fishing vessels, in certain non-Union waters (OJ L 29, 31.1.2019, p. 1).</p></authorialNote>.</p></content></indent></list></p></recital><recital xml:id="rec_d4e191"><num>(3)</num><p>Pursuant to Article 105(1) of Regulation (EC) No 1224/2009, when the Commission has established that a Member State has exceeded the fishing quotas which have been allocated to it, the Commission is to operate deductions from future fishing quotas of that Member State.</p></recital><recital xml:id="rec_d4e197"><num>(4)</num><p>Commission Implementing Regulation (EU) 2019/1726<authorialNote placement="bottom" marker="10"><p>Commission Implementing Regulation (EU) 2019/1726 of 15 October 2019 operating deductions from fishing quotas available for certain stocks in 2019 on account of overfishing in the previous years (OJ L 263, 16.10.2019, p. 3).</p></authorialNote> has established deductions from fishing quotas for certain stocks in 2019 on account of overfishing in the previous years.</p></recital><recital xml:id="rec_d4e214"><num>(5)</num><p>However, for certain Member States, no deductions could be operated by Implementing Regulation (EU) 2019/1726 from quotas allocated for the overfished stocks because such quotas are not available for those Member States in the year 2019.</p></recital><recital xml:id="rec_d4e220"><num>(6)</num><p>Article 105(5) of Regulation (EC) No 1224/2009 provides that, if it is not possible to operate deductions on the overfished stock in the year following the overfishing because the Member State concerned has no available quota, deductions may be operated on other stocks in the same geographical area or with the same commercial value, following consultations with the Member States concerned. According to Commission Communication No 2012/C 72/07 containing Guidelines for deduction of quotas under article 105(1), (2) and (5) of Regulation (EC) No 1224/2009<authorialNote placement="bottom" marker="11"><p>Communication from the Commission &#45; Guidelines for deduction of quotas under article 105(1), (2) and (5) of Regulation (EC) No 1224/2009 (2012/C 72/07) (OJ C 72, 10.3.2012, p. 27).</p></authorialNote> such deductions should be preferably operated in the following year or years from quotas allocated for stocks fished by the same fleet as the fleet that overfished the quota.</p></recital><recital xml:id="rec_d4e233"><num>(7)</num><p>The Member States concerned have been consulted with regard to the proposed deductions from quotas allocated for stocks other than those which have been overfished.</p></recital><recital xml:id="rec_d4e239"><num>(8)</num><p>In certain cases, exchanges of fishing opportunities concluded in accordance with Article 16(8) of Regulation (EU) No 1380/2013 of the European Parliament and of the Council<authorialNote placement="bottom" marker="12"><p>Regulation (EU) No 1380/2013 of the European Parliament and of the Council of 11 December 2013 on the Common Fisheries Policy, amending Council Regulations (EC) No 1954/2003 and (EC) No 1224/2009 and repealing Council Regulations (EC) No 2371/2002 and (EC) No 639/2004 and Council Decision 2004/585/EC (OJ L 354, 28.12.2013, p. 22).</p></authorialNote> enable deductions from the same stocks in the framework of Implementing Regulation (EU) 2019/1726.</p></recital><recital xml:id="rec_d4e255"><num>(9)</num><p>Moreover, certain deductions required by Implementing Regulation (EU) 2019/1726 appear to be larger than the adapted quota available in the year 2019 and, as a consequence, cannot be entirely operated in that year. According to Communication No 2012/C 72/07, the remaining amounts should be deducted from the adapted quotas available in subsequent years until the full overfished amount is paid back.</p></recital><recital xml:id="rec_d4e262"><num>(10)</num><p>Further updates or corrections may still occur following the detection, for the current or previous exercise, of errors, omissions or misreporting in the catch figures declared by the Member States pursuant to Article 33 of Regulation (EC) No 1224/2009.</p></recital><recital xml:id="rec_d4e268"><num>(11)</num><p>Implementing Regulation (EU) 2019/1726 should therefore be amended accordingly,</p></recital></recitals><formula name="enactingFormula"><p>HAS ADOPTED THIS REGULATION:</p></formula></preamble><body><article xml:id="art_d4e277"><num>Article 1</num><heading/><paragraph><content><p>The fishing quotas fixed in Regulations (EU) 2018/1628, (EU) 2018/2025, (EU) 2018/2058, and (EU) 2019/124 for the year 2019 referred to in Annex I to this Regulation shall be reduced by applying the deductions on the alternative stocks set out in that Annex.</p></content></paragraph></article><article xml:id="art_d4e282"><num>Article 2</num><heading/><paragraph><content><p>The Annex to Implementing Regulation (EU) 2019/1726 is replaced by the text in Annex II to this Regulation.</p></content></paragraph></article><article xml:id="art_d4e287"><num>Article 3</num><heading/><paragraph><content><p>This Regulation shall enter into force on the seventh day following that of its publication in the <i>Official Journal of the European Union</i>.</p></content></paragraph></article><clause><content><p>This Regulation shall be binding in its entirety and directly applicable in all Member States.</p></content></clause></body><conclusions><p>Done at Brussels, 22 January 2020.</p><block name="signatory"><signature><organization refersTo="">For the Commission</organization><role refersTo="">The President</role><person refersTo="">Ursula VON DER LEYEN</person></signature></block></conclusions></bill></akomaNtoso>