<?xml version="1.0" encoding="UTF-8"?><akomaNtoso xmlns="http://docs.oasis-open.org/legaldocml/ns/akn/3.0" xmlns:fmx="http://formex.publications.europa.eu/schema/formex-05.21-20110601.xd" xmlns:leos="urn:eu:europa:ec:leos" xmlns:xs="http://www.w3.org/2001/XMLSchema"><bill name=""><meta xmlns:fn="http://www.w3.org/2005/xpath-functions"><identification source="~COM"><FRBRWork><FRBRthis value=""/><FRBRuri value=""/><FRBRdate date="2999-01-01" name=""/><FRBRauthor href=""/><FRBRcountry value=""/></FRBRWork><FRBRExpression><FRBRthis value=""/><FRBRuri value=""/><FRBRdate date="2999-01-01" name=""/><FRBRauthor href=""/><FRBRlanguage language="eng"/></FRBRExpression><FRBRManifestation><FRBRthis value=""/><FRBRuri value=""/><FRBRdate date="2999-01-01" name=""/><FRBRauthor href=""/></FRBRManifestation></identification></meta><preface><longTitle><p><docStage/><docType>COMMISSION IMPLEMENTING REGULATION (EU) 2020/270</docType>of 25 February 2020<docPurpose>amending Regulation (EU) No 1321/2014 as regards transitional measures for organisations involved in the continuing airworthiness for general aviation and continuing airworthiness management and correcting that Regulation</docPurpose></p></longTitle><container name="EEArelevance"><p>(Text with EEA relevance)</p></container></preface><preamble><formula name="actingEntity"><p>THE EUROPEAN COMMISSION,</p></formula><citations><citation><p>Having regard to the Treaty on the Functioning of the European Union,</p></citation><citation><p>Having regard to Regulation (EU) 2018/1139 of the European Parliament and of the Council of 4 July 2018 on common rules in the field of civil aviation and establishing a European Union Aviation Safety Agency, and amending Regulations (EC) No 2111/2005, (EC) No 1008/2008, (EU) No 996/2010, (EU) No 376/2014 and Directives 2014/30/EU and 2014/53/EU of the European Parliament and of the Council, and repealing Regulations (EC) No 552/2004 and (EC) No 216/2008 of the European Parliament and of the Council and Council Regulation (EEC) No 3922/91<authorialNote placement="bottom" marker="1"><p>OJ L 212, 22.8.2018, p. 1.</p></authorialNote>, and in particular Article 17(1) and Article 62(14) and (15) thereof,</p></citation></citations><recitals xml:id="recs_d126e71"><intro><p>Whereas:</p></intro><recital xml:id="rec_d126e74"><num>(1)</num><p>Commission Implementing Regulation (EU) 2019/1383<authorialNote placement="bottom" marker="2"><p>Commission Implementing Regulation (EU) 2019/1383 of 8 July 2019 amending and correcting Regulation (EU) No 1321/2014 as regards safety management systems in continuing airworthiness management organisations and alleviations for general aviation aircraft concerning maintenance and continuing airworthiness management (OJ L 228, 4.9.2019, p. 1).</p></authorialNote> has introduced more flexible requirements for maintenance of light aircraft established by Commission Regulation (EU) No 1321/2014<authorialNote placement="bottom" marker="3"><p>Commission Regulation (EU) No 1321/2014 of 26 November 2014 on the continuing airworthiness of aircraft and aeronautical products, parts and appliances, and on the approval of organisations and personnel involved in these tasks (OJ L 362, 17.12.2014, p. 1).</p></authorialNote>. It has also added safety risk management measures for organisations that manage the continuing airworthiness of aircraft operated by holders of an air operator certificate.</p></recital><recital xml:id="rec_d126e100"><num>(2)</num><p>In order to move toward full compliance with the new rules and procedures it introduced, Implementing Regulation (EU) 2019/1383 provided for transitional measures for organisations involved in the continuing airworthiness of aircraft and components. In order to clarify the oversight requirements of those organisations, the transitional measures should be amended.</p></recital><recital xml:id="rec_d126e106"><num>(3)</num><p>Some missing or wrong references between Annexes to Implementing Regulation (EU) 2019/1383 should also be corrected.</p></recital><recital xml:id="rec_d126e112"><num>(4)</num><p>As the intention of the Commission is not to extend further the transition period, application date of this amendment should be aligned with the one laid down in Implementing Regulation (EU) 2019/1383.</p></recital><recital xml:id="rec_d126e119"><num>(5)</num><p>The measures provided for in this Regulation are in accordance with the opinion of the Committee referred to in Article 127(1) of Regulation (EU) 2018/1139,</p></recital></recitals><formula name="enactingFormula"><p>HAS ADOPTED THIS REGULATION:</p></formula></preamble><body><article xml:id="art_d126e128" leos:compliant="false"><num>Article 1</num><heading/><paragraph><content><p>Article 4 of Regulation (EU) No 1321/2014 is replaced by the following:</p></content></paragraph><paragraph><content><p><mod><quotedStructure startQuote="" endQuote=""><article xml:id="art_d126e135"><num>&apos;Article 4</num><heading>Approvals for organisations involved in the continuing airworthiness [of aircraft]</heading><paragraph><num>1.</num><content><p>Organisations involved in the continuing airworthiness of aircraft and components for installation thereon, including maintenance, shall be approved, upon their request, by the competent authority in accordance with the requirements of Annex II (Part-145), Annex Vc (Part-CAMO) or Annex Vd (Part-CAO), as applicable to the respective organisations.</p></content></paragraph><paragraph><num>2.</num><content><p>By way of derogation from paragraph 1, until 24 September 2020 organisations may, upon their request, be issued approvals by the competent authority in accordance with Subpart F and Subpart G of Annex I (Part-M). All approvals issued in accordance with Subpart F and Subpart G of Annex I (Part-M) shall be valid until 24 September 2021.</p></content></paragraph><paragraph><num>3.</num><content><p>Maintenance organisation approval certificates issued or recognised by a Member State in accordance with the certification specification JAR-145 referred to in Annex II to Council Regulation (EEC) No 3922/91<authorialNote placement="bottom" marker="4"><p>Council Regulation (EEC) No 3922/91 of 16 December 1991 on the harmonization of technical requirements and administrative procedures in the field of civil aviation (OJ L 373, 31.12.1991, p. 4).&apos;.</p></authorialNote> and valid before 29 November 2003 shall be deemed to have been issued in accordance with the requirements of Annex II (Part-145) to this Regulation.</p></content></paragraph><paragraph><num>4.</num><subparagraph><content><p>Organisations that hold a valid organisation approval certificate issued in accordance with Subpart F or Subpart G of Annex I (Part-M) or with Annex II (Part-145) shall, upon their request, be issued by the competent authority a Form 3-CAO as set out in Appendix I to Annex Vd (Part-CAO) and thereafter be overseen by the competent authority in accordance with Annex Vd (Part-CAO).</p></content></subparagraph><subparagraph><content><p>The privileges of such an organisation under the approval issued in accordance with Annex Vd (Part-CAO) shall be the same as privileges under the approval issued in accordance with Subpart F or Subpart G of Annex I (Part-M) or with Annex II (Part-145). However, those privileges shall not exceed the privileges of an organisation referred to in Section A of Annex Vd (Part-CAO).</p></content></subparagraph><subparagraph><content><p>By way of derogation from point CAO.B.060 of Annex Vd (Part-CAO), until 24 September 2021, the organisation may correct any findings of non-compliance related to requirements introduced by Annex Vd (Part-CAO) which are not included in Subpart F or Subpart G of Annex I (Part-M) or in Annex II (Part-145).</p></content></subparagraph><subparagraph><content><p>If after 24 September 2021 the organisation has not closed these findings,, the approval certificate shall be revoked, limited or suspended in whole or in part.</p></content></subparagraph></paragraph><paragraph><num>5.</num><subparagraph><content><p>Organisations that hold a valid continuing airworthiness management organisation approval certificate issued in accordance with Subpart G of Annex I (Part-M) shall, upon their request, be issued by the competent authority an EASA Form 14 approval certificate in accordance with Annex Vc (Part-CAMO) and thereafter be overseen by the competent authority in accordance with Annex Vc (Part-CAMO).</p></content></subparagraph><subparagraph><content><p>By way of derogation from point CAMO.B.350 of Annex Vc (Part-CAMO), until 24 September 2021, the organisation may correct any findings of non-compliance related to requirements introduced by Annex Vc (Part-CAMO) and not included in Subpart G of Annex I (Part-M).</p></content></subparagraph><subparagraph><content><p>If after 24 September 2021 the organisation has not closed these findings, the approval certificate shall be revoked, limited or suspended in whole or in part.</p></content></subparagraph></paragraph><paragraph><num>6.</num><subparagraph><content><p>Certificates and aircraft maintenance programme approvals issued pursuant to Regulation (EU) No 1321/2014 as applicable before 24 March 2020 shall be deemed to have been issued in accordance with this Regulation.</p></content></subparagraph></paragraph></article></quotedStructure></mod></p></content></paragraph></article><article xml:id="art_d126e219"><num>Article 2</num><heading/><paragraph><content><p>Annexes I, II, III, IV, Va, Vb, Vc and Vd to Regulation (EU) No 1321/2014 are corrected in accordance with the Annex to this Regulation.</p></content></paragraph></article><article xml:id="art_d126e224"><num>Article 3</num><heading/><paragraph><content><p>This Regulation shall enter into force on the twentieth day following that of its publication in the <i>Official Journal of the European Union</i>.</p></content></paragraph><paragraph><content><p>It shall apply from 24 March 2020.</p></content></paragraph></article><clause><content><p>This Regulation shall be binding in its entirety and directly applicable in all Member States.</p></content></clause></body><conclusions><p>Done at Brussels, 25 February 2020.</p><block name="signatory"><signature><organization refersTo="">For the Commission</organization><role refersTo="">The President</role><person refersTo="">Ursula VON DER LEYEN</person></signature></block></conclusions></bill></akomaNtoso>