<?xml version="1.0" encoding="UTF-8"?><akomaNtoso xmlns="http://docs.oasis-open.org/legaldocml/ns/akn/3.0" xmlns:fmx="http://formex.publications.europa.eu/schema/formex-05.21-20110601.xd" xmlns:leos="urn:eu:europa:ec:leos" xmlns:xs="http://www.w3.org/2001/XMLSchema"><bill name=""><meta xmlns:fn="http://www.w3.org/2005/xpath-functions"><identification source="~COM"><FRBRWork><FRBRthis value=""/><FRBRuri value=""/><FRBRdate date="2999-01-01" name=""/><FRBRauthor href=""/><FRBRcountry value=""/></FRBRWork><FRBRExpression><FRBRthis value=""/><FRBRuri value=""/><FRBRdate date="2999-01-01" name=""/><FRBRauthor href=""/><FRBRlanguage language="eng"/></FRBRExpression><FRBRManifestation><FRBRthis value=""/><FRBRuri value=""/><FRBRdate date="2999-01-01" name=""/><FRBRauthor href=""/></FRBRManifestation></identification></meta><preface><longTitle><p><docStage/><docType>COMMISSION IMPLEMENTING REGULATION (EU) 2020/162</docType>of 5 February 2020<docPurpose>concerning the authorisation of the preparation of Saccharomyces cerevisiae CNCM I‐1079 as a feed additive for turkeys for fattening (holder of authorisation Danstar Ferment AG represented by Lallemand SAS)</docPurpose></p></longTitle><container name="EEArelevance"><p>(Text with EEA relevance)</p></container></preface><preamble><formula name="actingEntity"><p>THE EUROPEAN COMMISSION,</p></formula><citations><citation><p>Having regard to the Treaty on the Functioning of the European Union,</p></citation><citation><p>Having regard to Regulation (EC) No 1831/2003 of the European Parliament and of the Council of 22 September 2003 on additives for use in animal nutrition<authorialNote placement="bottom" marker="1"><p>OJ L 268, 18.10.2003, p. 29.</p></authorialNote>, and in particular Article 9(2) thereof,</p></citation></citations><recitals xml:id="recs_d196e74"><intro><p>Whereas:</p></intro><recital xml:id="rec_d196e77"><num>(1)</num><p>Regulation (EC) No 1831/2003 provides for the authorisation of additives for use in animal nutrition and for the grounds and procedures for granting such authorisation.</p></recital><recital xml:id="rec_d196e83"><num>(2)</num><p>In accordance with Article 7 of Regulation (EC) No 1831/2003, an application was submitted for the authorisation of the preparation of <i>Saccharomyces cerevisiae</i> CNCM I‐1079. That application was accompanied by the particulars and documents required under Article 7(3) of that Regulation.</p></recital><recital xml:id="rec_d196e92"><num>(3)</num><p>That application concerns the authorisation of the preparation of <i>Saccharomyces cerevisiae</i> CNCM I-1079 as a feed additive for turkeys for fattening, to be classified in the additive category &apos;zootechnical additives&apos;.</p></recital><recital xml:id="rec_d196e105"><num>(4)</num><p>The preparation of <i>Saccharomyces cerevisiae</i> CNCM I-1079 was already authorised as a feed additive by Commission Implementing Regulation (EU) 2017/1905<authorialNote placement="bottom" marker="2"><p>Commission Implementing Regulation (EU) 2017/1905 of 18 October 2017 concerning an authorisation of the preparation of <i>Saccharomyces cerevisiae</i> CNCM I-1079 as a feed additive for chickens for fattening and for minor poultry species for fattening (holder of authorisation Danstar Ferment AG represented by Lallemand SAS) (OJ L 269, 19.10.2017, p. 30).</p></authorialNote> for chickens for fattening and for minor poultry species for fattening and by Commission Implementing Regulation (EU) 2018/347<authorialNote placement="bottom" marker="3"><p>Commission Implementing Regulation (EU) 2018/347 of 5 March 2018 concerning the authorisation of the preparation of <i>Saccharomyces cerevisiae</i> CNCM I-1079 as a feed additive for piglets and sows and amending Regulations (EC) No 1847/2003 and (EC) No 2036/2005 (holder of authorisation Danstar Ferment AG represented by Lallemand SAS) (OJ L 67, 9.3.2018, p. 21).</p></authorialNote> for piglets and sows.</p></recital><recital xml:id="rec_d196e140"><num>(5)</num><p>The European Food Safety Authority (&apos;the Authority&apos;) concluded in its opinion of 2 April 2019<authorialNote placement="bottom" marker="4"><p><i>EFSA Journal</i> 2019;17(4):5693.</p></authorialNote> that, under the proposed conditions of use, the preparation of <i>Saccharomyces cerevisiae</i> CNCM I-1079 does not have an adverse effect on animal health, consumer safety or the environment, and when used in feed for turkeys, it is efficacious in reducing carcass contamination with <i>Salmonella</i> spp. It also concluded that the not-coated form of the additive should be considered a respiratory sensitiser. Therefore, the Commission considers that appropriate protective measures should be taken to prevent adverse effects on human health, in particular as regards the users of the additive. The Authority does not consider that there is a need for specific requirements of post-market monitoring. It also verified the report on the method of analysis of the feed additive in feed submitted by the Reference Laboratory set up by Regulation (EC) No 1831/2003.</p></recital><recital xml:id="rec_d196e164"><num>(6)</num><p>The assessment of the preparation of <i>Saccharomyces cerevisiae</i> CNCM I-1079 shows that the conditions for authorisation, as provided for in Article 5 of Regulation (EC) No 1831/2003, are satisfied. Accordingly, the use of that preparation should be authorised as specified in the Annex to this Regulation.</p></recital><recital xml:id="rec_d196e173"><num>(7)</num><p>The measures provided for in this Regulation are in accordance with the opinion of the Standing Committee on Plants, Animals, Food and Feed,</p></recital></recitals><formula name="enactingFormula"><p>HAS ADOPTED THIS REGULATION:</p></formula></preamble><body><article xml:id="art_d196e183"><num>Article 1</num><heading>Authorisation</heading><paragraph><content><p>The preparation specified in the Annex, belonging to the additive category &apos;zootechnical additives&apos; and to the functional group &apos;other zootechnical additives&apos;, is authorised as an additive in animal nutrition, subject to the conditions laid down in that Annex.</p></content></paragraph></article><article xml:id="art_d196e198"><num>Article 2</num><heading>Entry into force</heading><paragraph><content><p>This Regulation shall enter into force on the twentieth day following that of its publication in the <i>Official Journal of the European Union.</i></p></content></paragraph></article><clause><content><p>This Regulation shall be binding in its entirety and directly applicable in all Member States.</p></content></clause></body><conclusions><p>Done at Brussels, 5 February 2020.</p><block name="signatory"><signature><organization refersTo="">For the Commission</organization><role refersTo="">The President</role><person refersTo="">Ursula VON DER LEYEN</person></signature></block></conclusions></bill></akomaNtoso>