<?xml version="1.0" encoding="UTF-8"?><akomaNtoso xmlns="http://docs.oasis-open.org/legaldocml/ns/akn/3.0" xmlns:fmx="http://formex.publications.europa.eu/schema/formex-05.21-20110601.xd" xmlns:leos="urn:eu:europa:ec:leos" xmlns:xs="http://www.w3.org/2001/XMLSchema"><bill name=""><meta xmlns:fn="http://www.w3.org/2005/xpath-functions"><identification source="~COM"><FRBRWork><FRBRthis value=""/><FRBRuri value=""/><FRBRdate date="2999-01-01" name=""/><FRBRauthor href=""/><FRBRcountry value=""/></FRBRWork><FRBRExpression><FRBRthis value=""/><FRBRuri value=""/><FRBRdate date="2999-01-01" name=""/><FRBRauthor href=""/><FRBRlanguage language="eng"/></FRBRExpression><FRBRManifestation><FRBRthis value=""/><FRBRuri value=""/><FRBRdate date="2999-01-01" name=""/><FRBRauthor href=""/></FRBRManifestation></identification></meta><preface><longTitle><p><docStage/><docType>COMMISSION IMPLEMENTING REGULATION (EU) 2020/18</docType>of 10 January 2020<docPurpose>concerning the non-renewal of the approval of the active substance chlorpyrifos, in accordance with Regulation (EC) No 1107/2009 of the European Parliament and of the Council concerning the placing of plant protection products on the market, and amending the Annex to Commission Implementing Regulation (EU) No 540/2011</docPurpose></p></longTitle><container name="EEArelevance"><p>(Text with EEA relevance)</p></container></preface><preamble><formula name="actingEntity"><p>THE EUROPEAN COMMISSION,</p></formula><citations><citation><p>Having regard to the Treaty on the Functioning of the European Union,</p></citation><citation><p>Having regard to Regulation (EC) No 1107/2009 of the European Parliament and of the Council of 21 October 2009 concerning the placing of plant protection products on the market and repealing Council Directives 79/117/EEC and 91/414/EEC<authorialNote placement="bottom" marker="1"><p>OJ L 309, 24.11.2009, p. 1.</p></authorialNote>, and in particular Article 20(1) and Article 78(2) thereof,</p></citation></citations><recitals xml:id="recs_d14e71"><intro><p>Whereas:</p></intro><recital xml:id="rec_d14e74"><num>(1)</num><p>Commission Directive 2005/72/EC<authorialNote placement="bottom" marker="2"><p>Commission Directive 2005/72/EC of 21 October 2005 amending Council Directive 91/414/EEC to include chlorpyrifos, chlorpyrifos-methyl, mancozeb, maneb, and metiram as active substances (OJ L 279, 22.10.2005, p. 63).</p></authorialNote> included chlorpyrifos as an active substance in Annex I to Council Directive 91/414/EEC<authorialNote placement="bottom" marker="3"><p>Council Directive 91/414/EEC of 15 July 1991 concerning the placing of plant protection products on the market (OJ L 230, 19.8.1991, p. 1).</p></authorialNote>.</p></recital><recital xml:id="rec_d14e100"><num>(2)</num><p>Active substances included in Annex I to Directive 91/414/EEC are deemed to have been approved under Regulation (EC) No 1107/2009 and are listed in Part A of the Annex to Commission Implementing Regulation (EU) No 540/2011<authorialNote placement="bottom" marker="4"><p>Commission Implementing Regulation (EU) No 540/2011 of 25 May 2011 implementing Regulation (EC) No 1107/2009 of the European Parliament and of the Council as regards the list of approved active substances (OJ L 153, 11.6.2011, p. 1).</p></authorialNote>.</p></recital><recital xml:id="rec_d14e116"><num>(3)</num><p>The approval of the active substance chlorpyrifos, as set out in Part A of the Annex to Implementing Regulation (EU) No 540/2011, expires on 31 January 2020.</p></recital><recital xml:id="rec_d14e125"><num>(4)</num><p>Applications for the renewal of the approval of the active substance chlorpyrifos were submitted in accordance with Article 1 of Commission Implementing Regulation (EU) No 844/2012<authorialNote placement="bottom" marker="5"><p>Commission Implementing Regulation (EU) No 844/2012 of 18 September 2012 setting out the provisions necessary for the implementation of the renewal procedure for active substances, as provided for in Regulation (EC) No 1107/2009 of the European Parliament and of the Council concerning the placing of plant protection products on the market (OJ L 252, 19.9.2012, p. 26).</p></authorialNote> within the time period provided for in that Article.</p></recital><recital xml:id="rec_d14e141"><num>(5)</num><p>The applicants submitted the supplementary dossiers required in accordance with Article 6 of Implementing Regulation (EU) No 844/2012. The applications were found to be complete by the rapporteur Member State.</p></recital><recital xml:id="rec_d14e147"><num>(6)</num><p>The rapporteur Member State prepared a renewal assessment report in consultation with the co-rapporteur Member State and submitted it to the European Food Safety Authority (&apos;the Authority&apos;) and the Commission on 3 July 2017.</p></recital><recital xml:id="rec_d14e160"><num>(7)</num><p>The Authority made the supplementary summary dossier available to the public. The Authority also circulated the renewal assessment report to the applicants and to the Member States for comments and launched a public consultation on it. The Authority forwarded the comments received to the Commission.</p></recital><recital xml:id="rec_d14e166"><num>(8)</num><p>On 4 July 2018, the Authority requested that the applicants supply additional information to the Member States, the Commission and the Authority. The assessment of the additional information by the rapporteur Member State was submitted to the Authority in the form of an updated renewal assessment report.</p></recital><recital xml:id="rec_d14e176"><num>(9)</num><p>The Authority organised an expert discussion in April 2019 to discuss certain elements related to the human health risk assessment. Due to concerns about genotoxicity and developmental neurotoxicity raised during that discussion, on 1 July 2019 the Commission sent a mandate to the Authority requesting a statement on the available outcomes of the human health assessment and an indication whether the active substance can be expected to meet the approval criteria which are applicable to human health as laid down in Article 4 of Regulation (EC) No 1107/2009.</p></recital><recital xml:id="rec_d14e186"><num>(10)</num><p>On 31 July 2019, the Authority sent its statement<authorialNote placement="bottom" marker="6"><p>EFSA (European Food Safety Authority), 2019. Statement on the available outcomes of the human health assessment in the context of the pesticides peer review of the active substance chlorpyrifos. <i>EFSA Journal</i> 2019;17(5):5809. https://doi.org/10.2903/j.efsa.2019.5809</p></authorialNote> to the Commission. In its statement, the Authority confirmed that its conclusions on the human health assesment indicate that critical areas of concerns exist. Based on the information available, it cannot be excluded that chlorpyrifos has a genotoxic potential, since positive results were found in a number of <i>in vitro</i> and <i>in vivo</i> studies. Consequently, it is not possible to establish health-based reference values for chlorpyrifos and to conduct the relevant consumer and non-dietary risk assessments. Furthermore, developmental neurotoxicity (DNT) effects were observed in the available study on developmental neurotoxicity in rats and epidemiological evidence exists showing an association between exposure to chlorpyrifos and/or chlorpyrifos-methyl during development and adverse neurodevelopmental outcomes in children. Moreover, it is indicated that the peer review experts considered it appropriate to classify chlorpyrifos as toxic for reproduction, category 1B, in accordance with the criteria established under Regulation (EC) No 1272/2008 of the European Parliament and of the Council<authorialNote placement="bottom" marker="7"><p>Regulation (EC) No 1272/2008 of the European Parliament and of the Council of 16 December 2008 on classification, labelling and packaging of substances and mixtures, amending and repealing Directives 67/548/EEC and 1999/45/EC, and amending Regulation (EC) No 1907/2006 (OJ L 353, 31.12.2008, p. 1).</p></authorialNote>.</p></recital><recital xml:id="rec_d14e218"><num>(11)</num><p>The Commission invited the applicants to submit their comments on the statement of the Authority. Furthermore, in accordance with the third subparagraph of Article 14(1) of Implementing Regulation (EU) No 844/2012, the Commission invited the applicants to submit comments on the draft renewal report. The applicants submitted their comments, which have been carefully examined.</p></recital><recital xml:id="rec_d14e224"><num>(12)</num><p>However, despite the arguments put forward by the applicants, the concerns regarding the active substance could not be eliminated.</p></recital><recital xml:id="rec_d14e230"><num>(13)</num><p>Consequently, it has not been established, with respect to one or more representative uses of at least one plant protection product that the approval criteria provided for in Article 4 of Regulation (EC) No 1107/2009 are satisfied. The environmental risk assessment, although not finalised, cannot alter this conclusion since the approval criteria related to the effects on human health are not satisfied and should therefore not delay further the decision-making on the renewal of the approval of the active substance. It is therefore appropriate not to renew the approval of the active substance chlorpyrifos in accordance with Article 20(1)(b) of that Regulation.</p></recital><recital xml:id="rec_d14e236"><num>(14)</num><p>Implementing Regulation (EU) No 540/2011 should therefore be amended accordingly.</p></recital><recital xml:id="rec_d14e242"><num>(15)</num><p>Member States should be given sufficient time to withdraw authorisations for plant protection products containing chlorpyrifos.</p></recital><recital xml:id="rec_d14e248"><num>(16)</num><p>For plant protection products containing chlorpyrifos, where Member States grant any grace period in accordance with Article 46 of Regulation (EC) No 1107/2009, that period should not exceed 3 months from the date of entry into force of this Regulation.</p></recital><recital xml:id="rec_d14e254"><num>(17)</num><p>Commission Implementing Regulation (EU) 2018/1796<authorialNote placement="bottom" marker="8"><p>Commission Implementing Regulation (EU) 2018/1796 of 20 November 2018 amending Implementing Regulation (EU) No 540/2011 as regards the extension of the approval periods of the active substances amidosulfuron, bifenox, chlorpyrifos, chlorpyrifos-methyl, clofentezine, dicamba, difenoconazole, diflubenzuron, diflufenican, dimoxystrobin, fenoxaprop-p, fenpropidin, lenacil, mancozeb, mecoprop-p, metiram, nicosulfuron, oxamyl, picloram, pyraclostrobin, pyriproxyfen and tritosulfuron (OJ L 294, 21.11.2018, p. 15).</p></authorialNote> extended the approval period of chlorpyrifos to 31 January 2020 in order to allow the renewal process to be completed before the expiry of the approval period of that substance. However, given that a decision on the non-renewal of the approval is being taken ahead of the expiry of that extended approval period, this Regulation should apply as soon as possible.</p></recital><recital xml:id="rec_d14e274"><num>(18)</num><p>This Regulation does not prevent the submission of a further application for the approval of chlorpyrifos pursuant to Article 7 of Regulation (EC) No 1107/2009.</p></recital><recital xml:id="rec_d14e280"><num>(19)</num><p>The measures provided for in this Regulation are in accordance with the opinion of the Standing Committee on Plants, Animals, Food and Feed,</p></recital></recitals><formula name="enactingFormula"><p>HAS ADOPTED THIS REGULATION:</p></formula></preamble><body><article xml:id="art_d14e289"><num>Article 1</num><heading>Non-renewal of the approval of the active substance</heading><paragraph><content><p>The approval of the active substance chlorpyrifos is not renewed.</p></content></paragraph></article><article xml:id="art_d14e296"><num>Article 2</num><heading>Amendment to Implementing Regulation (EU) No 540/2011</heading><paragraph><content><p>In Part A of the Annex to Implementing Regulation (EU) No 540/2011, row 111, on chlorpyrifos, is deleted.</p></content></paragraph></article><article xml:id="art_d14e303"><num>Article 3</num><heading>Transitional measures</heading><paragraph><content><p>Member States shall withdraw authorisations for plant protection products containing chlorpyrifos as an active substance by 16 February 2020.</p></content></paragraph></article><article xml:id="art_d14e313"><num>Article 4</num><heading>Grace period</heading><paragraph><content><p>Any grace period granted by Member States in accordance with Article 46 of Regulation (EC) No 1107/2009 shall expire by 16 April 2020.</p></content></paragraph></article><article xml:id="art_d14e323"><num>Article 5</num><heading>Entry into force</heading><paragraph><content><p>This Regulation shall enter into force on the third day following that of its publication in the <i>Official Journal of the European Union</i>.</p></content></paragraph></article><clause><content><p>This Regulation shall be binding in its entirety and directly applicable in all Member States.</p></content></clause></body><conclusions><p>Done at Brussels, 10 January 2020.</p><block name="signatory"><signature><organization refersTo="">For the Commission</organization><role refersTo="">The President</role><person refersTo="">Ursula VON DER LEYEN</person></signature></block></conclusions></bill></akomaNtoso>