<?xml version="1.0" encoding="UTF-8"?><akomaNtoso xmlns="http://docs.oasis-open.org/legaldocml/ns/akn/3.0" xmlns:fmx="http://formex.publications.europa.eu/schema/formex-05.21-20110601.xd" xmlns:leos="urn:eu:europa:ec:leos" xmlns:xs="http://www.w3.org/2001/XMLSchema"><bill name=""><meta xmlns:fn="http://www.w3.org/2005/xpath-functions"><identification source="~COM"><FRBRWork><FRBRthis value=""/><FRBRuri value=""/><FRBRdate date="2999-01-01" name=""/><FRBRauthor href=""/><FRBRcountry value=""/></FRBRWork><FRBRExpression><FRBRthis value=""/><FRBRuri value=""/><FRBRdate date="2999-01-01" name=""/><FRBRauthor href=""/><FRBRlanguage language="eng"/></FRBRExpression><FRBRManifestation><FRBRthis value=""/><FRBRuri value=""/><FRBRdate date="2999-01-01" name=""/><FRBRauthor href=""/></FRBRManifestation></identification></meta><preface><longTitle><p><docStage/><docType>COMMISSION REGULATION (EU) 2020/34</docType>of 15 January 2020<docPurpose>amending Regulation (EC) No 1126/2008 adopting certain international accounting standards in accordance with Regulation (EC) No 1606/2002 of the European Parliament and of the Council as regards International Accounting Standard 39, International Financial Reporting Standards 7 and 9</docPurpose></p></longTitle><container name="EEArelevance"><p>(Text with EEA relevance)</p></container></preface><preamble><formula name="actingEntity"><p>THE EUROPEAN COMMISSION,</p></formula><citations><citation><p>Having regard to the Treaty on the Functioning of the European Union,</p></citation><citation><p>Having regard to Regulation (EC) No 1606/2002 of the European Parliament and of the Council of 19 July 2002 on the application of international accounting standards<authorialNote placement="bottom" marker="1"><p>OJ L 243, 11.9.2002, p. 1.</p></authorialNote>, and in particular Article 3(1) thereof,</p></citation></citations><recitals xml:id="recs_d28e71"><intro><p>Whereas:</p></intro><recital xml:id="rec_d28e74"><num>(1)</num><p>By Commission Regulation (EC) No 1126/2008<authorialNote placement="bottom" marker="2"><p>Commission Regulation (EC) No 1126/2008 of 3 November 2008 adopting certain international accounting standards in accordance with Regulation (EC) No 1606/2002 of the European Parliament and of the Council (OJ L 320, 29.11.2008, p. 1).</p></authorialNote> certain international standards and interpretations that were in existence at 15 October 2008 were adopted.</p></recital><recital xml:id="rec_d28e93"><num>(2)</num><p>On 22 July 2014, the Financial Stability Board published the report &apos;Reforming Major Interest Rate Benchmarks&apos;, which laid down recommendations to strengthen existing benchmarks and other potential reference rates based on interbank markets and to develop alternative nearly risk-free reference rates.</p></recital><recital xml:id="rec_d28e106"><num>(3)</num><p>Regulation (EU) 2016/1011 of the European Parliament and of the Council<authorialNote placement="bottom" marker="3"><p>Regulation (EU) 2016/1011 of the European Parliament and of the Council of 8 June 2016 on indices used as benchmarks in financial instruments and financial contracts or to measure the performance of investment funds and amending Directives 2008/48/EC and 2014/17/EU and Regulation (EU) No 596/2014 (OJ L 171, 29.6.2016, p. 1).</p></authorialNote> introduced a common framework to ensure the accuracy and the integrity of indices used as benchmarks in financial instruments and financial contracts, or to measure the performance of investments funds in the Union.</p></recital><recital xml:id="rec_d28e122"><num>(4)</num><p>On 26 September 2019, the International Accounting Standards Board published Interest Rate Benchmark Reform (Amendments to IFRS 9, IAS 39 and IFRS 7) in order to address the financial reporting consequences of the interest rate benchmark reform in the period before the replacement of an existing interest rate benchmark with an alternative reference rate.</p></recital><recital xml:id="rec_d28e131"><num>(5)</num><p>The amendments provide temporary and narrow exemptions to the hedge accounting requirements of International Accounting Standard (IAS) 39 <i>Financial Instruments: Recognition and Measurement</i> and International Financial Reporting Standard (IFRS) 9 <i>Financial Instruments</i> so that companies can continue to meet the requirements assuming that the existing interest rate benchmarks are not altered because of the interbank offered rate reform.</p></recital><recital xml:id="rec_d28e143"><num>(6)</num><p>Following the consultation with the European Financial Reporting Advisory Group, the Commission concludes that the amendments to IAS 39 <i>Financial Instruments: Recognition and Measurement,</i> IFRS 7 <i>Financial Instruments: Disclosures</i> and IFRS 9 <i>Financial Instruments</i> meet the criteria for adoption set out in Article 3(2) of Regulation (EC) No 1606/2002.</p></recital><recital xml:id="rec_d28e158"><num>(7)</num><p>Regulation (EC) No 1126/2008 should therefore be amended accordingly.</p></recital><recital xml:id="rec_d28e164"><num>(8)</num><p>The measures provided for in this Regulation are in accordance with the opinion of the Accounting Regulatory Committee,</p></recital></recitals><formula name="enactingFormula"><p>HAS ADOPTED THIS REGULATION:</p></formula></preamble><body><article xml:id="art_d28e174"><num>Article 1</num><heading/><paragraph><subparagraph><content><p>The Annex to Regulation (EC) No 1126/2008 is amended as follows:</p></content></subparagraph><list><point><num>(a)</num><content><p>International Accounting Standard (IAS) 39 <i>Financial Instruments: Recognition and Measurement</i> is amended as set out in the Annex to this Regulation;</p></content></point><point><num>(b)</num><content><p>International Financial Reporting Standard (IFRS) 7 <i>Financial Instruments: Disclosures</i> is amended as set out in the Annex to this Regulation;</p></content></point><point><num>(c)</num><content><p>IFRS 9 <i>Financial Instruments</i> is amended as set out in the Annex to this Regulation.</p></content></point></list></paragraph></article><article xml:id="art_d28e208"><num>Article 2</num><heading/><paragraph><content><p>Each company shall apply the amendments referred to in Article 1, at the latest, as from the commencement date of its first financial year starting on or after 1 January 2020.</p></content></paragraph></article><article xml:id="art_d28e216"><num>Article 3</num><heading/><paragraph><content><p>This Regulation shall enter into force on the twentieth day following that of its publication in the <i>Official Journal of the European Union</i>.</p></content></paragraph></article><clause><content><p>This Regulation shall be binding in its entirety and directly applicable in all Member States.</p></content></clause></body><conclusions><p>Done at Brussels, 15 January 2020.</p><block name="signatory"><signature><organization refersTo="">For the Commission</organization><role refersTo="">The President</role><person refersTo="">Ursula VON DER LEYEN</person></signature></block></conclusions></bill></akomaNtoso>