<?xml version="1.0" encoding="UTF-8"?><akomaNtoso xmlns="http://docs.oasis-open.org/legaldocml/ns/akn/3.0" xmlns:fmx="http://formex.publications.europa.eu/schema/formex-05.21-20110601.xd" xmlns:leos="urn:eu:europa:ec:leos" xmlns:xs="http://www.w3.org/2001/XMLSchema"><bill name=""><meta xmlns:fn="http://www.w3.org/2005/xpath-functions"><identification source="~COM"><FRBRWork><FRBRthis value=""/><FRBRuri value=""/><FRBRdate date="2999-01-01" name=""/><FRBRauthor href=""/><FRBRcountry value=""/></FRBRWork><FRBRExpression><FRBRthis value=""/><FRBRuri value=""/><FRBRdate date="2999-01-01" name=""/><FRBRauthor href=""/><FRBRlanguage language="eng"/></FRBRExpression><FRBRManifestation><FRBRthis value=""/><FRBRuri value=""/><FRBRdate date="2999-01-01" name=""/><FRBRauthor href=""/></FRBRManifestation></identification></meta><preface><longTitle><p><docStage/><docType>COMMISSION IMPLEMENTING DECISION (EU) 2020/368</docType>of 3 March 2020<docPurpose>approving the plan for the eradication of African swine fever in feral pigs in certain areas of Slovakia</docPurpose></p></longTitle><container name="EEArelevance"><p>(notified under document C(2020) 1157)</p></container></preface><preamble><formula name="actingEntity"><p>THE EUROPEAN COMMISSION,</p></formula><citations><citation><p>Having regard to the Treaty on the Functioning of the European Union,</p></citation><citation><p>Having regard to Council Directive 2002/60/EC of 27 June 2002 laying down specific provisions for the control of African swine fever and amending Directive 92/119/EEC as regards Teschen disease and African swine fever<authorialNote placement="bottom" marker="1"><p>OJ L 192, 20.7.2002, p. 27.</p></authorialNote>, and in particular the second subparagraph of Article 16(1) thereof,</p></citation></citations><recitals xml:id="recs_d265e77"><intro><p>Whereas:</p></intro><recital xml:id="rec_d265e80"><num>(1)</num><p>Directive 2002/60/EC lays down the minimum Union measures to be taken for the control of African swine fever, including those to be applied in the event of confirmation of a case of African swine fever in feral pigs.</p></recital><recital xml:id="rec_d265e86"><num>(2)</num><p>In addition, Commission Implementing Decision 2014/709/EU<authorialNote placement="bottom" marker="2"><p>Commission Implementing Decision 2014/709/EU of 9 October 2014 concerning animal health control measures relating to African swine fever in certain Member States and repealing Implementing Decision 2014/178/EU (OJ L 295, 11.10.2014, p. 63).</p></authorialNote> lays down animal health control measures in relation to African swine fever in the Member States or areas thereof as listed in the Annex thereto (the Member States concerned), and in all Member States as regards movements of feral pigs and information obligations. The Annex to Implementing Decision 2014/709/EU demarcates and lists certain areas of the Member States concerned, differentiated by the level of risk based on the epidemiological situation as regards that disease, including a list of high risk areas. That Annex has been amended several times to take account of changes in the epidemiological situation in the Union as regards African swine fever that needed to be reflected in that Annex.</p></recital><recital xml:id="rec_d265e102"><num>(3)</num><p>In 2019, Slovakia notified the Commission of cases of African swine fever in feral pigs and has duly taken the disease control measures required by Directive 2002/60/EC.</p></recital><recital xml:id="rec_d265e108"><num>(4)</num><p>In light of the current epidemiological situation and in accordance with Article 16 of Directive 2002/60/EC, Slovakia submitted to the Commission a plan for the eradication of African swine fever on 27 November 2019 (the eradication plan).</p></recital><recital xml:id="rec_d265e118"><num>(5)</num><p>The Annex to Implementing Decision 2014/709/EU was latest amended by Commission Implementing Decision (EU) 2020/46<authorialNote placement="bottom" marker="3"><p>Commission Implementing Decision (EU) 2020/46 of 20 January 2020 amending the Annex to Implementing Decision 2014/709/EU concerning animal health control measures relating to African swine fever in certain Member States (OJ L 16, 21.1.2020, p. 9).</p></authorialNote> to take account, inter alia, of the cases of African swine fever in feral pigs in Slovakia and Parts I and II of that Annex now include the infected areas in Slovakia.</p></recital><recital xml:id="rec_d265e134"><num>(6)</num><p>The eradication plan submitted by Slovakia has been examined by the Commission and found to comply with the requirements set out in Article 16 of Directive 2002/60/EC. The eradication plan should therefore be approved accordingly.</p></recital><recital xml:id="rec_d265e140"><num>(7)</num><p>The measures provided for in this Decision are in accordance with the opinion of the Standing Committee on Plants, Animals, Food and Feed,</p></recital></recitals><formula name="enactingFormula"><p>HAS ADOPTED THIS DECISION:</p></formula></preamble><body><article xml:id="art_d265e149"><num>Article 1</num><heading/><paragraph><content><p>The plan submitted by Slovakia on 27 November 2019, in accordance with Article 16(1) of Directive 2002/60/EC, concerning the eradication of African swine fever from the feral pig population in the areas referred to in the Annex to Implementing Decision 2014/709/EU is hereby approved.</p></content></paragraph></article><article xml:id="art_d265e157"><num>Article 2</num><heading/><paragraph><content><p>Slovakia shall bring into force the laws, regulations and administrative provisions required for the implementation of the eradication plan within a period of 30 days from the date of adoption of this Decision.</p></content></paragraph></article><article xml:id="art_d265e162"><num>Article 3</num><heading/><paragraph><content><p>This Decision is addressed to Slovak Republic.</p></content></paragraph></article></body><conclusions><p>Done at Brussels, 3 March 2020.</p><block name="signatory"><signature><organization refersTo="">For the Commission</organization><role refersTo="">Stella KYRIAKIDES</role><person refersTo="">Member of the Commission</person></signature></block></conclusions></bill></akomaNtoso>