<?xml version="1.0" encoding="UTF-8"?><akomaNtoso xmlns="http://docs.oasis-open.org/legaldocml/ns/akn/3.0" xmlns:fmx="http://formex.publications.europa.eu/schema/formex-05.21-20110601.xd" xmlns:leos="urn:eu:europa:ec:leos" xmlns:xs="http://www.w3.org/2001/XMLSchema"><bill name=""><meta xmlns:fn="http://www.w3.org/2005/xpath-functions"><identification source="~COM"><FRBRWork><FRBRthis value=""/><FRBRuri value=""/><FRBRdate date="2999-01-01" name=""/><FRBRauthor href=""/><FRBRcountry value=""/></FRBRWork><FRBRExpression><FRBRthis value=""/><FRBRuri value=""/><FRBRdate date="2999-01-01" name=""/><FRBRauthor href=""/><FRBRlanguage language="eng"/></FRBRExpression><FRBRManifestation><FRBRthis value=""/><FRBRuri value=""/><FRBRdate date="2999-01-01" name=""/><FRBRauthor href=""/></FRBRManifestation></identification></meta><preface><longTitle><p><docStage/><docType>COUNCIL DECISION (EU) 2020/143</docType>of 28 January 2020<docPurpose>on the position to be taken on behalf of the European Union within the Administrative Committee for the Customs Convention on the international transport of goods under cover of TIR carnets as regards the amendment of the Convention</docPurpose></p></longTitle></preface><preamble><formula name="actingEntity"><p>THE COUNCIL OF THE EUROPEAN UNION,</p></formula><citations><citation><p>Having regard to the Treaty on the Functioning of the European Union, and in particular the first subparagraph of Article 207(4), in conjunction with Article 218(9) thereof,</p></citation><citation><p>Having regard to the proposal from the European Commission,</p></citation></citations><recitals xml:id="recs_d219e59"><intro><p>Whereas:</p></intro><recital xml:id="rec_d219e62"><num>(1)</num><p>The Customs Convention on the international transport of goods under cover of TIR carnets of 14 November 1975 (the &apos;TIR Convention&apos;) was concluded by the Union by Council Regulation (EEC) No 2112/78<authorialNote placement="bottom" marker="1"><p>Council Regulation (EEC) No 2112/78 of 25 July 1978 concerning the conclusion of the Customs Convention on the international transport of goods under cover of TIR carnets (TIR Convention) of 14 November 1975 at Geneva (OJ L 252, 14.9.1978, p. 1).</p></authorialNote> and entered into force in the Union on 20 June 1983<authorialNote placement="bottom" marker="2"><p>OJ L 31, 2.2.1983, p. 13.</p></authorialNote>.</p></recital><recital xml:id="rec_d219e96"><num>(2)</num><p>Pursuant to Article 59 of the TIR Convention, the Administrative Committee may adopt amendments to that convention by a two‐thirds majority of Contracting Parties present and voting.</p></recital><recital xml:id="rec_d219e102"><num>(3)</num><p>During a session in February 2020, the Administrative Committee is to adopt a new Annex 11 and related amendments to the TIR Convention.</p></recital><recital xml:id="rec_d219e108"><num>(4)</num><p>It is appropriate to establish the position to be taken on the Union&apos;s behalf in the Administrative Committee, as the amendments to the TIR Convention will have legal effect in the Union.</p></recital><recital xml:id="rec_d219e114"><num>(5)</num><p>The Union supports the new Annex 11 to the TIR Convention and the necessary amendments to the body of the TIR Convention as they follow the policy set out by Regulation (EU) No 952/2013 of the European Parliament and of the Council<authorialNote placement="bottom" marker="3"><p>Regulation (EU) No 952/2013 of the European Parliament and of the Council of 9 October 2013 laying down the Union Customs Code (OJ L 269, 10.10.2013, p. 1).</p></authorialNote> according to which in principle all communications with customs authorities are to be electronic.</p></recital><recital xml:id="rec_d219e130"><num>(6)</num><p>A new paragraph (s) of Article 1 of the TIR Convention is to define the &apos;eTIR procedure&apos; applicable to electronic exchange of data between customs authorities.</p></recital><recital xml:id="rec_d219e140"><num>(7)</num><p>A new Article 58 <i>quater</i> of the TIR Convention is to establish a technical implementation body which is to adopt the technical specification of the eTIR international system, without prejudice to the existing substantive and institutional framework of the TIR Convention.</p></recital><recital xml:id="rec_d219e149"><num>(8)</num><p>A new Article 60 <i>bis</i> is to lay down the special procedure for the entry into force of the new Annex 11 to the TIR Convention and any future amendments to that Annex.</p></recital><recital xml:id="rec_d219e158"><num>(9)</num><p>Amendments to Articles 43, 59 and 61 of the TIR Convention are to make adaptations necessary for the introduction of the new Annex 11.</p></recital><recital xml:id="rec_d219e164"><num>(10)</num><p>The new Annex 11 to the TIR Convention is to enable the Contracting Parties bound by that Annex to use eTIR operations. It is to enable the Union and its Member States to choose at what point in time to connect their systems to the eTIR international system.</p></recital><recital xml:id="rec_d219e171"><num>(11)</num><p>The position of the Union within the Administrative Committee should therefore be based on the draft amendments attached to this Decision,</p></recital></recitals><formula name="enactingFormula"><p>HAS ADOPTED THIS DECISION:</p></formula></preamble><body><article xml:id="art_d219e181"><num>Article 1</num><heading/><paragraph><content><p>The position to be taken on the Union&apos;s behalf within the Administrative Committee during its seventy‐second or a subsequent session shall be based on the draft amendments attached to this Decision.</p></content></paragraph></article><article xml:id="art_d219e186"><num>Article 2</num><heading/><paragraph><content><p>The position referred to in Article 1 shall be expressed by the Member States of the Union that are members of the Administrative Committee, acting jointly.</p></content></paragraph></article><article xml:id="art_d219e191"><num>Article 3</num><heading/><paragraph><content><p>Minor technical changes to the draft amendments referred to in Article 1 may be agreed by the representatives of the Union in the Administrative Committee.</p></content></paragraph></article><article xml:id="art_d219e196"><num>Article 4</num><heading/><paragraph><content><p>This decision shall enter into force on the date of its adoption.</p></content></paragraph></article></body><conclusions><p>Done at Brussels, 28 January 2020.</p><block name="signatory"><signature><organization refersTo="">For the Council</organization><role refersTo="">The President</role><person refersTo="">A.METELKO-ZGOMBIĆ</person></signature></block></conclusions></bill></akomaNtoso>