<?xml version="1.0" encoding="UTF-8"?><akomaNtoso xmlns="http://docs.oasis-open.org/legaldocml/ns/akn/3.0" xmlns:fmx="http://formex.publications.europa.eu/schema/formex-05.21-20110601.xd" xmlns:leos="urn:eu:europa:ec:leos" xmlns:xs="http://www.w3.org/2001/XMLSchema"><bill name=""><meta xmlns:fn="http://www.w3.org/2005/xpath-functions"><identification source="~COM"><FRBRWork><FRBRthis value=""/><FRBRuri value=""/><FRBRdate date="2999-01-01" name=""/><FRBRauthor href=""/><FRBRcountry value=""/></FRBRWork><FRBRExpression><FRBRthis value=""/><FRBRuri value=""/><FRBRdate date="2999-01-01" name=""/><FRBRauthor href=""/><FRBRlanguage language="eng"/></FRBRExpression><FRBRManifestation><FRBRthis value=""/><FRBRuri value=""/><FRBRdate date="2999-01-01" name=""/><FRBRauthor href=""/></FRBRManifestation></identification></meta><preface><longTitle><p><docStage/><docType>DECISION No 1/2020</docType>OF THE EU-KINGDOM OF MOROCCO ASSOCIATION COMMITTEE<docPurpose>of 16 March 2020</docPurpose></p></longTitle><container name="EEArelevance"><p>concerning the exchange of information between the European Union and the Kingdom of Morocco for the purpose of evaluating the impact of the Agreement in the form of an Exchange of Letters on the amendment of Protocols 1 and 4 to the Euro-Mediterranean Agreement establishing an association between the European Communities and their Member States, of the one part, and the Kingdom of Morocco, of the other part [2020/468]</p></container></preface><preamble><formula name="actingEntity"><p>THE EU-KINGDOM OF MOROCCO ASSOCIATION COMMITTEE,</p></formula><citations><citation><p>Having regard to the Euro-Mediterranean Agreement of 26 February 1996 establishing an association between the European Communities and their Member States, of the one part, and the Kingdom of Morocco, of the other part, and in particular Article 83 thereof,</p></citation><citation><p>Having regard to the Agreement in the form of an Exchange of Letters between the European Union and the Kingdom of Morocco of 25 October 2018 on the amendment of Protocols 1 and 4 to the Euro-Mediterranean Agreement establishing an association between the European Communities and their Member States, of the one part, and the Kingdom of Morocco, of the other part,</p></citation></citations><recitals xml:id="recs_d235e68"><intro><p>Whereas:</p></intro><recital xml:id="rec_d235e71"><num>(1)</num><p>The Agreement in the form of an Exchange of Letters between the European Union and the Kingdom of Morocco on the amendment of Protocols 1 and 4 to the Euro-Mediterranean Agreement establishing an association between the European Communities and their Member States, of the one part, and the Kingdom of Morocco, of the other part (&apos;the Agreement in the form of an Exchange of Letters&apos;) entered into force on 19 July 2019.</p></recital><recital xml:id="rec_d235e84"><num>(2)</num><p>The Agreement in the form of an Exchange of Letters was concluded without prejudice to the respective positions of the European Union with regard to the status of Western Sahara and of the Kingdom of Morocco with regard to that region.</p></recital><recital xml:id="rec_d235e90"><num>(3)</num><p>Under the Agreement in the form of an Exchange of Letters, products originating in Western Sahara that are subject to controls by the customs authorities of the Kingdom of Morocco benefit from the same trade preferences as those granted by the European Union to products covered by the Euro-Mediterranean Agreement establishing an association between the European Communities and their Member States,of the one part, and the Kingdom of Morocco, of the other part (&apos;the Association Agreement&apos;).</p></recital><recital xml:id="rec_d235e100"><num>(4)</num><p>In a spirit of partnership and in order to allow the parties to assess the impact of the Agreement in the form of an Exchange of Letters, in particular on sustainable development and with regard to the advantages for the people concerned and the exploitation of the natural resources of the territories in question, the European Union and the Kingdom of Morocco have agreed to exchange information at least once a year by means of the Association Committee.</p></recital><recital xml:id="rec_d235e106"><num>(5)</num><p>The specific arrangements for the evaluation exercise are to be adopted by the Association Committee,</p></recital></recitals><formula name="enactingFormula"><p>HAS ADOPTED THIS DECISION:</p></formula></preamble><body><article xml:id="art_d235e116"><num>Article 1</num><heading/><paragraph><num>1.</num><content><p>In a spirit of partnership and in order to allow the parties to assess the impact of the Agreement in the form of an Exchange of Letters during its application from a sustainable development perspective, the European Union and the Kingdom of Morocco have agreed to exchange information by means of the Association Committee on an annual basis.</p></content></paragraph><paragraph><num>2.</num><subparagraph><content><p>The European Union and the Kingdom of Morocco shall exchange data considered relevant in the main areas of activity concerned as well as statistical, economic, social and environmental information, in particular with regard to the advantages of the Agreement in the form of an Exchange of Letters for the people concerned and the exploitation of the natural resources of the territories in question. A list of relevant information is set out in the Annex to this Decision.</p></content></subparagraph><subparagraph><content><p>The exchange shall be based on a prior written communication sent by the end of March each year; the communication may be followed by requests for clarification and supplementary questions raised in the subject areas covered by this Decision. Responses shall be provided by the end of June each year.</p></content></subparagraph></paragraph><paragraph><num>3.</num><subparagraph><content><p>In a spirit of partnership and in order to allow them to assess the impact of the Agreement the form of an Exchange of Letters, the parties have also agreed that the Kingdom of Morocco may, on the basis of existing information systems, ask the European Union for information on production and trade in specific product categories of particular interest to the Kingdom of Morocco.</p></content></subparagraph><subparagraph><content><p>For this purpose, the Kingdom of Morocco shall send its request in writing to the European Union by the end of March each year; the communication may be followed by requests for clarification and supplementary questions. Responses shall be provided by the end of June each year.</p></content></subparagraph></paragraph><paragraph><num>4.</num><content><p>The parties shall take note of those exchanges within the Association Committee once a year.</p></content></paragraph><paragraph><num>5.</num><content><p>The minutes, including the Association Committee&apos;s conclusions, shall be approved by the parties by the end of the month following that in which the meeting takes place.</p></content></paragraph></article><article xml:id="art_d235e148"><num>Article 2</num><heading/><paragraph><content><p>The Annex shall form an integral part of this Decision.</p></content></paragraph></article><article xml:id="art_d235e153"><num>Article 3</num><heading/><paragraph><content><p>This Decision shall enter into force on the date of its adoption.</p></content></paragraph></article></body><conclusions><p>Done at Brussels, 16 March 2020.</p><block name="signatory"><signature><organization refersTo="">For the EU-Kingdom of Morocco</organization><role refersTo="">Association Committee</role><person refersTo="">R. GILI</person></signature></block></conclusions></bill></akomaNtoso>