<?xml version="1.0" encoding="UTF-8"?><akomaNtoso xmlns="http://docs.oasis-open.org/legaldocml/ns/akn/3.0" xmlns:fmx="http://formex.publications.europa.eu/schema/formex-05.21-20110601.xd" xmlns:leos="urn:eu:europa:ec:leos" xmlns:xs="http://www.w3.org/2001/XMLSchema"><bill name=""><meta xmlns:fn="http://www.w3.org/2005/xpath-functions"><identification source="~COM"><FRBRWork><FRBRthis value=""/><FRBRuri value=""/><FRBRdate date="2999-01-01" name=""/><FRBRauthor href=""/><FRBRcountry value=""/></FRBRWork><FRBRExpression><FRBRthis value=""/><FRBRuri value=""/><FRBRdate date="2999-01-01" name=""/><FRBRauthor href=""/><FRBRlanguage language="eng"/></FRBRExpression><FRBRManifestation><FRBRthis value=""/><FRBRuri value=""/><FRBRdate date="2999-01-01" name=""/><FRBRauthor href=""/></FRBRManifestation></identification></meta><preface><longTitle><p><docStage/><docType>COUNCIL DECISION (CFSP) 2020/513</docType>of 7 April 2020<docPurpose>amending Decision (CFSP) 2017/1869 on the European Union Advisory Mission in support of Security Sector Reform in Iraq (EUAM Iraq)</docPurpose></p></longTitle></preface><preamble><formula name="actingEntity"><p>THE COUNCIL OF THE EUROPEAN UNION,</p></formula><citations><citation><p>Having regard to the Treaty on European Union, and in particular Articles 42(4) and 43(2) thereof,</p></citation><citation><p>Having regard to the proposal from the High Representative of the Union for Foreign Affairs and Security Policy,</p></citation></citations><recitals xml:id="recs_d173e59"><intro><p>Whereas:</p></intro><recital xml:id="rec_d173e62"><num>(1)</num><p>On 16 October 2017, the Council adopted Decision (CFSP) 2017/1869<authorialNote placement="bottom" marker="1"><p>Council Decision (CFSP) 2017/1869 of 16 October 2017 on the European Union Advisory Mission in support of Security Sector Reform in Iraq (EUAM Iraq) (OJ L 266, 17.10.2017, p. 12).</p></authorialNote> establishing a European Union Advisory Mission in support of Security Sector Reform in Iraq (EUAM Iraq).</p></recital><recital xml:id="rec_d173e81"><num>(2)</num><p>On 15 October 2018, the Council adopted Decision (CFSP) 2018/1545<authorialNote placement="bottom" marker="2"><p>Council Decision (CFSP) 2018/1545 of 15 October 2018 amending Decision (CFSP) 2017/1869 on the European Union Advisory Mission in support of Security Sector Reform in Iraq (EUAM Iraq) (OJ L 259, 16.10.2018, p. 31).</p></authorialNote> amending the mandate of EUAM Iraq and extending it until 17 April 2020.</p></recital><recital xml:id="rec_d173e103"><num>(3)</num><p>Following the Strategic Review of EUAM Iraq, the Political and Security Committee (PSC) recommended that the mandate of EUAM Iraq be amended and extended until 30 April 2022.</p></recital><recital xml:id="rec_d173e112"><num>(4)</num><p>Decision (CFSP) 2017/1869 should therefore be amended accordingly.</p></recital><recital xml:id="rec_d173e118"><num>(5)</num><p>EUAM Iraq should have a project cell for identifying and implementing projects. EUAM Iraq should, as appropriate, coordinate, facilitate and provide advice on projects implemented by Member States and third States under their responsibility in areas related to EUAM Iraq and in support of its objectives.</p></recital><recital xml:id="rec_d173e124"><num>(6)</num><p>EUAM Iraq will be conducted in the context of a situation which may deteriorate and could impede the achievement of the objectives of the Union&apos;s external action as set out in Article 21 of the Treaty,</p></recital></recitals><formula name="enactingFormula"><p>HAS ADOPTED THIS DECISION:</p></formula></preamble><body><article xml:id="art_d173e133" leos:compliant="false"><num>Article 1</num><heading/><paragraph><subparagraph><content><p>Decision (CFSP) 2017/1869 is amended as follows:</p></content></subparagraph><list><point><num>(1)</num><alinea><content><p>Articles 2 and 3 are replaced by the following:</p></content></alinea><alinea><content><p><mod><quotedStructure startQuote="" endQuote=""><article xml:id="art_d173e149"><num>&apos;Article 2</num><heading>Objectives</heading><paragraph><subparagraph><content><p>The strategic objectives of EUAM Iraq shall be:</p></content></subparagraph><list><point><num>(1)</num><content><p>to provide advice and expertise to the Iraqi authorities at strategic level to identify and define the requirements for the coherent implementation of the Security Sector Reform civilian related aspects of the Iraqi National Security Strategy and associated plans;</p></content></point><point><num>(2)</num><content><p>to analyse, assess and identify opportunities at national, regional and provincial levels for further Union engagement in support of the needs of the civilian Security Sector Reform;</p></content></point><point><num>(3)</num><content><p>to inform and facilitate planning and implementation by the Union and Member States; and</p></content></point><point><num>(4)</num><content><p>to assist the Union Delegation in the coordination of the Union&apos;s and Member States&apos; support in the field of civilian Security Sector Reform, ensuring coherence of Union action.</p></content></point></list></paragraph></article><article xml:id="art_d173e183"><num>Article 3</num><heading>Tasks</heading><paragraph><content><p>In order to fulfil the objectives set out in Article 2, EUAM Iraq shall fulfil the necessary tasks in accordance with its planning documents.&apos;;</p></content></paragraph></article></quotedStructure></mod></p></content></alinea></point><point><num>(2)</num><alinea><content><p>in Article 14, the first paragraph is replaced by the following:</p></content></alinea><alinea><content><p><mod><quotedStructure startQuote="" endQuote=""><paragraph><num>&apos;1.</num><subparagraph><content><p>The financial reference amount to cover the expenditure related to EUAM Iraq for the period from 16 October 2017 to 17 October 2018 shall be EUR 17300000.</p></content></subparagraph><subparagraph><content><p>The financial reference amount to cover the expenditure related to EUAM Iraq for the period from 18 October 2018 to 17 April 2020 shall be EUR 64800000.</p></content></subparagraph><subparagraph><content><p>The financial reference amount to cover the expenditure related to EUAM Iraq for the period from 18 April 2020 to 30 April 2022 shall be EUR 79500000.</p></content></subparagraph><subparagraph><content><p>The financial reference amount for any subsequent period shall be decided by the Council.&apos;;</p></content></subparagraph></paragraph></quotedStructure></mod></p></content></alinea></point><point><num>(3)</num><alinea><content><p>the following article is inserted:</p></content></alinea><alinea><content><p><mod><quotedStructure startQuote="" endQuote=""><article xml:id="art_d173e249"><num>&apos;Article 14a</num><heading>Project Cell</heading><paragraph><num>1.</num><content><p>EUAM Iraq shall have a Project Cell for identifying and implementing projects. EUAM IRAQ shall, as appropriate, coordinate, facilitate and provide advice on projects implemented by Member States and third States under their responsibility and with due respect for the Union institutional framework in areas related to EUAM IRAQ and in support of its objectives.</p></content></paragraph><paragraph><num>2.</num><subparagraph><content><p>EUAM IRAQ shall be authorised to seek recourse to financial contributions from Member States or third States to implement projects identified as supplementing in a consistent manner EUAM IRAQ&apos;s other actions, if the project is:</p></content></subparagraph><list><point><num>(a)</num><content><p>provided for in the financial statement relating to this Decision; or</p></content></point><point><num>(b)</num><content><p>integrated into the financial statement during the mandate of EUAM Iraq by means of an amendment requested by the Head of Mission.</p></content></point></list><subparagraph><content><p>EUAM IRAQ shall conclude an arrangement with those States, covering in particular the specific procedures for dealing with any complaint from third parties concerning damage caused as a result of acts or omissions by EUAM IRAQ in the use of the funds provided by those States. Under no circumstances may the contributing States hold the Union or the High Representative liable for acts or omissions by EUAM IRAQ in the use of the funds provided by those States.</p></content></subparagraph></paragraph><paragraph><num>3.</num><content><p>Financial contributions from third States to the Project Cell shall be subject to acceptance by the PSC.&apos;;</p></content></paragraph></article></quotedStructure></mod></p></content></alinea></point><point><num>(4)</num><alinea><content><p>in Article 17, the second sentence is replaced by the following:</p></content></alinea><alinea><content><p><mod><quotedStructure startQuote="" endQuote=""><alinea><content><p>&apos;It shall apply until 30 April 2022.&apos;.</p></content></alinea></quotedStructure></mod></p></content></alinea></point></list></paragraph></article><article xml:id="art_d173e305"><num>Article 2</num><heading/><paragraph><content><p>This Decision shall enter into force on the date of its adoption.</p></content></paragraph></article></body><conclusions><p>Done at Brussels, 7 April 2020.</p><block name="signatory"><signature><organization refersTo="">For the Council</organization><role refersTo="">The President</role><person refersTo="">G. GRLIĆ RADMAN</person></signature></block></conclusions></bill></akomaNtoso>