<?xml version="1.0" encoding="UTF-8"?><akomaNtoso xmlns="http://docs.oasis-open.org/legaldocml/ns/akn/3.0" xmlns:fmx="http://formex.publications.europa.eu/schema/formex-05.21-20110601.xd" xmlns:leos="urn:eu:europa:ec:leos" xmlns:xs="http://www.w3.org/2001/XMLSchema"><bill name=""><meta xmlns:fn="http://www.w3.org/2005/xpath-functions"><identification source="~COM"><FRBRWork><FRBRthis value=""/><FRBRuri value=""/><FRBRdate date="2999-01-01" name=""/><FRBRauthor href=""/><FRBRcountry value=""/></FRBRWork><FRBRExpression><FRBRthis value=""/><FRBRuri value=""/><FRBRdate date="2999-01-01" name=""/><FRBRauthor href=""/><FRBRlanguage language="eng"/></FRBRExpression><FRBRManifestation><FRBRthis value=""/><FRBRuri value=""/><FRBRdate date="2999-01-01" name=""/><FRBRauthor href=""/></FRBRManifestation></identification></meta><preface><longTitle><p><docStage/><docType>COMMISSION IMPLEMENTING REGULATION (EU) 2020/125</docType>of 29 January 2020<docPurpose>amending Implementing Regulation (EU) No 945/2014 laying down implementing technical standards with regard to relevant appropriately diversified indices in accordance with Regulation (EU) No 575/2013 of the European Parliament and of the Council</docPurpose></p></longTitle><container name="EEArelevance"><p>(Text with EEA relevance)</p></container></preface><preamble><formula name="actingEntity"><p>THE EUROPEAN COMMISSION,</p></formula><citations><citation><p>Having regard to the Treaty on the Functioning of the European Union,</p></citation><citation><p>Having regard to Regulation (EU) No 575/2013 of the European Parliament and of the Council of 26 June 2013 on prudential requirements for credit institutions and investment firms and amending Regulation (EU) No 648/2012<authorialNote placement="bottom" marker="1"><p>OJ L 176, 27.6.2013, p. 1.</p></authorialNote> and in particular the third subparagraph of Article 344(1) thereof,</p></citation></citations><recitals xml:id="recs_d44e71"><intro><p>Whereas:</p></intro><recital xml:id="rec_d44e74"><num>(1)</num><p>In order to ensure that the stock indices listed in the Annex to Commission Implementing Regulation (EU) No 945/2014<authorialNote placement="bottom" marker="2"><p>Commission Implementing Regulation (EU) No 945/2014 of 4 September 2014 laying down implementing technical standards with regard to relevant appropriately diversified indices according to Regulation (EU) No 575/2013 of the European Parliament and of the Council (OJ L 265, 5.9.2014, p. 3).</p></authorialNote> continue to meet the conditions for their specific risk to be ignored, the relevant indices have been reassessed in light of the latest available data, which is that relative to the year 2018. In light of that reassessment, it is necessary to update the list of relevant appropriately diversified indices.</p></recital><recital xml:id="rec_d44e90"><num>(2)</num><p>This Regulation is based on the draft implementing technical standards submitted by the European Banking Authority to the Commission.</p></recital><recital xml:id="rec_d44e96"><num>(3)</num><p>The necessary amendments to Implementing Regulation (EU) No 945/2014 do not arise as a result of significant changes to the assessment methodology applied. The European Banking Authority has not conducted an open public consultation or a cost-benefit analysis considering that such a consultation or analysis would be disproportionate in relation to the scope and impact of the draft implementing technical standards concerned.</p></recital><recital xml:id="rec_d44e102"><num>(4)</num><p>Implementing Regulation (EU) No 945/2014 should therefore be amended accordingly,</p></recital></recitals><formula name="enactingFormula"><p>HAS ADOPTED THIS REGULATION:</p></formula></preamble><body><article xml:id="art_d44e111"><num>Article 1</num><heading/><paragraph><content><p>The Annex to Implementing Regulation (EU) No 945/2014 is replaced by the text in the Annex to this Regulation.</p></content></paragraph></article><article xml:id="art_d44e116"><num>Article 2</num><heading/><paragraph><content><p>This Regulation shall enter into force on the twentieth day following that of its publication in the <i>Official Journal of the European Union</i>.</p></content></paragraph></article><clause><content><p>This Regulation shall be binding in its entirety and directly applicable in all Member States.</p></content></clause></body><conclusions><p>Done at Brussels, 29 January 2020.</p><block name="signatory"><signature><organization refersTo="">For the Commission</organization><role refersTo="">The President</role><person refersTo="">Ursula VON DER LEYEN</person></signature></block></conclusions></bill></akomaNtoso>