<?xml version="1.0" encoding="UTF-8"?>L0692020EN5810120180503EN0008581581<p xmlns="http://docs.oasis-open.org/legaldocml/ns/akn/3.0">Corrigendum to Decision No 1/2018 of the ECAA Joint Committee of 3 May 2018 with regard to the adoption of its rules of procedure 2019/1802</p><p xmlns="http://docs.oasis-open.org/legaldocml/ns/akn/3.0">(Official Journal of the European Union L 274 of 28 October 2019)</p>On page 15:<p xmlns="http://docs.oasis-open.org/legaldocml/ns/akn/3.0"><!--default P | TXT -->for:</p><mod xmlns="http://docs.oasis-open.org/legaldocml/ns/akn/3.0"><quotedStructure startQuote="" endQuote=""><p><!--default P | TXT -->&apos;(*) This designation is without prejudice to positions on status, and is in line with UNSCR 1244/1999 and the ICJ Opinion on the Kosovo declaration of independence.&apos;,</p></quotedStructure></mod><p xmlns="http://docs.oasis-open.org/legaldocml/ns/akn/3.0"><!--default P | TXT -->read:</p><mod xmlns="http://docs.oasis-open.org/legaldocml/ns/akn/3.0"><quotedStructure startQuote="" endQuote=""><p><!--default P | TXT -->&apos;(*) Pursuant to UN Security Council Resolution 1244 of 10 June 1999.&apos;</p></quotedStructure></mod>