<?xml version="1.0" encoding="UTF-8"?><akomaNtoso xmlns="http://docs.oasis-open.org/legaldocml/ns/akn/3.0" xmlns:fmx="http://formex.publications.europa.eu/schema/formex-05.21-20110601.xd" xmlns:leos="urn:eu:europa:ec:leos" xmlns:xs="http://www.w3.org/2001/XMLSchema"><bill name=""><meta xmlns:fn="http://www.w3.org/2005/xpath-functions"><identification source="~COM"><FRBRWork><FRBRthis value=""/><FRBRuri value=""/><FRBRdate date="2999-01-01" name=""/><FRBRauthor href=""/><FRBRcountry value=""/></FRBRWork><FRBRExpression><FRBRthis value=""/><FRBRuri value=""/><FRBRdate date="2999-01-01" name=""/><FRBRauthor href=""/><FRBRlanguage language="eng"/></FRBRExpression><FRBRManifestation><FRBRthis value=""/><FRBRuri value=""/><FRBRdate date="2999-01-01" name=""/><FRBRauthor href=""/></FRBRManifestation></identification></meta><preface><longTitle><p><docStage/><docType>COMMISSION IMPLEMENTING REGULATION (EU) 2020/38</docType>of 16 January 2020<docPurpose>establishing technical operational requirements for the recording, formatting and transmission of information pursuant to Regulation (EU) 2017/2403 of the European Parliament and of the Council on the sustainable management of external fishing fleets</docPurpose></p></longTitle></preface><preamble><formula name="actingEntity"><p>THE EUROPEAN COMMISSION,</p></formula><citations><citation><p>Having regard to the Treaty on the Functioning of the European Union,</p></citation><citation><p>Having regard to the Regulation (EU) 2017/2403 of the European Parliament and of the Council of 12 December 2017 on the sustainable management of external fishing fleets, and repealing Council Regulation (EC) No 1006/2008<authorialNote placement="bottom" marker="1"><p>OJ L 347, 28.12.2017, p. 81.</p></authorialNote> (the &apos;SMEFF Regulation&apos;), and in particular Article 40(2) thereof,</p></citation></citations><recitals xml:id="recs_d58e72"><intro><p>Whereas:</p></intro><recital xml:id="rec_d58e75"><num>(1)</num><p>The &apos;SMEFF Regulation&apos; provides for the adoption of implementing acts establishing technical operational requirements for the recording, formatting and transmission of the information referred to in Titles II, III and IV of that Regulation.</p></recital><recital xml:id="rec_d58e85"><num>(2)</num><p>Article 40 of the SMEFF Regulation stipulates that the exchange of information referred to in Titles II, III and IV of that Regulation is to be carried out in an electronic format. It is appropriate to establish the requirements for the electronic completion and transmission of these data and to specify their format, as well as to set out the procedure for changes to the format.</p></recital><recital xml:id="rec_d58e91"><num>(3)</num><p>Commission Implementing Regulation (EU) 2017/218<authorialNote placement="bottom" marker="2"><p>Commission Implementing Regulation (EU) 2017/218 of 6 February 2017 on the Union fishing fleet register (OJ L 34, 9.2.2017, p. 9).</p></authorialNote> requires the Member States to submit to the Commission information on ownership, on vessel and gear characteristics and on the activity of Union fishing vessels flying their flag. Information available in this database should be used in information exchanges on fishing authorisations as required by the SMEFF Regulation.</p></recital><recital xml:id="rec_d58e107"><num>(4)</num><p>The information included in the Union fishing authorisations database, set up in accordance with Article 39 of the SMEFF Regulation, may contain personal data, including vessel identifiers and names and contact details of vessel owners. The processing of such personal data is necessary for the effective management of the data and information exchange as required by the SMEFF Regulation. It should be ensured at all times and at all levels that the obligations relating to the protection of personal data set out in Regulations (EU) 2018/1725<authorialNote placement="bottom" marker="3"><p>Regulation (EU) 2018/1725 of the European Parliament and of the Council of 23 October 2018 on the protection of natural persons with regard to the processing of personal data by the Union institutions, bodies, offices and agencies and on the free movement of such data, and repealing Regulation (EC) No 45/2001 and Decision No 1247/2002/EC (OJ L 295, 21.11.2018, p. 39).</p></authorialNote> and (EU) 2016/679<authorialNote placement="bottom" marker="4"><p>Regulation (EU) 2016/679 of the European Parliament and of the Council of 27 April 2016 on the protection of natural persons with regard to the processing of personal data and on the free movement of such data, and repealing Directive 95/46/EC (General Data Protection Regulation) (OJ L 119, 4.5.2016, p. 1).</p></authorialNote> of the European Parliament and of the Council are complied with. In order to ensure the sustainable management of the external fishing fleet and of fishing in EU waters by vessels flying the flag of a third country, it is necessary to store the data for a period of 10 years. In certain cases, data should be stored for a period exceeding 10 years.</p></recital><recital xml:id="rec_d58e133"><num>(5)</num><p>Sufficient time should be given to Member States to adapt their national systems to the new data requirements laid down in this Regulation.</p></recital><recital xml:id="rec_d58e139"><num>(6)</num><p>The measures provided for in this Regulation are in accordance with the opinion of the Committee for Fisheries and Aquaculture,</p></recital></recitals><formula name="enactingFormula"><p>HAS ADOPTED THIS REGULATION:</p></formula></preamble><body><chapter><num>CHAPTER I</num><heading>GENERAL PROVISIONS</heading><article xml:id="art_d58e158"><num>Article 1</num><heading>Subject matter</heading><paragraph><content><p>This Regulation establishes technical operational requirements for the recording, formatting and transmission of the information as referred to in Article 40(2) of the SMEFF Regulation.</p></content></paragraph></article><article xml:id="art_d58e165"><num>Article 2</num><heading>Definitions</heading><paragraph><num>1.</num><content><p>For the purpose of this Regulation, the definitions set out in Article 3 of the SMEFF Regulation shall apply.</p></content></paragraph><paragraph><num>2.</num><subparagraph><content><p>For the purpose of this Regulation, the following definition shall also apply:</p></content></subparagraph><list><point><num>(a)</num><content><p>&apos;Union fishing fleet database&apos; means the register, kept by the Commission, containing information on all Union fishing vessels in accordance with Implementing Regulation (EU) 2017/218 and supplemented by additional vessel details required in the applications for fishing authorisations under the SMEFF Regulation.</p></content></point><point><num>(b)</num><content><p>&apos;Union fishing authorisations database&apos; means the database set up in accordance with Article 39 of the SMEFF Regulation in order to ensure the exchange of information referred to in Titles II and III of that Regulation.</p></content></point></list></paragraph></article></chapter><chapter><num>CHAPTER II</num><heading>INFORMATION IN THE UNION FISHING AUTHORISATIONS DATABASE</heading><article xml:id="art_d58e209"><num>Article 3</num><heading>Applications for authorisation</heading><paragraph><num>1.</num><content><p>When submitting applications for fishing authorisations in accordance with Article 39(3) of the SMEFF Regulation, Member States and third countries shall file one application per vessel, per agreement, per fishing category and per period.</p></content></paragraph><paragraph><num>2.</num><content><p>The vessel information available in the Union fishing fleet database shall be used by the Union fishing authorisations database to ensure data exchanges on fishing authorisations as required by the SMEFF Regulation.</p></content></paragraph></article><article xml:id="art_d58e224"><num>Article 4</num><heading>Format of the information exchanged</heading><paragraph><num>1.</num><content><p>The format of the information exchanged between Member States, third countries and the Commission in accordance with Articles 11, 18, 22 and 25 of the SMEFF Regulation shall be the Fishing License Authorization &amp; Permit (FLAP) Domain XML Schema Definition based on the United Nations Fisheries Language for Universal Exchange (UN/FLUX) P1000-9 standard.</p></content></paragraph><paragraph><num>2.</num><content><p>Data fields, core components and well-formatted Extensible Markup Language (XML) messages shall comply with the XML Schema Definition (XSD) based on the UN/FLUX standardisation libraries.</p></content></paragraph><paragraph><num>3.</num><content><p>The XSD and codes on the Master Data Register page of the European Commission Fisheries website shall be used.</p></content></paragraph><paragraph><num>4.</num><content><p>Member States shall use the FLAP implementation document available on the European Commission fisheries website to ensure that the correct messages are communicated and the correct procedures are followed for the Union fishing authorisations database.</p></content></paragraph></article><article xml:id="art_d58e250"><num>Article 5</num><heading>Transmission of messages</heading><paragraph><num>1.</num><content><p>The transmission of messages shall be fully automated and immediate, using the transportation layer for fisheries data exchanges as made available by the Commission.</p></content></paragraph><paragraph><num>2.</num><content><p>The sender shall be responsible for communicating the messages in line with the agreed validation and verification rules set out in the FLAP implementation document.</p></content></paragraph><paragraph><num>3.</num><content><p>The receiver of the message shall inform the sender of the reception and of the validation and verification results of the message by transmitting a response message.</p></content></paragraph></article><article xml:id="art_d58e270"><num>Article 6</num><heading>Changes to XML formats and implementation documents</heading><paragraph><num>1.</num><content><p>Amendments to the UN/FLUX FLAP domain XML format and the FLAP implementation document shall be decided by the Commission services in concert with Member States.</p></content></paragraph><paragraph><num>2.</num><content><p>The amendments referred to in paragraph 1 shall not come into effect earlier than 6 months and no later than 18 months after they have been decided. The timing shall be decided by the Commission services in concert with Member States.</p></content></paragraph></article><article xml:id="art_d58e285"><num>Article 7</num><heading>Personal data</heading><paragraph><content><p>Personal data contained in the Union fishing authorisations database shall not be stored for a period longer than 10 years, except if the personal data is necessary to allow the follow up of an infringement, an inspection, or judicial or administrative procedures. In these cases, the personal data may be stored for 20 years. If personal data is retained for a longer period, the data shall be anonymised.</p></content></paragraph></article></chapter><chapter><num>CHAPTER III</num><heading>FINAL PROVISIONS</heading><article xml:id="art_d58e301"><num>Article 8</num><heading>Entry into force</heading><paragraph><content><p>This Regulation shall enter into force on the twentieth day following that of its publication in the <i>Official Journal of the European Union</i>.</p></content></paragraph><paragraph><content><p>It shall apply from 1 December 2020.</p></content></paragraph></article></chapter><clause><content><p>This Regulation shall be binding in its entirety and directly applicable in all Member States.</p></content></clause></body><conclusions><p>Done at Brussels, 16 January 2020.</p><block name="signatory"><signature><organization refersTo="">For the Commission</organization><role refersTo="">The President</role><person refersTo="">Ursula VON DER LEYEN</person></signature></block></conclusions></bill></akomaNtoso>