<?xml version="1.0" encoding="UTF-8"?><akomaNtoso xmlns="http://docs.oasis-open.org/legaldocml/ns/akn/3.0" xmlns:fmx="http://formex.publications.europa.eu/schema/formex-05.21-20110601.xd" xmlns:leos="urn:eu:europa:ec:leos" xmlns:xs="http://www.w3.org/2001/XMLSchema"><bill name=""><meta xmlns:fn="http://www.w3.org/2005/xpath-functions"><identification source="~COM"><FRBRWork><FRBRthis value=""/><FRBRuri value=""/><FRBRdate date="2999-01-01" name=""/><FRBRauthor href=""/><FRBRcountry value=""/></FRBRWork><FRBRExpression><FRBRthis value=""/><FRBRuri value=""/><FRBRdate date="2999-01-01" name=""/><FRBRauthor href=""/><FRBRlanguage language="eng"/></FRBRExpression><FRBRManifestation><FRBRthis value=""/><FRBRuri value=""/><FRBRdate date="2999-01-01" name=""/><FRBRauthor href=""/></FRBRManifestation></identification></meta><preface><longTitle><p><docStage/><docType>COMMISSION IMPLEMENTING REGULATION (EU) 2020/206</docType>of 14 February 2020<docPurpose>authorising the placing on the market of fruit pulp, pulp juice, concentrated pulp juice from Theobroma cacao L. as a traditional food from a third country under Regulation (EU) 2015/2283 of the European Parliament and of the Council and amending Implementing Regulation (EU) 2017/2470</docPurpose></p></longTitle><container name="EEArelevance"><p>(Text with EEA relevance)</p></container></preface><preamble><formula name="actingEntity"><p>THE EUROPEAN COMMISSION,</p></formula><citations><citation><p>Having regard to the Treaty on the Functioning of the European Union,</p></citation><citation><p>Having regard to Regulation (EU) 2015/2283 of the European Parliament and of the Council of 25 November 2015 on novel foods, amending Regulation (EU) No 1169/2011 of the European Parliament and of the Council and repealing Regulation (EC) No 258/97 and Commission Regulation (EC) No 1852/2001<authorialNote placement="bottom" marker="1"><p>OJ L 327, 11.12.2015, p. 1.</p></authorialNote>, and in particular Article 15(4) thereof,</p></citation></citations><recitals xml:id="recs_d295e74"><intro><p>Whereas:</p></intro><recital xml:id="rec_d295e77"><num>(1)</num><p>Regulation (EU) 2015/2283 provides that only novel foods authorised and included in the Union list may be placed on the market within the Union. Traditional food from a third country is a novel food defined in Article 3 of Regulation (EU) 2015/2283.</p></recital><recital xml:id="rec_d295e83"><num>(2)</num><p>Commission Implementing Regulation (EU) 2017/2468<authorialNote placement="bottom" marker="2"><p>Commission Implementing Regulation (EU) 2017/2468 of 20 December 2017 laying down administrative and scientific requirements concerning traditional foods from third countries in accordance with Regulation (EU) 2015/2283 of the European Parliament and of the Council on novel foods (OJ L 351, 30.12.2017, p. 55).</p></authorialNote> lays down administrative and scientific requirements concerning traditional foods from third countries.</p></recital><recital xml:id="rec_d295e99"><num>(3)</num><p>Pursuant to Article 8 of Regulation (EU) 2015/2283, Commission Implementing Regulation (EU) 2017/2470<authorialNote placement="bottom" marker="3"><p>Commission Implementing Regulation (EU) 2017/2470 of 20 December 2017 establishing the Union list of novel foods in accordance with Regulation (EU) 2015/2283 of the European Parliament and of the Council on novel foods (OJ L 351, 30.12.2017, p. 72).</p></authorialNote> establishing a Union list of authorised novel foods was adopted.</p></recital><recital xml:id="rec_d295e115"><num>(4)</num><p>Pursuant to Article 15(4) of Regulation (EU) 2015/2283, the Commission is to decide on the authorisation and on the placing on the Union market of a traditional food from a third country.</p></recital><recital xml:id="rec_d295e121"><num>(5)</num><p>On 30 January 2019 and 28 March 2019, the companies Nestec York Ltd. and Cabosse Naturals NV. (&apos;the applicants&apos;) submitted a notification to the Commission of the intention to place fruit pulp, pulp juice, concentrated pulp juice from <i>Theobroma cacao</i> L. (&apos;Cocoa pulp&apos;) on the Union market as a traditional food from a third country within the meaning of Article 14 of Regulation (EU) 2015/2283. The applicants request for fruit pulp, pulp juice, concentrated pulp juice from <i>Theobroma cacao</i> L. to be consumed as such or as an ingredient by the general population.</p></recital><recital xml:id="rec_d295e148"><num>(6)</num><p>Pursuant to Article 7(2) of Implementing Regulation (EU) 2017/2468, the Commission requested additional information from the applicants as regards the validity of the notification. The requested information was submitted on 12 April 2019 and 20 June 2019.</p></recital><recital xml:id="rec_d295e160"><num>(7)</num><p>The data presented by the applicants demonstrates that fruit pulp, pulp juice, concentrated pulp juice from <i>Theobroma cacao</i> L. have a history of safe food use in Brazil.</p></recital><recital xml:id="rec_d295e169"><num>(8)</num><p>Pursuant to Article 15(1) of Regulation (EU) 2015/2283, on 22 May 2019 and 20 June 2019, the Commission forwarded the valid notifications to the Member States and to the European Food Safety Authority (&apos;the Authority&apos;).</p></recital><recital xml:id="rec_d295e185"><num>(9)</num><p>No duly reasoned safety objections to the placing on the market within the Union of fruit pulp, pulp juice, concentrated pulp juice from <i>Theobroma cacao</i> L. were submitted to the Commission by Member States or the Authority within the four-months period laid down in Article 15(2) of Regulation (EU) 2015/2283.</p></recital><recital xml:id="rec_d295e196"><num>(10)</num><p>The Commission should therefore authorise the placing on the market within the Union of fruit pulp, pulp juice, concentrated pulp juice from <i>Theobroma cacao</i> L. and update the Union list of novel foods.</p></recital><recital xml:id="rec_d295e205"><num>(11)</num><p>Implementing Regulation (EU) 2017/2470 should therefore be amended accordingly,</p></recital></recitals><formula name="enactingFormula"><p>HAS ADOPTED THIS REGULATION:</p></formula></preamble><body><article xml:id="art_d295e214"><num>Article 1</num><heading/><paragraph><num>1.</num><content><p>Fruit pulp, pulp juice, concentrated pulp juice from <i>Theobroma cacao</i> L. as specified in the Annex to this Regulation shall be included in the Union list of authorised novel foods established in Implementing Regulation (EU) 2017/2470.</p></content></paragraph><paragraph><num>2.</num><content><p>The entry in the Union list referred to in paragraph 1 shall include the conditions of use and labelling requirements laid down in the Annex to this Regulation.</p></content></paragraph></article><article xml:id="art_d295e230"><num>Article 2</num><heading/><paragraph><content><p>The Annex to Implementing Regulation (EU) 2017/2470 is amended in accordance with the Annex to this Regulation.</p></content></paragraph></article><article xml:id="art_d295e235"><num>Article 3</num><heading/><paragraph><content><p>This Regulation shall enter into force on the twentieth day following that of its publication in <i>the Official Journal of the European Union</i>.</p></content></paragraph></article><clause><content><p>This Regulation shall be binding in its entirety and directly applicable in all Member States.</p></content></clause></body><conclusions><p>Done at Brussels, 14 February 2020.</p><block name="signatory"><signature><organization refersTo="">For the Commission</organization><role refersTo="">The President</role><person refersTo="">Ursula VON DER LEYEN</person></signature></block></conclusions></bill></akomaNtoso>