<?xml version="1.0" encoding="UTF-8"?><akomaNtoso xmlns="http://docs.oasis-open.org/legaldocml/ns/akn/3.0" xmlns:fmx="http://formex.publications.europa.eu/schema/formex-05.21-20110601.xd" xmlns:leos="urn:eu:europa:ec:leos" xmlns:xs="http://www.w3.org/2001/XMLSchema"><bill name=""><meta xmlns:fn="http://www.w3.org/2005/xpath-functions"><identification source="~COM"><FRBRWork><FRBRthis value=""/><FRBRuri value=""/><FRBRdate date="2999-01-01" name=""/><FRBRauthor href=""/><FRBRcountry value=""/></FRBRWork><FRBRExpression><FRBRthis value=""/><FRBRuri value=""/><FRBRdate date="2999-01-01" name=""/><FRBRauthor href=""/><FRBRlanguage language="eng"/></FRBRExpression><FRBRManifestation><FRBRthis value=""/><FRBRuri value=""/><FRBRdate date="2999-01-01" name=""/><FRBRauthor href=""/></FRBRManifestation></identification></meta><preface><longTitle><p><docStage/><docType>COMMISSION REGULATION (EU) 2020/279</docType>of 27 February 2020<docPurpose>amending Annex II to Regulation (EC) No 1333/2008 of the European Parliament and of the Council as regards the use of soybean hemicellulose (E 426)</docPurpose></p></longTitle><container name="EEArelevance"><p>(Text with EEA relevance)</p></container></preface><preamble><formula name="actingEntity"><p>THE EUROPEAN COMMISSION,</p></formula><citations><citation><p>Having regard to the Treaty on the Functioning of the European Union,</p></citation><citation><p>Having regard to Regulation (EC) No 1333/2008 of the European Parliament and of the Council of 16 December 2008 on food additives<authorialNote placement="bottom" marker="1"><p>OJ L 354, 31.12.2008, p. 16.</p></authorialNote>, and in particular Article 10(3) thereof,</p></citation></citations><recitals xml:id="recs_d215e71"><intro><p>Whereas:</p></intro><recital xml:id="rec_d215e74"><num>(1)</num><p>Annex II to Regulation (EC) No 1333/2008 lays down a Union list of food additives approved for use in food and their conditions of use.</p></recital><recital xml:id="rec_d215e80"><num>(2)</num><p>That list may be updated in accordance with the common procedure referred to in Article 3(1) of Regulation (EC) No 1331/2008 of the European Parliament and of the Council<authorialNote placement="bottom" marker="2"><p>Regulation (EC) No 1331/2008 of the European Parliament and of the Council of 16 December 2008 establishing a common authorisation procedure for food additives, food enzymes and food flavourings (OJ L 354, 31.12.2008, p. 1).</p></authorialNote>, either on the initiative of the Commission or following an application.</p></recital><recital xml:id="rec_d215e96"><num>(3)</num><p>Pursuant to Annex II to Regulation (EC) No 1333/2008, soybean hemicellulose (E 426) is currently authorised for use as a food additive in a wide variety of foods at maximum levels ranging between 1500 and 30000 mg/kg.</p></recital><recital xml:id="rec_d215e108"><num>(4)</num><p>On 16 August 2017, an application was submitted for the extension of use of soybean hemicellulose (E 426) as a stabiliser in flavoured fermented milk products and flavoured drinks. The application was subsequently made available to the Member States pursuant to Article 4 of Regulation (EC) No 1331/2008.</p></recital><recital xml:id="rec_d215e117"><num>(5)</num><p>Soybean hemicellulose (E 426), when used as a stabiliser in flavoured fermented milk products and flavoured drinks, prevents an agglomeration and precipitation of proteins and phase separation under acidic conditions.</p></recital><recital xml:id="rec_d215e123"><num>(6)</num><p>Pursuant to Article 3(2) of Regulation (EC) No 1331/2008, the Commission has to seek the opinion of the European Food Safety Authority (&apos;the Authority&apos;) in order to update the Union list of food additives set out in Annex II to Regulation (EC) No 1333/2008, except where the update in question is not liable to have an effect on human health.</p></recital><recital xml:id="rec_d215e133"><num>(7)</num><p>On 14 March 2017, the Authority published a scientific opinion re-evaluating the safety of soybean hemicellulose (E 426) as a food additive<authorialNote placement="bottom" marker="3"><p><i>EFSA Journal</i> 2017;15(3):4721.</p></authorialNote>. The Authority concluded that it is very unlikely that there is a safety concern from the current use of soybean hemicellulose (E 426) as a food additive, and that there is no need for a numerical acceptable daily intake (ADI). Such conclusion is used for substances of a very low safety concern and only if there is reliable information for both exposure and toxicity and there is a low probability of adverse health effects in humans at doses that do not induce nutritional imbalance in animals<authorialNote placement="bottom" marker="4"><p><i>EFSA Journal</i> 2014;12(6):3697, Statement on a conceptual framework for the risk assessment of certain food additives re-evaluated under Commission Regulation (EU) No 257/2010.</p></authorialNote>.</p></recital><recital xml:id="rec_d215e155"><num>(8)</num><p>Part C of Annex II to Regulation (EC) No 1333/2008 defines all groups of additives. In general, Group I of Part C lists food additives, except for colours and sweeteners, for which there is no need for a numerical acceptable daily intake and which are authorised for use in many foods in accordance with <i>quantum satis</i> principle as defined in Article 3(2)(h) of that Regulation.</p></recital><recital xml:id="rec_d215e164"><num>(9)</num><p>The outcome of the safety assessment of soybean hemicellulose (E 426) allows its inclusion in Group I of Part C of Annex II to Regulation (EC) No 1333/2008. Since in accordance with Part E of Annex II to Regulation (EC) No 1333/2008 the use of Group I additives is already permitted in flavoured fermented milk products and flavoured drinks, the inclusion of soybean hemicellulose (E 426) in Group I would address the requested extension of use. The inclusion of soybean hemicellulose (E 426) in Group I would also make redundant the existing entries for soybean hemicellulose (E 426) in Part E of Annex II to Regulation (EC) No 1333/2008 since the use of Group I additives is permitted in all the concerned food categories, and they should be therefore deleted. Similarly, the existing reference to the maximum level of soybean hemicellulose (E 426) in the introduction part for food category 17 (Food supplements as defined in Directive 2002/46/EC of the European Parliament and of the Council<authorialNote placement="bottom" marker="5"><p>Directive 2002/46/EC of the European Parliament and of the Council of 10 June 2002 on the approximation of the laws of the Member States relating to food supplements (OJ L 183, 12.7.2002, p. 51).</p></authorialNote>) in Part E of Annex II to Regulation (EC) No 1333/2008 should be deleted, since within Group I soybean hemicellulose (E 426) is to be authorised in accordance with the <i>quantum satis</i> principle.</p></recital><recital xml:id="rec_d215e184"><num>(10)</num><p>Annex II to Regulation (EC) No 1333/2008 should therefore be amended accordingly.</p></recital><recital xml:id="rec_d215e190"><num>(11)</num><p>The measures provided for in this Regulation are in accordance with the opinion of the Standing Committee on Plants, Animals, Food and Feed,</p></recital></recitals><formula name="enactingFormula"><p>HAS ADOPTED THIS REGULATION:</p></formula></preamble><body><article xml:id="art_d215e199"><num>Article 1</num><heading/><paragraph><content><p>Annex II to Regulation (EC) No 1333/2008 is amended in accordance with the Annex to this Regulation.</p></content></paragraph></article><article xml:id="art_d215e204"><num>Article 2</num><heading/><paragraph><content><p>This Regulation shall enter into force on the twentieth day following that of its publication in the <i>Official Journal of the European Union</i>.</p></content></paragraph></article><clause><content><p>This Regulation shall be binding in its entirety and directly applicable in all Member States.</p></content></clause></body><conclusions><p>Done at Brussels, 27 February 2020.</p><block name="signatory"><signature><organization refersTo="">For the Commission</organization><role refersTo="">The President</role><person refersTo="">Ursula VON DER LEYEN</person></signature></block></conclusions></bill></akomaNtoso>