<?xml version="1.0" encoding="UTF-8"?>L0202020EN2410120191127EN0004241241<p xmlns="http://docs.oasis-open.org/legaldocml/ns/akn/3.0">Corrigendum to Directive (EU) 2019/2121 of the European Parliament and of the Council of 27 November 2019 amending Directive (EU) 2017/1132 as regards cross-border conversions, mergers and divisions</p><p xmlns="http://docs.oasis-open.org/legaldocml/ns/akn/3.0">(Official Journal of the European Union L 321 of 12 December 2019)</p>On page 11, Article 1, point (3)(c):<p xmlns="http://docs.oasis-open.org/legaldocml/ns/akn/3.0"><!--default P | TXT -->for:</p><mod xmlns="http://docs.oasis-open.org/legaldocml/ns/akn/3.0"><quotedStructure startQuote="" endQuote=""><p><!--default P | TXT --><list><indent><num> </num><content><p>&apos;<!-- <leos:unknown><QUOT.START xmlns="" xmlns:xsi="http://www.w3.org/2001/XMLSchema-instance" CODE="201D" ID="QS0002" REF.END="QE0002"/></leo:unknown> -->The Commission shall adopt the implementing acts referred to in point (ea) by 2 July 2020.&quot;&apos;,</p></content></indent></list></p></quotedStructure></mod><p xmlns="http://docs.oasis-open.org/legaldocml/ns/akn/3.0"><!--default P | TXT -->read:</p><mod xmlns="http://docs.oasis-open.org/legaldocml/ns/akn/3.0"><quotedStructure startQuote="" endQuote=""><p><!--default P | TXT --><list><indent><num> </num><content><p>&apos;<!-- <leos:unknown><QUOT.START xmlns="" xmlns:xsi="http://www.w3.org/2001/XMLSchema-instance" CODE="201D" ID="QS0004" REF.END="QE0004"/></leo:unknown> -->The Commission shall adopt the implementing acts referred to in point (ea) by 2 July 2021.&quot;&apos;.</p></content></indent></list></p></quotedStructure></mod>