<?xml version="1.0" encoding="UTF-8"?><akomaNtoso xmlns="http://docs.oasis-open.org/legaldocml/ns/akn/3.0" xmlns:fmx="http://formex.publications.europa.eu/schema/formex-05.21-20110601.xd" xmlns:leos="urn:eu:europa:ec:leos" xmlns:xs="http://www.w3.org/2001/XMLSchema"><bill name=""><meta xmlns:fn="http://www.w3.org/2005/xpath-functions"><identification source="~COM"><FRBRWork><FRBRthis value=""/><FRBRuri value=""/><FRBRdate date="2999-01-01" name=""/><FRBRauthor href=""/><FRBRcountry value=""/></FRBRWork><FRBRExpression><FRBRthis value=""/><FRBRuri value=""/><FRBRdate date="2999-01-01" name=""/><FRBRauthor href=""/><FRBRlanguage language="eng"/></FRBRExpression><FRBRManifestation><FRBRthis value=""/><FRBRuri value=""/><FRBRdate date="2999-01-01" name=""/><FRBRauthor href=""/></FRBRManifestation></identification></meta><preface><longTitle><p><docStage/><docType>COMMISSION IMPLEMENTING REGULATION (EU) 2020/502</docType>of 6 April 2020<docPurpose>on certain commercial policy measures concerning certain products originating in the United States of America</docPurpose></p></longTitle></preface><preamble><formula name="actingEntity"><p>THE EUROPEAN COMMISSION,</p></formula><citations><citation><p>Having regard to the Treaty on the Functioning of the European Union,</p></citation><citation><p>Having regard to Regulation (EU) No 654/2014 of the European Parliament and of the Council of 15 May 2014 concerning the exercise of the Union&apos;s rights for the application and enforcement of international trade rules<authorialNote placement="bottom" marker="1"><p>Regulation (EU) No 654/2014 of the European Parliament and of the Council of 15 May 2014 concerning the exercise of the Union&apos;s rights for the application and enforcement of international trade rules and amending Council Regulation (EC) No 3286/94 laying down Community procedures in the field of the common commercial policy in order to ensure the exercise of the Community&apos;s rights under international trade rules, in particular those established under the auspices of the World Trade Organization (OJ L 189, 27.6.2014, p. 50).</p></authorialNote>, and in particular Article 4(1) thereof,</p></citation></citations><recitals xml:id="recs_d287e72"><intro><p>Whereas:</p></intro><recital xml:id="rec_d287e75"><num>(1)</num><p>On 24 January 2020 the United States of America (&quot;United States&quot;) adopted safeguard measures in the form of a tariff increase on imports of certain derivative aluminium products and certain derivative steel products, effective from 8 February 2020, with an unlimited duration.</p></recital><recital xml:id="rec_d287e91"><num>(2)</num><p>Notwithstanding the United States&apos; characterisation of these measures as security measures, they are in essence safeguard measures. They consist of remedial action that disturbs the balance of concessions and obligations resulting from the Agreement Establishing the World Trade Organization (&quot;WTO&quot;) and restricts imports for the purpose of protecting domestic industry against foreign competition, for the sake of that industry&apos;s commercial prosperity. The security exceptions of the General Agreement on Tariffs and Trade 1994 (&quot;GATT 1994&quot;) do not apply to or justify such safeguard measures, and have no bearing on the right of rebalancing under the relevant provisions of the WTO Agreement.</p></recital><recital xml:id="rec_d287e105"><num>(3)</num><p>The WTO Agreement on Safeguards provides for the right of any exporting Member affected by a safeguard measure to suspend the application of substantially equivalent obligations under the GATT 1994 to the trade of the WTO Member applying the safeguard measure, provided that no satisfactory solution is reached in consultations between those Members and that the WTO Council for Trade in Goods does not disapprove.</p></recital><recital xml:id="rec_d287e111"><num>(4)</num><p>Consultations between the United States and the Union as envisaged in Articles 8 and 12.3 of the WTO Agreement on Safeguards did not result in any satisfactory solution<authorialNote placement="bottom" marker="2"><p>Consultations were requested by the Union on 6 March 2020. Agreement has not been reached and the 30 days period for consultations referred to in Article 8 of the WTO Safeguards Agreement has expired.</p></authorialNote>.</p></recital><recital xml:id="rec_d287e124"><num>(5)</num><p>The suspension by the Union of substantially equivalent concessions or other obligations should take effect following the expiration of 30 days after its notification to the Council for Trade in Goods, unless the Council for Trade in Goods disapproves.</p></recital><recital xml:id="rec_d287e130"><num>(6)</num><p>The WTO Agreement allows for the right of suspension to be exercised (a) immediately, provided that the safeguard measure has not been taken as a result of an absolute increase in imports, or does not conform to the relevant provisions of the WTO Agreement, or (b) after the expiry of a period of three years as from the application of the safeguard measure.</p></recital><recital xml:id="rec_d287e136"><num>(7)</num><p>The United States&apos; safeguard measures are capable of having a considerable negative economic impact on the Union industries concerned. They would significantly limit Union exports of the relevant derivative aluminium products and the relevant derivative steel products to the United States. The affected Union imports of the relevant derivative aluminium and steel products into the United States are worth nearly EUR 40 million in 2019.</p></recital><recital xml:id="rec_d287e143"><num>(8)</num><p>Therefore, a suspension of trade concessions in the form of an increase in customs duties on selected products originating in the United States imported into the Union, which reflect and do not exceed the amount that would result from the application of the United States&apos; duties to the imports of the relevant derivative aluminium products and the relevant derivative steel products from the Union into the United States, represents an appropriate suspension of the application of substantially equivalent trade concessions in line with the WTO Agreement on Safeguards.</p></recital><recital xml:id="rec_d287e149"><num>(9)</num><p>The Commission exercises the right to rebalance concessions in the trade relations with third countries on the basis of Article 4(1) of Regulation (EU) No 654/2014. The appropriate action takes the form of commercial policy measures, which should consist of the suspension of tariff concessions and the imposition of new or increased customs duties.</p></recital><recital xml:id="rec_d287e156"><num>(10)</num><p>In designing and selecting these measures, the Commission has applied objective criteria in accordance with Article 4(2)(c) and Article 4(3) of Regulation (EU) No 654/2014, including as relevant the proportionality of any measures, their potential to provide relief to the Union industries affected by the safeguard measures, and the aim of minimising negative economic impact on the Union. In line with Article 9 of Regulation (EU) No 654/2014, the Commission has provided an opportunity for stakeholders to express their views and submit information regarding the relevant Union&apos;s economic interests<authorialNote placement="bottom" marker="3"><p>https://trade.ec.europa.eu/consultations/index.cfm?consul_id=264</p></authorialNote>.</p></recital><recital xml:id="rec_d287e166"><num>(11)</num><p>Accordingly, the Commission has ensured that the additional customs duties are proportionate to the effect of the United States&apos; safeguard measures and not excessive, as described in recitals (8), (16) and (18).</p></recital><recital xml:id="rec_d287e172"><num>(12)</num><p>Furthermore, the selected measures have the potential to provide some relief to the Union steel and aluminium industries affected by the United States&apos; safeguard measures.</p></recital><recital xml:id="rec_d287e178"><num>(13)</num><p>Finally, these measures concern imports of products originating in the United States on which the Union is not substantially dependent for its supply. This approach avoids as much as possible a negative impact on the various actors on the Union market, including consumers.</p></recital><recital xml:id="rec_d287e184"><num>(14)</num><p>Reflecting the timing requirements described in recital (6), and absent disapproval by the Council for Trade in Goods as referred to in recital (5), the additional customs duties should apply in two stages.</p></recital><recital xml:id="rec_d287e190"><num>(15)</num><p>At the first stage, an <i>ad valorem</i> duty of 20 % and 7 % on imports of the products specified in Article 1(2)(a), should be applied from 8 May 2020 and until the United States ceases to apply its safeguard measures to products from the Union.</p></recital><recital xml:id="rec_d287e202"><num>(16)</num><p>The total amount of <i>ad valorem</i> duties at the first stage reflects the United States&apos; tariff increase of 10 % and 25 % on imports of bumper stampings of aluminium, comprising parts and accessories of the motor vehicles of headings 8701 to 8705, and bumper stampings of steel, comprising parts and accessories of the motor vehicles of headings 8701 to 8705 (both described in HTS<authorialNote placement="bottom" marker="4"><p>The Harmonised Tariff Schedule of the United States&apos; codes as referred to in Proclamation 9980 of January 24, 2020, Adjusting Imports of Derivative Aluminum Articles and Derivative Steel Articles Into the United States, Federal Register vol. 85, no. 19, January 29, 2020 and the Annexes to it (https://www.whitehouse.gov/presidential-actions/proclamation-adjusting-imports-derivative-aluminum-articles-derivative-steel-articles-united-states/).</p></authorialNote> code 87081030), and body stampings of aluminium for tractors suitable for agricultural use and body stampings of steel for tractors suitable for agricultural use (both described in HTS code 87082921)<authorialNote placement="bottom" marker="5"><p>Products referred to by Proclamation 9980 of January 24, 2020, Adjusting Imports of Derivative Aluminum Articles and Derivative Steel Articles Into the United States, Federal Register vol. 85, no. 19, January 29, 2020 and the Annexes to it (https://www.whitehouse.gov/presidential-actions/proclamation-adjusting-imports-derivative-aluminum-articles-derivative-steel-articles-united-states/).</p></authorialNote> from the Union into the United States (EUR 19 million total value of Union imports into the United States in 2019). These are the products for which the United States&apos; safeguard measures have not been taken as a result of an absolute increase in imports.</p></recital><recital xml:id="rec_d287e237"><num>(17)</num><p>At the second stage, a further additional <i>ad valorem</i> duty of 4,4 % on imports of the product specified in Article 1(2)(b), should be applied as from 8 February 2023 or upon the adoption by, or notification to, the WTO Dispute Settlement Body of a ruling that the United States&apos; safeguard measures are inconsistent with the relevant provisions of the WTO Agreement, if that is earlier, until the United States&apos; safeguard measures cease to apply.</p></recital><recital xml:id="rec_d287e250"><num>(18)</num><p>The total amount of <i>ad valorem</i> duties at the second stage reflects the United States&apos; tariff increase of 10 % and 25 % on imports of the rest of the relevant products from the Union into the United States<authorialNote placement="bottom" marker="6"><p>Products referred to by Proclamation 9980 of January 24, 2020, Adjusting Imports of Derivative Aluminum Articles and Derivative Steel Articles Into the United States, Federal Register vol. 85, no. 19, January 29, 2020 (https://www.whitehouse.gov/presidential-actions/proclamation-adjusting-imports-derivative-aluminum-articles-derivative-steel-articles-united-states/).</p></authorialNote> (EUR 21 million total value of Union imports into the United States in 2019). These are the products for which the United States&apos; safeguard measures may have been taken as a result of an absolute increase in imports.</p></recital><recital xml:id="rec_d287e269"><num>(19)</num><p>The Commission may amend this Regulation to account for any modification of or amendment to the United States&apos; safeguard measures, including through product or company exclusion.</p></recital><recital xml:id="rec_d287e276"><num>(20)</num><p>This Regulation is without prejudice to the question of the consistency of the United States&apos; safeguard measures with the relevant provisions of the WTO Agreement.</p></recital><recital xml:id="rec_d287e282"><num>(21)</num><p>In light of the applicable WTO time limits, it is appropriate that this act should enter into force on the day on which it is published in the <i>Official Journal of the European Union</i>.</p></recital><recital xml:id="rec_d287e291"><num>(22)</num><p>The measures provided for in this Regulation are in accordance with the opinion of the Trade Barriers Committee, established by Regulation (EU) 2015/1843 of the European Parliament and of the Council<authorialNote placement="bottom" marker="7"><p>Regulation (EU) 2015/1843 of the European Parliament and of the Council of 6 October 2015 laying down Union procedures in the field of the common commercial policy in order to ensure the exercise of the Union&apos;s rights under international trade rules, in particular those established under the auspices of the World Trade Organization (codification) (OJ L 272, 16.10.2015, p. 1).</p></authorialNote>,</p></recital></recitals><formula name="enactingFormula"><p>HAS ADOPTED THIS REGULATION:</p></formula></preamble><body><article xml:id="art_d287e310"><num>Article 1</num><heading/><paragraph><num>1.</num><content><p>The Commission shall immediately, and in any event no later than 7 April 2020, give written notice to the WTO Council for Trade in Goods that, absent disapproval by the Council for Trade in Goods, the Union suspends, from 8 May 2020, the application to the trade of the United States of import duty concessions under the GATT 1994 in respect of the products listed in paragraph 2.</p></content></paragraph><paragraph><num>2.</num><subparagraph><content><p>As a consequence, the Union shall apply additional customs duties on imports into the Union of the products listed below and originating in the United States, as follows:</p></content></subparagraph><list><point><num>(a)</num><alinea><content><p>At the first stage, additional <i>ad valorem</i> duties of 20 % and 7 % shall be applied from 8 May 2020 on imports of the products specified as follows:</p></content></alinea><alinea><content><table class="TBL"><authorialNote placement="bottom" marker="8"><p>The nomenclature codes are taken from the Combined Nomenclature as defined in Article 1(2) of Council Regulation (EEC) No 2658/87 of 23 July 1987 on the tariff and statistical nomenclature and on the Common Customs Tariff (OJ L 256, 7.9.1987, p. 1) and as set out in Annex I thereto, which are valid at the time of publication of this Regulation and mutatis mutandis as amended by subsequent legislation, including most recently Commission Implementing Regulation (EU) 2019/1776 of 9 October 2019 amending Annex I to Council Regulation (EEC) No 2658/87 on the tariff and statistical nomenclature and on the Common Customs Tariff (OJ L 280, 31.10.2019, p. 1).</p></authorialNote><tr><th><p>CN code<authorialNote placement="bottom" marker="9"/></p></th><th><p>Additional ad valorem duty</p></th></tr><tr><td><p>96138000</p></td><td><p>20 %</p></td></tr><tr><td><p>39263000</p></td><td><p>7 %</p></td></tr></table></content></alinea></point><point><num>(b)</num><alinea><content><p>At the second stage, an additional <i>ad valorem</i> duty of 4,4 % shall be further applied on imports of the product specified as follows, from:</p></content></alinea><list><indent><num>-</num><content><p>8 February 2023; or</p></content></indent><indent><num>-</num><alinea><content><p>the fifth day following the date of the adoption by, or notification to, the WTO Dispute Settlement Body of a ruling that the United States&apos; safeguard measures are inconsistent with the relevant provisions of the WTO Agreement, if that is earlier. In the latter event, the Commission shall publish in the <i>Official Journal of the European Union</i> a notice indicating the date on which such ruling is adopted or notified:</p></content></alinea><alinea><content><table class="TBL"><authorialNote placement="bottom" marker="10"><p>The nomenclature codes are taken from the Combined Nomenclature as defined in Article 1(2) of Council Regulation (EEC) No 2658/87 of 23 July 1987 on the tariff and statistical nomenclature and on the Common Customs Tariff (OJ L 256, 7.9.1987, p. 1) and as set out in Annex I thereto, which are valid at the time of publication of this Regulation and mutatis mutandis as amended by subsequent legislation, including most recently Commission Implementing Regulation (EU) 2019/1776 of 9 October 2019 amending Annex I to Council Regulation (EEC) No 2658/87 on the tariff and statistical nomenclature and on the Common Customs Tariff (OJ L 280, 31.10.2019, p. 1).</p></authorialNote><tr><th><p>CN code<authorialNote placement="bottom" marker="11"/></p></th><th><p>Additional ad valorem duty</p></th></tr><tr><td><p>95044000</p></td><td><p>4,4 %</p></td></tr></table></content></alinea></indent></list></point></list></paragraph></article><article xml:id="art_d287e434"><num>Article 2</num><heading/><paragraph><content><p>The Union shall apply the additional customs duties provided for in Article 1 as long as, and to the extent that, the United States applies or re-applies its safeguard measures in a manner that would affect products from the Union. The Commission shall publish in the <i>Official Journal of the European Union</i> a notice indicating the date on which the United States has ceased to apply its safeguard measures.</p></content></paragraph></article><article xml:id="art_d287e442"><num>Article 3</num><heading/><paragraph><content><p>This Regulation shall enter into force on the day of its publication in the <i>Official Journal of the European Union</i>.</p></content></paragraph></article><clause><content><p>This Regulation shall be binding in its entirety and directly applicable in all Member States.</p></content></clause></body><conclusions><p>Done at Brussels, 6 April 2020.</p><block name="signatory"><signature><organization refersTo="">For the Commission</organization><role refersTo="">The President</role><person refersTo="">Ursula VON DER LEYEN</person></signature></block></conclusions></bill></akomaNtoso>