<?xml version="1.0" encoding="UTF-8"?><akomaNtoso xmlns="http://docs.oasis-open.org/legaldocml/ns/akn/3.0" xmlns:fmx="http://formex.publications.europa.eu/schema/formex-05.21-20110601.xd" xmlns:leos="urn:eu:europa:ec:leos" xmlns:xs="http://www.w3.org/2001/XMLSchema"><bill name=""><meta xmlns:fn="http://www.w3.org/2005/xpath-functions"><identification source="~COM"><FRBRWork><FRBRthis value=""/><FRBRuri value=""/><FRBRdate date="2999-01-01" name=""/><FRBRauthor href=""/><FRBRcountry value=""/></FRBRWork><FRBRExpression><FRBRthis value=""/><FRBRuri value=""/><FRBRdate date="2999-01-01" name=""/><FRBRauthor href=""/><FRBRlanguage language="eng"/></FRBRExpression><FRBRManifestation><FRBRthis value=""/><FRBRuri value=""/><FRBRdate date="2999-01-01" name=""/><FRBRauthor href=""/></FRBRManifestation></identification></meta><preface><longTitle><p><docStage/><docType>COUNCIL DECISION (EU) 2020/101</docType>of 20 January 2020<docPurpose>appointing a member, proposed by the Republic of Poland of the Committee of the Regions</docPurpose></p></longTitle></preface><preamble><formula name="actingEntity"><p>THE COUNCIL OF THE EUROPEAN UNION,</p></formula><citations><citation><p>Having regard to the Treaty on the Functioning of the European Union, and in particular Article 305 thereof,</p></citation><citation><p>Having regard to the proposal of the Polish Government,</p></citation></citations><recitals xml:id="recs_d38e59"><intro><p>Whereas:</p></intro><recital xml:id="rec_d38e62"><num>(1)</num><p>On 26 January 2015, 5 February 2015 and 23 June 2015, the Council adopted Decisions (EU) 2015/116<authorialNote placement="bottom" marker="1"><p>Council Decision (EU) 2015/116 of 26 January 2015 appointing the members and alternate members of the Committee of the Regions for the period from 26 January 2015 to 25 January 2020 (OJ L 20, 27.1.2015, p. 42).</p></authorialNote>, (EU) 2015/190<authorialNote placement="bottom" marker="2"><p>Council Decision (EU) 2015/190 of 5 February 2015 appointing the members and alternate members of the Committee of the Regions for the period from 26 January 2015 to 25 January 2020 (OJ L 31, 7.2.2015, p. 25).</p></authorialNote> and (EU) 2015/994<authorialNote placement="bottom" marker="3"><p>Council Decision (EU) 2015/994 of 23 June 2015 appointing the members and alternate members of the Committee of the Regions for the period from 26 January 2015 to 25 January 2020 (OJ L 159, 25.6.2015, p. 70).</p></authorialNote> appointing the members and alternate members of the Committee of the Regions for the period from 26 January 2015 to 25 January 2020.</p></recital><recital xml:id="rec_d38e132"><num>(2)</num><p>A member seat on the Committee of the Regions has become vacant following the end of the term of office of Mr Marek OLSZEWSKI,</p></recital></recitals><formula name="enactingFormula"><p>HAS ADOPTED THIS DECISION:</p></formula></preamble><body><article xml:id="art_d38e141"><num>Article 1</num><heading/><paragraph><subparagraph><content><p>The following is hereby appointed as a member to the Committee of the Regions for the remainder of the current term of office, which runs until 25 January 2020:</p></content></subparagraph><list><indent><num>-</num><content><p>Mr Krzysztof IWANIUK, <i>Wójt Gminy Terespol.</i></p></content></indent></list></paragraph></article><article xml:id="art_d38e156"><num>Article 2</num><heading/><paragraph><content><p>This Decision shall enter into force on the date of its adoption.</p></content></paragraph></article></body><conclusions><p>Done at Brussels, 20 January 2020.</p><block name="signatory"><signature><organization refersTo="">For the Council</organization><role refersTo="">The President</role><person refersTo="">J. BORRELL FONTELLES</person></signature></block></conclusions></bill></akomaNtoso>