<?xml version="1.0" encoding="UTF-8"?><akomaNtoso xmlns="http://docs.oasis-open.org/legaldocml/ns/akn/3.0" xmlns:fmx="http://formex.publications.europa.eu/schema/formex-05.21-20110601.xd" xmlns:leos="urn:eu:europa:ec:leos" xmlns:xs="http://www.w3.org/2001/XMLSchema"><bill name=""><meta xmlns:fn="http://www.w3.org/2005/xpath-functions"><identification source="~COM"><FRBRWork><FRBRthis value=""/><FRBRuri value=""/><FRBRdate date="2999-01-01" name=""/><FRBRauthor href=""/><FRBRcountry value=""/></FRBRWork><FRBRExpression><FRBRthis value=""/><FRBRuri value=""/><FRBRdate date="2999-01-01" name=""/><FRBRauthor href=""/><FRBRlanguage language="eng"/></FRBRExpression><FRBRManifestation><FRBRthis value=""/><FRBRuri value=""/><FRBRdate date="2999-01-01" name=""/><FRBRauthor href=""/></FRBRManifestation></identification></meta><preface><longTitle><p><docStage/><docType>COUNCIL DECISION (CFSP) 2020/214</docType>of 17 February 2020<docPurpose>amending Decision 2012/642/CFSP concerning restrictive measures against Belarus</docPurpose></p></longTitle></preface><preamble><formula name="actingEntity"><p>THE COUNCIL OF THE EUROPEAN UNION,</p></formula><citations><citation><p>Having regard to the Treaty on European Union, and in particular Article 29 thereof,</p></citation><citation><p>Having regard to the proposal from the High Representative of the Union for Foreign Affairs and Security Policy,</p></citation></citations><recitals xml:id="recs_d304e59"><intro><p>Whereas:</p></intro><recital xml:id="rec_d304e62"><num>(1)</num><p>On 15 October 2012, the Council adopted Decision 2012/642/CFSP<authorialNote placement="bottom" marker="1"><p>Council Decision 2012/642/CFSP of 15 October 2012 concerning restrictive measures against Belarus (OJ L 285, 17.10.2012, p. 1).</p></authorialNote> concerning restrictive measures against Belarus.</p></recital><recital xml:id="rec_d304e81"><num>(2)</num><p>On the basis of a review of that Decision, the restrictive measures against Belarus should be extended until 28 February 2021.</p></recital><recital xml:id="rec_d304e90"><num>(3)</num><p>Decision 2012/642/CFSP should therefore be amended accordingly,</p></recital></recitals><formula name="enactingFormula"><p>HAS ADOPTED THIS DECISION:</p></formula></preamble><body><article xml:id="art_d304e99" leos:compliant="false"><num>Article 1</num><heading/><paragraph><content><p>Article 8 of Decision 2012/642/CFSP is replaced by the following:</p></content></paragraph><paragraph><content><p><mod><quotedStructure startQuote="" endQuote=""><article xml:id="art_d304e106"><num>&apos;Article 8</num><heading/><paragraph><num>1.</num><content><p>This Decision shall apply until 28 February 2021.</p></content></paragraph><paragraph><num>2.</num><content><p>This Decision shall be kept under constant review and shall be renewed or amended, as appropriate, if the Council deems that its objectives have not been met.&apos;.</p></content></paragraph></article></quotedStructure></mod></p></content></paragraph></article><article xml:id="art_d304e125"><num>Article 2</num><heading/><paragraph><content><p>This Decision shall enter into force on the day following that of its publication in the <i>Official Journal of the European Union</i>.</p></content></paragraph></article></body><conclusions><p>Done at Brussels, 17 February 2020.</p><block name="signatory"><signature><organization refersTo="">For the Council</organization><role refersTo="">The President</role><person refersTo="">J. BORRELL FONTELLES.</person></signature></block></conclusions></bill></akomaNtoso>