<?xml version="1.0" encoding="UTF-8"?><akomaNtoso xmlns="http://docs.oasis-open.org/legaldocml/ns/akn/3.0" xmlns:fmx="http://formex.publications.europa.eu/schema/formex-05.21-20110601.xd" xmlns:leos="urn:eu:europa:ec:leos" xmlns:xs="http://www.w3.org/2001/XMLSchema"><bill name=""><meta xmlns:fn="http://www.w3.org/2005/xpath-functions"><identification source="~COM"><FRBRWork><FRBRthis value=""/><FRBRuri value=""/><FRBRdate date="2999-01-01" name=""/><FRBRauthor href=""/><FRBRcountry value=""/></FRBRWork><FRBRExpression><FRBRthis value=""/><FRBRuri value=""/><FRBRdate date="2999-01-01" name=""/><FRBRauthor href=""/><FRBRlanguage language="eng"/></FRBRExpression><FRBRManifestation><FRBRthis value=""/><FRBRuri value=""/><FRBRdate date="2999-01-01" name=""/><FRBRauthor href=""/></FRBRManifestation></identification></meta><preface><longTitle><p><docStage/><docType>DECISION (EU) 2020/441 OF THE EUROPEAN CENTRAL BANK</docType>of 24 March 2020<docPurpose>amending Decision (EU) 2016/948 of the European Central Bank on the implementation of the corporate sector purchase programme</docPurpose></p></longTitle><container name="EEArelevance"><p>(ECB/2020/18)</p></container></preface><preamble><formula name="actingEntity"><p>THE GOVERNING COUNCIL OF THE EUROPEAN CENTRAL BANK,</p></formula><citations><citation><p>Having regard to the Treaty on the Functioning of the European Union, and in particular the first indent of Article 127(2) thereof,</p></citation><citation><p>Having regard to the Statute of the European System of Central Banks and of the European Central Bank, and in particular to the second subparagraph of Article 12.1 in conjunction with the first indent of Article 3.1, and Article 18.1 thereof,</p></citation></citations><recitals xml:id="recs_d253e63"><intro><p>Whereas:</p></intro><recital xml:id="rec_d253e66"><num>(1)</num><p>In accordance with Article 18.1 of the Statute of the European System of Central Banks and of the European Central Bank, the European Central Bank (ECB), together with the national central banks of the Member States whose currency is the euro (hereinafter the &apos;NCBs&apos;) may operate in the financial markets by, among other things, buying and selling marketable instruments outright, in order to achieve the objectives of the European System of Central Banks.</p></recital><recital xml:id="rec_d253e76"><num>(2)</num><p>Decision (EU) 2016/948 of the European Central Bank (ECB/2016/16)<authorialNote placement="bottom" marker="1"><p>Decision (EU) 2016/948 of the European Central Bank of 1 June 2016 on the implementation of the corporate sector purchase programme (ECB/2016/16) (OJ L 157, 15.6.2016, p. 28).</p></authorialNote> established a corporate sector purchase programme (CSPP). Alongside the third covered bond purchase programme, the asset-backed securities purchase programme and the secondary markets public sector asset purchase programme, the CSPP is part of the expanded asset purchase programme (APP) of the ECB. The APP aims to enhance the transmission of monetary policy, facilitate the provision of credit to the euro area economy, ease borrowing conditions for households and firms, and support the sustained convergence of inflation rates to levels below, but close to, 2% over the medium term, consistent with the ECB&apos;s primary objective of maintaining price stability.</p></recital><recital xml:id="rec_d253e92"><num>(3)</num><p>Taking into account the exceptional economic and financial circumstances associated with the spread of coronavirus disease 2019 (COVID-19), on 18 March 2020, the Governing Council decided to expand the range of eligible assets under the CSPP to non-financial commercial papers, making all commercial papers of sufficient credit quality eligible for purchase under CSPP.</p></recital><recital xml:id="rec_d253e101"><num>(4)</num><p>To react promptly to the current pandemic situation, this Decision should enter into force on the day following that of its publication in the <i>Official Journal of the European Union</i>.</p></recital><recital xml:id="rec_d253e110"><num>(5)</num><p>Therefore, Decision (EU) 2016/948 (ECB/2016/16) should be amended accordingly,</p></recital></recitals><formula name="enactingFormula"><p>HAS ADOPTED THIS DECISION:</p></formula></preamble><body><article xml:id="art_d253e119" leos:compliant="false"><num>Article 1</num><heading>Amendment</heading><paragraph><content><p>In Article 2 of Decision (EU) 2016/948 (ECB/2016/16), point 2 is replaced by the following:</p></content></paragraph><paragraph><content><p><mod><quotedStructure startQuote="" endQuote=""><paragraph><num>&apos;2.</num><subparagraph><content><p>If a marketable debt instrument has an initial maturity of 365/366 days or less, the minimum remaining maturity shall be 28 days at the time of its purchase by the relevant Eurosystem central bank.</p></content></subparagraph><subparagraph><content><p>If a marketable debt instrument has an initial maturity of 367 days or more, the minimum remaining maturity shall be 6 months and the maximum remaining maturity shall be 30 years and 364 days at the time of its purchase by the relevant Eurosystem central bank&apos;.</p></content></subparagraph></paragraph></quotedStructure></mod></p></content></paragraph></article><article xml:id="art_d253e139"><num>Article 2</num><heading>Entry into force</heading><paragraph><content><p>This Decision shall enter into force on the day following that of its publication in the <i>Official Journal of the European Union</i>.</p></content></paragraph></article></body><conclusions><p>Done at Frankfurt am Main, 24 March 2020.</p><block name="signatory"><signature><organization refersTo="">The President of the ECB</organization><role refersTo="">Christine LAGARDE</role></signature></block></conclusions></bill></akomaNtoso>