<?xml version="1.0" encoding="UTF-8"?><akomaNtoso xmlns="http://docs.oasis-open.org/legaldocml/ns/akn/3.0" xmlns:fmx="http://formex.publications.europa.eu/schema/formex-05.21-20110601.xd" xmlns:leos="urn:eu:europa:ec:leos" xmlns:xs="http://www.w3.org/2001/XMLSchema"><bill name=""><meta xmlns:fn="http://www.w3.org/2005/xpath-functions"><identification source="~COM"><FRBRWork><FRBRthis value=""/><FRBRuri value=""/><FRBRdate date="2999-01-01" name=""/><FRBRauthor href=""/><FRBRcountry value=""/></FRBRWork><FRBRExpression><FRBRthis value=""/><FRBRuri value=""/><FRBRdate date="2999-01-01" name=""/><FRBRauthor href=""/><FRBRlanguage language="eng"/></FRBRExpression><FRBRManifestation><FRBRthis value=""/><FRBRuri value=""/><FRBRdate date="2999-01-01" name=""/><FRBRauthor href=""/></FRBRManifestation></identification></meta><preface><longTitle><p><docStage/><docType>COMMISSION IMPLEMENTING DECISION (EU) 2020/167</docType>of 5 February 2020<docPurpose>on the harmonised standards for radio equipment drafted in support of Directive 2014/53/EU of the European Parliament and of the Council</docPurpose></p></longTitle></preface><preamble><formula name="actingEntity"><p>THE EUROPEAN COMMISSION,</p></formula><citations><citation><p>Having regard to the Treaty on the Functioning of the European Union,</p></citation><citation><p>Having regard to Regulation (EU) No 1025/2012 of the European Parliament and of the Council of 25 October 2012 on European standardisation, amending Council Directives 89/686/EEC and 93/15/EEC and Directives 94/9/EC, 94/25/EC, 95/16/EC, 97/23/EC, 98/34/EC, 2004/22/EC, 2007/23/EC, 2009/23/EC and 2009/105/EC of the European Parliament and of the Council and repealing Council Decision 87/95/EEC and Decision No 1673/2006/EC of the European Parliament and of the Council<authorialNote placement="bottom" marker="1"><p>OJ L 316, 14.11.2012, p. 12.</p></authorialNote>, and in particular Article 10(6) thereof,</p></citation></citations><recitals xml:id="recs_d195e68"><intro><p>Whereas:</p></intro><recital xml:id="rec_d195e71"><num>(1)</num><p>In accordance with Article 16 of Directive 2014/53/EU of the European Parliament and of the Council,<authorialNote placement="bottom" marker="2"><p>Directive 2014/53/EU of the European Parliament and of the Council of 16 April 2014 on the harmonisation of the laws of the Member States relating to the making available on the market of radio equipment and repealing Directive 1999/5/EC (OJ L 153, 22.5.2014, p. 62).</p></authorialNote> radio equipment which is in conformity with harmonised standards or parts thereof, the references of which have been published in the <i>Official Journal of the European Union</i>, is to be presumed to be in conformity with the essential requirements set out in Article 3 of that Directive, covered by those harmonised standards or parts thereof.</p></recital><recital xml:id="rec_d195e90"><num>(2)</num><p>By Commission Implementing Decision C(2015) 5376<authorialNote placement="bottom" marker="3"><p>Commission Implementing Decision C(2015) 5376 final of 4 August 2015 on a standardisation request to the European Committee for Electrotechnical Standardisation and to the European Telecommunications Standards Institute as regards radio equipment in support of Directive 2014/53/EU of the European Parliament and of the Council.</p></authorialNote>, the Commission made a request to the European Committee for Electrotechnical Standardisation and the European Telecommunications Standards Institute (ETSI) for the drafting and revision of harmonised standards for radio equipment in support of Directive 2014/53/EU.</p></recital><recital xml:id="rec_d195e103"><num>(3)</num><p>On the basis of the request set out in Implementing Decision C(2015) 5376, ETSI drafted harmonised standards EN 300 328 V2.2.2 for data transmission equipment operating in the 2,4 GHz band, EN 300 698 V2.3.1 for radio telephone transmitters and receivers for the maritime mobile service, EN 303 098 V2.2.1 for maritime low power personal locating devices, EN 303 520 V1.2.1 for Ultra Low Power (ULP) wireless medical capsule endoscopy devices and EN 300 674-2-2 V 2.2.1 for Transport and Traffic Telematics (TTT) systems.</p></recital><recital xml:id="rec_d195e109"><num>(4)</num><p>The Commission, together with ETSI, has assessed whether those harmonised standards comply with the request set out in Implementing Decision C(2015) 5376.</p></recital><recital xml:id="rec_d195e115"><num>(5)</num><p>Harmonised standards EN 300 328 V2.2.2, EN 303 098 V2.2.1 and EN 300 674-2-2 V 2.2.1 satisfy the essential requirements which they aim to cover and which are set out in Directive 2014/53/EU. It is therefore appropriate to publish the references of those standards in the <i>Official Journal of the European Union.</i></p></recital><recital xml:id="rec_d195e123"><num>(6)</num><p>Clause 8.2.3 of the harmonised standard EN 300 698 V2.3.1 allows manufacturers to deviate from the maximum radio-frequency power declared under Article 10(8) of Directive 2014/53/EU and demonstrated in the technical documentation drawn up in accordance with Article 21 of that Directive. The reference of that harmonised standard should therefore be published in the <i>Official Journal of the European Union</i> with restriction.</p></recital><recital xml:id="rec_d195e133"><num>(7)</num><p>The harmonised standard EN 303 520 V1.2.1 allows manufacturers to negotiate certain test methods with testing laboratories. Moreover, it allows manufacturers to test equipment at temperatures that may not correspond to the intended use. The level of allowed negotiation and interpretation in that harmonised standard can have an impact on the demonstration of the conformity of the radio equipment with the essential requirements set out in Article 3(2) of Directive 2014/53/EU. The reference of that harmonised standard should therefore be published in the <i>Official Journal of the European Union</i> with restriction.</p></recital><recital xml:id="rec_d195e142"><num>(8)</num><p>On the basis of Implementing Decision C(2015) 5376, ETSI replaced the following harmonised standards the references to which are published in the <i>Official Journal of the European Union</i><authorialNote placement="bottom" marker="4"><p>OJ C 326, 14.9.2018, p. 114.</p></authorialNote>: EN 300 328 V2.1.1 replaced by EN 300 328 V2.2.2; EN 303 098 V2.1.1 replaced by EN 303 098 V2.2.1; EN 303 520 V1.1.1 replaced by EN 303 520 V1.2.1; EN 300 698 V2.2.1 replaced by EN 300 698 V2.3.1; and EN 300 674-2-2 V2.1.1 replaced by EN 300 674-2-2 V2.2.1.</p></recital><recital xml:id="rec_d195e156"><num>(9)</num><p>Harmonised standard EN 302 065-3 V2.1.1 the reference to which is published in the <i>Official Journal of the European Union</i><authorialNote placement="bottom" marker="5"><p>OJ C 326, 14.9.2018, p. 114.</p></authorialNote> does not describe trigger-before-transmit mitigation techniques. Commission Implementing Decision (EU) 2019/785<authorialNote placement="bottom" marker="6"><p>Commission Implementing Decision (EU) 2019/785 of 14 May 2019 on the harmonisation of radio spectrum for equipment using ultra-wideband technology in the Union and repealing Decision 2007/131/EC (OJ L 127, 16.5.2019, p. 23).</p></authorialNote>, however, imposes, as of 16 November 2019, technical requirements to be used within the bands 3,8-4,2 GHz and 6-8,5 GHz for vehicular access systems using trigger-before-transmit. Implementing Decision (EU) 2019/785 provides that trigger-before-transmit mitigation techniques that provide an appropriate level of performance in order to comply with the essential requirements of Directive 2014/53/EU are to be used for vehicular access systems. As harmonised standard EN 302 065-3 V2.1.1 does not address trigger-before-transmit mitigation techniques, it is necessary to indicate that compliance with that harmonised standard does not ensure compliance with the requirements of Implementing Decision (EU) 2019/785 which relate to those techniques and accordingly does not confer a presumption of conformity with those essential requirements set out in Article 3(2) of Directive 2014/53/EU which relate to those techniques. The reference of that harmonised standard should therefore be published in the <i>Official Journal of the European Union</i> with restriction.</p></recital><recital xml:id="rec_d195e187"><num>(10)</num><p>Harmonised standard EN 302 752 V1.1.1, the reference to which is published in the <i>Official Journal of the European Union</i><authorialNote placement="bottom" marker="7"><p>OJ C 326, 14.9.2018, p. 114.</p></authorialNote> with restriction, was adopted by ETSI in 2009 under Directive 1999/5/EC of the European Parliament and of the Council<authorialNote placement="bottom" marker="8"><p>Directive 1999/5/EC of the European Parliament and of the Council of 9 March 1999 on radio equipment and telecommunications terminal equipment and the mutual recognition of their conformity (OJ L 91, 7.4.1999, p. 10).</p></authorialNote>. When bringing this harmonised standard in line with Directive 2014/53/EU, ETSI stopped the related work, considering that &apos;no stakeholder interest has been identified&apos;, that &apos;no consequences are foreseen if no harmonised standard is available for active radar target enhancers since no industry interest has been identified&apos; and that &apos;the harmonised standard can be considered obsolete and should be withdrawn&apos;.</p></recital><recital xml:id="rec_d195e224"><num>(11)</num><p>It is therefore necessary to withdraw the references of the replaced standards, the reference to harmonised standard EN 302 065-3 V2.1.1 which should be published with restriction and the reference to harmonised standard EN 302 752 V1.1.1 which is considered obsolete, from the <i>Official Journal of the European Union</i><authorialNote placement="bottom" marker="9"><p>OJ C 326, 14.9.2018, p. 114.</p></authorialNote>. In order to give manufacturers sufficient time to prepare for application of the replacing harmonised standards, it is necessary to defer the withdrawal of the references of the standards that are replaced. In order also to give manufacturers time to prepare for the withdrawal of the reference to harmonised standard EN 302 752 V1.1.1, it is necessary to defer the withdrawal of the reference to that standard.</p></recital><recital xml:id="rec_d195e238"><num>(12)</num><p>Compliance with a harmonised standard confers a presumption of conformity with the corresponding essential requirements set out in Union harmonisation legislation from the date of publication of the reference of such standard in the <i>Official Journal of the European Union</i>. This Decision should therefore enter into force on the day of its publication,</p></recital></recitals><formula name="enactingFormula"><p>HAS ADOPTED THIS DECISION:</p></formula></preamble><body><article xml:id="art_d195e251"><num>Article 1</num><heading/><paragraph><content><p>The references to harmonised standards for radio equipment drafted in support of Directive 2014/53/EUlisted in Annex I to this Decision, are hereby published in the <i>Official Journal of the European Union</i>.</p></content></paragraph><paragraph><content><p>The references to harmonised standards for radio equipment drafted in support of Directive 2014/53/EUlisted in Annex II to this Decision, are hereby published in the <i>Official Journal of the European Union</i> with restriction.</p></content></paragraph></article><article xml:id="art_d195e264"><num>Article 2</num><heading/><paragraph><content><p>The references to harmonised standards for radio equipment drafted in support of Directive 2014/53/EUlisted in Annex III to this Decision, are hereby withdrawn from the <i>Official Journal of the European Union</i> as from the dates set out in that Annex.</p></content></paragraph></article><article xml:id="art_d195e272"><num>Article 3</num><heading/><paragraph><content><p>This Decision shall enter into force on the day of its publication in the <i>Official Journal of the European Union</i>.</p></content></paragraph></article></body><conclusions><p>Done at Brussels, 5 February 2020.</p><block name="signatory"><signature><organization refersTo="">For the Commission</organization><role refersTo="">The President</role><person refersTo="">Ursula VON DER LEYEN</person></signature></block></conclusions></bill></akomaNtoso>