<?xml version="1.0" encoding="UTF-8"?>L0202020EN2510120190620EN0005251251<p xmlns="http://docs.oasis-open.org/legaldocml/ns/akn/3.0">Corrigendum to Regulation (EU) 2019/1155 of the European Parliament and of the Council of 20 June 2019 amending Regulation (EC) No 810/2009 establishing a Community Code on Visas (Visa Code)</p><p xmlns="http://docs.oasis-open.org/legaldocml/ns/akn/3.0">(Official Journal of the European Union L 188 of 12 July 2019)</p>On page 30, in point (3) of Article 1, the amendment to point (c) of Article 3(5)<p xmlns="http://docs.oasis-open.org/legaldocml/ns/akn/3.0"><!--default P | TXT -->for:</p><mod xmlns="http://docs.oasis-open.org/legaldocml/ns/akn/3.0"><quotedStructure startQuote="" endQuote=""><p><!--default P | TXT --><list><num>&apos;(c)</num><p>third-country nationals holding a valid visa for a Member State which does not take part in the adoption of this Regulation, or for a Member State which does not yet apply the provisions of the Schengen <i>acquis</i> in full, or for a country which is a party to the Agreement on the European Economic Area, or for Canada, Japan or the United States of America, …&apos;,</p></list></p></quotedStructure></mod><p xmlns="http://docs.oasis-open.org/legaldocml/ns/akn/3.0"><!--default P | TXT -->read:</p><mod xmlns="http://docs.oasis-open.org/legaldocml/ns/akn/3.0"><quotedStructure startQuote="" endQuote=""><p><!--default P | TXT --><list><num>&apos;(c)</num><p>third-country nationals holding a valid visa for a Member State which does not take part in the adoption of this Regulation, or for a Member State which does not yet apply the provisions of the Schengen <i>acquis</i> in full, or for Canada, Japan or the United States of America, …&apos;.</p></list></p></quotedStructure></mod>