<?xml version="1.0" encoding="UTF-8"?><akomaNtoso xmlns="http://docs.oasis-open.org/legaldocml/ns/akn/3.0" xmlns:fmx="http://formex.publications.europa.eu/schema/formex-05.21-20110601.xd" xmlns:leos="urn:eu:europa:ec:leos" xmlns:xs="http://www.w3.org/2001/XMLSchema"><bill name=""><meta xmlns:fn="http://www.w3.org/2005/xpath-functions"><identification source="~COM"><FRBRWork><FRBRthis value=""/><FRBRuri value=""/><FRBRdate date="2999-01-01" name=""/><FRBRauthor href=""/><FRBRcountry value=""/></FRBRWork><FRBRExpression><FRBRthis value=""/><FRBRuri value=""/><FRBRdate date="2999-01-01" name=""/><FRBRauthor href=""/><FRBRlanguage language="eng"/></FRBRExpression><FRBRManifestation><FRBRthis value=""/><FRBRuri value=""/><FRBRdate date="2999-01-01" name=""/><FRBRauthor href=""/></FRBRManifestation></identification></meta><preface><longTitle><p><docStage/><docType>COUNCIL IMPLEMENTING DECISION (EU) 2020/216</docType>of 17 February 2020<docPurpose>on the appointment of the Vice-Chair and two further full-time members of the Single Resolution Board</docPurpose></p></longTitle></preface><preamble><formula name="actingEntity"><p>THE COUNCIL OF THE EUROPEAN UNION,</p></formula><citations><citation><p>Having regard to the Treaty on the Functioning of the European Union,</p></citation><citation><p>Having regard to Regulation (EU) No 806/2014 of the European Parliament and of the Council of 15 July 2014 establishing uniform rules and a uniform procedure for the resolution of credit institutions and certain investment firms in the framework of a Single Resolution Mechanism and a Single Resolution Fund and amending Regulation (EU) No 1093/2010<authorialNote placement="bottom" marker="1"><p>OJ L 225, 30.7.2014, p. 1.</p></authorialNote>, and in particular Article 56(4) and (6) thereof,</p></citation><citation><p>Having regard to the proposal from the European Commission,</p></citation></citations><recitals xml:id="recs_d306e70"><intro><p>Whereas:</p></intro><recital xml:id="rec_d306e73"><num>(1)</num><p>On 13 November 2019, the Commission, after hearing the Single Resolution Board (the &apos;Board&apos;) in its plenary session, adopted shortlists of candidates for the appointment of the Vice-Chair and two further full-time members of the Board and provided those shortlists to the European Parliament.</p></recital><recital xml:id="rec_d306e86"><num>(2)</num><p>The Council was informed of those shortlists on 14 November 2019.</p></recital><recital xml:id="rec_d306e95"><num>(3)</num><p>Pursuant to Article 56(5) of Regulation (EU) No 806/2014, the term of office of the Vice-Chair and of the further full-time members of the Board is to be 5 years.</p></recital><recital xml:id="rec_d306e101"><num>(4)</num><p>On 14 January 2020, the Commission adopted a proposal for the appointment of Mr Jan Reinder DE CARPENTIER as the Vice-Chair of the Board and of Mr Jesús SAURINA and Mr Pedro MACHADO as further full-time members of the Board and submitted that proposal to the European Parliament for approval.</p></recital><recital xml:id="rec_d306e110"><num>(5)</num><p>The European Parliament approved that proposal on 30 January 2020.</p></recital><recital xml:id="rec_d306e119"><num>(6)</num><p>The proposed candidates fulfil all the requirements set out in Article 56(4) of Regulation (EU) No 806/2014,</p></recital></recitals><formula name="enactingFormula"><p>HAS ADOPTED THIS DECISION:</p></formula></preamble><body><article xml:id="art_d306e128"><num>Article 1</num><heading/><paragraph><subparagraph><content><p>The following persons are hereby appointed full-time members of the Board for a term of office of 5 years as from 1 March 2020:</p></content></subparagraph><list><indent><num>-</num><content><p>Mr Jan Reinder DE CARPENTIER, as Vice-Chair,</p></content></indent><indent><num>-</num><content><p>Mr Jesús SAURINA, as Director of Resolution Planning and Decisions,</p></content></indent><indent><num>-</num><content><p>Mr Pedro MACHADO, as Director of Resolution Planning and Decisions.</p></content></indent></list></paragraph></article><article xml:id="art_d306e148"><num>Article 2</num><heading/><paragraph><content><p>This Decision shall enter into force on the date of its publication in the <i>Official Journal of the European Union.</i></p></content></paragraph></article></body><conclusions><p>Done at Brussels, 17 February 2020.</p><block name="signatory"><signature><organization refersTo="">For the Council</organization><role refersTo="">The President</role><person refersTo="">J. BORRELL FONTELLES.</person></signature></block></conclusions></bill></akomaNtoso>